study_id,citation,year,journal,doi,site,country,n_individuals,date_early,date_late,tissue,analyte_class,analyte,element_or_taxon_detail,measure,value_mean,unit,method,diagenesis_controlled,access,value_note,exposure_offset_min_years,exposure_offset_max_years,exposure_year_early,exposure_year_late,exposure_midpoint,timeline_shift_years,offset_basis,offset_assumption
Rasmussen2013soil,"Rasmussen KL, Skytte L, Ramseyer N, Boldsen JL (2013)",2013,npj Heritage Science,10.1186/2050-7445-1-16,"Lindegaarden, Ribe",Denmark,7.0,1000.0,1100.0,cortical bone,heavy metal,Hg,Hg,background threshold,100.0,ng/g,CV-AAS,yes - this study IS the diagenesis control,full text retrieved,background level below ~100 ng/g; femoral bone,0.0,30.0,970.0,1100.0,1035.0,15.0,Remodelled composite of roughly the final 10-30 years of life; cortical turnover is slower than trabecular.,
Rasmussen2013soil,"Rasmussen KL, Skytte L, Ramseyer N, Boldsen JL (2013)",2013,npj Heritage Science,10.1186/2050-7445-1-16,"Ole Wormsgade, Horsens",Denmark,7.0,1250.0,1536.0,soil (control),heavy metal,Hg,Hg,range in grave soil,,ng/g,CV-AAS,yes - this study IS the diagenesis control,full text retrieved,"exposed individuals 300-2688 ng/g; peak 2688 +/- 120 in a liver-position soil sample. Authors conclude Hg stays in place rather than migrating, due to Hg-S affinity.",0.0,0.0,1250.0,1536.0,1393.0,0.0,"Burial-environment control, not a body tissue; no life window.",
MacKenzie2023,"MacKenzie L, Speller CF, Holst M, Keefe K, Radini A (2023)",2023,Quaternary International,10.1016/j.quaint.2021.09.020,"Cross Street Chapel Cemetery, Manchester",United Kingdom,36.0,1737.0,1847.0,dental calculus,particulate,plant tissue,"83% of 9,389 total particles",particle count,8255.0,particles,"light microscopy, 400x, 0.6% HCl decalcification",yes - two-phase decontamination protocol,full text retrieved (user-supplied PDF) - VERIFIED against Table 1,Table 1; 36 individuals selected from 241 recovered skeletons,0.0,20.0,1717.0,1847.0,1782.0,10.0,"Calculus accretes on the crown surface through life and is not remodelled, but is periodically lost to wear and hygiene, so it is weighted towards the years before death.",
MacKenzie2023,"MacKenzie L, Speller CF, Holst M, Keefe K, Radini A (2023)",2023,Quaternary International,10.1016/j.quaint.2021.09.020,"Cross Street Chapel Cemetery, Manchester",United Kingdom,36.0,1737.0,1847.0,dental calculus,particulate,fungal spores,"6% of 9,389 total particles",particle count,594.0,particles,"light microscopy, 400x, 0.6% HCl decalcification",yes - two-phase decontamination protocol,full text retrieved (user-supplied PDF) - VERIFIED against Table 1,Table 1; 36 individuals selected from 241 recovered skeletons,0.0,20.0,1717.0,1847.0,1782.0,10.0,"Calculus accretes on the crown surface through life and is not remodelled, but is periodically lost to wear and hygiene, so it is weighted towards the years before death.",
MacKenzie2023,"MacKenzie L, Speller CF, Holst M, Keefe K, Radini A (2023)",2023,Quaternary International,10.1016/j.quaint.2021.09.020,"Cross Street Chapel Cemetery, Manchester",United Kingdom,36.0,1737.0,1847.0,dental calculus,particulate,yeast spores,"4% of 9,389 total particles",particle count,382.0,particles,"light microscopy, 400x, 0.6% HCl decalcification",yes - two-phase decontamination protocol,full text retrieved (user-supplied PDF) - VERIFIED against Table 1,Table 1; 36 individuals selected from 241 recovered skeletons,0.0,20.0,1717.0,1847.0,1782.0,10.0,"Calculus accretes on the crown surface through life and is not remodelled, but is periodically lost to wear and hygiene, so it is weighted towards the years before death.",
MacKenzie2023,"MacKenzie L, Speller CF, Holst M, Keefe K, Radini A (2023)",2023,Quaternary International,10.1016/j.quaint.2021.09.020,"Cross Street Chapel Cemetery, Manchester",United Kingdom,36.0,1737.0,1847.0,dental calculus,particulate,wood particles,"1% of 9,389 total particles",particle count,103.0,particles,"light microscopy, 400x, 0.6% HCl decalcification",yes - two-phase decontamination protocol,full text retrieved (user-supplied PDF) - VERIFIED against Table 1,Table 1; 36 individuals selected from 241 recovered skeletons,0.0,20.0,1717.0,1847.0,1782.0,10.0,"Calculus accretes on the crown surface through life and is not remodelled, but is periodically lost to wear and hygiene, so it is weighted towards the years before death.",
MacKenzie2023,"MacKenzie L, Speller CF, Holst M, Keefe K, Radini A (2023)",2023,Quaternary International,10.1016/j.quaint.2021.09.020,"Cross Street Chapel Cemetery, Manchester",United Kingdom,36.0,1737.0,1847.0,dental calculus,particulate,starch granules,"0.5% of 9,389 total particles",particle count,55.0,particles,"light microscopy, 400x, 0.6% HCl decalcification",yes - two-phase decontamination protocol,full text retrieved (user-supplied PDF) - VERIFIED against Table 1,Table 1; 36 individuals selected from 241 recovered skeletons,0.0,20.0,1717.0,1847.0,1782.0,10.0,"Calculus accretes on the crown surface through life and is not remodelled, but is periodically lost to wear and hygiene, so it is weighted towards the years before death.",
MacKenzie2023,"MacKenzie L, Speller CF, Holst M, Keefe K, Radini A (2023)",2023,Quaternary International,10.1016/j.quaint.2021.09.020,"Cross Street Chapel Cemetery, Manchester",United Kingdom,36.0,1737.0,1847.0,dental calculus,particulate,cotton and wool fibres,"presence, not counted separately in Table 1",particle count,,particles,"light microscopy, 400x, 0.6% HCl decalcification",yes - two-phase decontamination protocol,full text retrieved (user-supplied PDF) - VERIFIED against Table 1,"first cotton fibres reported from Old World dental calculus; also maize and tapioca starch, indicating New World imports",0.0,20.0,1717.0,1847.0,1782.0,10.0,"Calculus accretes on the crown surface through life and is not remodelled, but is periodically lost to wear and hygiene, so it is weighted towards the years before death.",
GonzalezRabanal2025,Gonzalez-Rabanal B et al. (2025),2025,Frontiers in Ecology and Evolution,10.3389/fevo.2025.1644052,"10 burial caves, Asturias / Cantabria / Burgos",Spain,18.0,-3700.0,-1500.0,dental calculus,particulate,Triticeae starch,57% of 194 total grains,starch granule count,110.0,granules,"0.05 M HCl demineralisation, polarised light microscopy 100-630x","partial - reference collections used, contamination protocol not detailed here",full text retrieved,18 of 21 individuals with calculus yielded starch; 39 individuals identified overall. Late Neolithic to Middle Bronze Age.,0.0,20.0,-3720.0,-1500.0,-2610.0,10.0,"Calculus accretes on the crown surface through life and is not remodelled, but is periodically lost to wear and hygiene, so it is weighted towards the years before death.",
GonzalezRabanal2025,Gonzalez-Rabanal B et al. (2025),2025,Frontiers in Ecology and Evolution,10.3389/fevo.2025.1644052,"10 burial caves, Asturias / Cantabria / Burgos",Spain,18.0,-3700.0,-1500.0,dental calculus,particulate,Paniceae starch,20% of 194 total grains,starch granule count,38.0,granules,"0.05 M HCl demineralisation, polarised light microscopy 100-630x","partial - reference collections used, contamination protocol not detailed here",full text retrieved,18 of 21 individuals with calculus yielded starch; 39 individuals identified overall. Late Neolithic to Middle Bronze Age.,0.0,20.0,-3720.0,-1500.0,-2610.0,10.0,"Calculus accretes on the crown surface through life and is not remodelled, but is periodically lost to wear and hygiene, so it is weighted towards the years before death.",
GonzalezRabanal2025,Gonzalez-Rabanal B et al. (2025),2025,Frontiers in Ecology and Evolution,10.3389/fevo.2025.1644052,"10 burial caves, Asturias / Cantabria / Burgos",Spain,18.0,-3700.0,-1500.0,dental calculus,particulate,Fabeae starch,2% of 194 total grains,starch granule count,4.0,granules,"0.05 M HCl demineralisation, polarised light microscopy 100-630x","partial - reference collections used, contamination protocol not detailed here",full text retrieved,18 of 21 individuals with calculus yielded starch; 39 individuals identified overall. Late Neolithic to Middle Bronze Age.,0.0,20.0,-3720.0,-1500.0,-2610.0,10.0,"Calculus accretes on the crown surface through life and is not remodelled, but is periodically lost to wear and hygiene, so it is weighted towards the years before death.",
GonzalezRabanal2025,Gonzalez-Rabanal B et al. (2025),2025,Frontiers in Ecology and Evolution,10.3389/fevo.2025.1644052,"10 burial caves, Asturias / Cantabria / Burgos",Spain,18.0,-3700.0,-1500.0,dental calculus,particulate,undetermined starch,22% of 194 total grains,starch granule count,42.0,granules,"0.05 M HCl demineralisation, polarised light microscopy 100-630x","partial - reference collections used, contamination protocol not detailed here",full text retrieved,18 of 21 individuals with calculus yielded starch; 39 individuals identified overall. Late Neolithic to Middle Bronze Age.,0.0,20.0,-3720.0,-1500.0,-2610.0,10.0,"Calculus accretes on the crown surface through life and is not remodelled, but is periodically lost to wear and hygiene, so it is weighted towards the years before death.",
Cristiani2018,"Cristiani E, Radini A, Boric D, Robson HK, Caricola I, Carra M, Mutri G, Oxilia G, Zupancich A, Slaus M, Vujevic D (2018)",2018,Scientific Reports,10.1038/s41598-018-26045-9,"Vlakno Cave, Dugi Otok",Croatia,1.0,-7100.0,-7000.0,dental calculus,particulate,starch granules,more than 30; Triticeae and Poeae grass tribes,microremain count,30.0,items,"0.06 N HCl, polarised microscopy 100-630x",partial - ultrapure water wash,full text retrieved,"single adult male aged 30-40, Mesolithic Stratum 2; bast fibres (likely nettle) and Anatidae feather barbules also present but uncounted",0.0,20.0,-7120.0,-7000.0,-7060.0,10.0,"Calculus accretes on the crown surface through life and is not remodelled, but is periodically lost to wear and hygiene, so it is weighted towards the years before death.",
Cristiani2018,"Cristiani E, Radini A, Boric D, Robson HK, Caricola I, Carra M, Mutri G, Oxilia G, Zupancich A, Slaus M, Vujevic D (2018)",2018,Scientific Reports,10.1038/s41598-018-26045-9,"Vlakno Cave, Dugi Otok",Croatia,1.0,-7100.0,-7000.0,dental calculus,particulate,fish scales,fragments,microremain count,3.0,items,"0.06 N HCl, polarised microscopy 100-630x",partial - ultrapure water wash,full text retrieved,"single adult male aged 30-40, Mesolithic Stratum 2; bast fibres (likely nettle) and Anatidae feather barbules also present but uncounted",0.0,20.0,-7120.0,-7000.0,-7060.0,10.0,"Calculus accretes on the crown surface through life and is not remodelled, but is periodically lost to wear and hygiene, so it is weighted towards the years before death.",
Cristiani2018,"Cristiani E, Radini A, Boric D, Robson HK, Caricola I, Carra M, Mutri G, Oxilia G, Zupancich A, Slaus M, Vujevic D (2018)",2018,Scientific Reports,10.1038/s41598-018-26045-9,"Vlakno Cave, Dugi Otok",Croatia,1.0,-7100.0,-7000.0,dental calculus,particulate,fish flesh,two or more fragments,microremain count,2.0,items,"0.06 N HCl, polarised microscopy 100-630x",partial - ultrapure water wash,full text retrieved,"single adult male aged 30-40, Mesolithic Stratum 2; bast fibres (likely nettle) and Anatidae feather barbules also present but uncounted",0.0,20.0,-7120.0,-7000.0,-7060.0,10.0,"Calculus accretes on the crown surface through life and is not remodelled, but is periodically lost to wear and hygiene, so it is weighted towards the years before death.",
Cristiani2018,"Cristiani E, Radini A, Boric D, Robson HK, Caricola I, Carra M, Mutri G, Oxilia G, Zupancich A, Slaus M, Vujevic D (2018)",2018,Scientific Reports,10.1038/s41598-018-26045-9,"Vlakno Cave, Dugi Otok",Croatia,1.0,-7100.0,-7000.0,dental calculus,particulate,wood fibres,conifer,microremain count,2.0,items,"0.06 N HCl, polarised microscopy 100-630x",partial - ultrapure water wash,full text retrieved,"single adult male aged 30-40, Mesolithic Stratum 2; bast fibres (likely nettle) and Anatidae feather barbules also present but uncounted",0.0,20.0,-7120.0,-7000.0,-7060.0,10.0,"Calculus accretes on the crown surface through life and is not remodelled, but is periodically lost to wear and hygiene, so it is weighted towards the years before death.",
Cristiani2018,"Cristiani E, Radini A, Boric D, Robson HK, Caricola I, Carra M, Mutri G, Oxilia G, Zupancich A, Slaus M, Vujevic D (2018)",2018,Scientific Reports,10.1038/s41598-018-26045-9,"Vlakno Cave, Dugi Otok",Croatia,1.0,-7100.0,-7000.0,dental calculus,particulate,pollen,conifer grains,microremain count,2.0,items,"0.06 N HCl, polarised microscopy 100-630x",partial - ultrapure water wash,full text retrieved,"single adult male aged 30-40, Mesolithic Stratum 2; bast fibres (likely nettle) and Anatidae feather barbules also present but uncounted",0.0,20.0,-7120.0,-7000.0,-7060.0,10.0,"Calculus accretes on the crown surface through life and is not remodelled, but is periodically lost to wear and hygiene, so it is weighted towards the years before death.",
Cristiani2018,"Cristiani E, Radini A, Boric D, Robson HK, Caricola I, Carra M, Mutri G, Oxilia G, Zupancich A, Slaus M, Vujevic D (2018)",2018,Scientific Reports,10.1038/s41598-018-26045-9,"Vlakno Cave, Dugi Otok",Croatia,1.0,-7100.0,-7000.0,dental calculus,particulate,diatoms,Cocconeis placentula,microremain count,2.0,items,"0.06 N HCl, polarised microscopy 100-630x",partial - ultrapure water wash,full text retrieved,"single adult male aged 30-40, Mesolithic Stratum 2; bast fibres (likely nettle) and Anatidae feather barbules also present but uncounted",0.0,20.0,-7120.0,-7000.0,-7060.0,10.0,"Calculus accretes on the crown surface through life and is not remodelled, but is periodically lost to wear and hygiene, so it is weighted towards the years before death.",
CiorpacPetraru2026,"Ciorpac-Petraru OM, Danu M, Drob A, Donciu PI, Stanica AD, Bejenaru L (2026)",2026,Quaternary,10.3390/quat9020025,"St. Athanasius Church necropolis, Niculitel",Romania,1.0,1400.0,1900.0,dental calculus,particulate,textile fibres,individual M24/S4,fibre count,65.0,fibres,"optical microscopy 650x and SEM, 0.6% HCl decalcification","partial - sterile scalers, SEM verification",full text retrieved,"cotton, hemp, flax and wool; predominantly blue-coloured fibres, plus pink and brown. Interpreted as fibre manipulation with the teeth.",0.0,20.0,1380.0,1900.0,1640.0,10.0,"Calculus accretes on the crown surface through life and is not remodelled, but is periodically lost to wear and hygiene, so it is weighted towards the years before death.",
CiorpacPetraru2026,"Ciorpac-Petraru OM, Danu M, Drob A, Donciu PI, Stanica AD, Bejenaru L (2026)",2026,Quaternary,10.3390/quat9020025,"St. Athanasius Church necropolis, Niculitel",Romania,1.0,1400.0,1900.0,dental calculus,particulate,textile fibres,individual M85/S1,fibre count,69.0,fibres,"optical microscopy 650x and SEM, 0.6% HCl decalcification","partial - sterile scalers, SEM verification",full text retrieved,"cotton, hemp, flax and wool; same colour range. 15th-19th century necropolis.",0.0,20.0,1380.0,1900.0,1640.0,10.0,"Calculus accretes on the crown surface through life and is not remodelled, but is periodically lost to wear and hygiene, so it is weighted towards the years before death.",
Warinner2014,Warinner C et al. (2014),2014,Scientific Reports,10.1038/srep07104,"Northern Europe (Britain, Denmark, Norway)",multiple,40.0,-3000.0,1900.0,dental calculus,dietary protein,beta-lactoglobulin (BLG),part of the 19/74 Eurasian positives,individuals positive,,individuals,"shotgun proteomics, tandem MS",yes - deamidation and contamination controls reported,full text retrieved,"98 calculus samples total. Eurasian positivity 19/74 (25.7%). Species assignments across all positives: 4 cattle, 3 sheep, 2 goat, 3 mixed ruminant.",0.0,20.0,-3020.0,1900.0,-560.0,10.0,"Calculus accretes on the crown surface through life and is not remodelled, but is periodically lost to wear and hygiene, so it is weighted towards the years before death.",
Warinner2014,Warinner C et al. (2014),2014,Scientific Reports,10.1038/srep07104,"Central Europe (Germany, Hungary, Italy)",multiple,38.0,-3000.0,1900.0,dental calculus,dietary protein,beta-lactoglobulin (BLG),part of the 19/74 Eurasian positives,individuals positive,,individuals,"shotgun proteomics, tandem MS",yes - deamidation and contamination controls reported,full text retrieved,"see Northern Europe row; the paper reports Eurasian positives in aggregate, not per region.",0.0,20.0,-3020.0,1900.0,-560.0,10.0,"Calculus accretes on the crown surface through life and is not remodelled, but is periodically lost to wear and hygiene, so it is weighted towards the years before death.",
Warinner2014,Warinner C et al. (2014),2014,Scientific Reports,10.1038/srep07104,"Tjodhildes Church, Norse Greenland",Greenland,2.0,985.0,1250.0,dental calculus,dietary protein,beta-lactoglobulin (BLG),2 of 2 positive,individuals positive,2.0,individuals,"shotgun proteomics, tandem MS",yes - deamidation and contamination controls reported,full text retrieved,outside Europe but directly comparable Norse population.,0.0,20.0,965.0,1250.0,1108.0,10.0,"Calculus accretes on the crown surface through life and is not remodelled, but is periodically lost to wear and hygiene, so it is weighted towards the years before death.",
Warinner2014,Warinner C et al. (2014),2014,Scientific Reports,10.1038/srep07104,"Sandnes, Norse Greenland",Greenland,4.0,985.0,1430.0,dental calculus,dietary protein,beta-lactoglobulin (BLG),1 of 4 positive,individuals positive,1.0,individuals,"shotgun proteomics, tandem MS",yes - deamidation and contamination controls reported,full text retrieved,occupation to ca. 1430 CE.,0.0,20.0,965.0,1430.0,1198.0,10.0,"Calculus accretes on the crown surface through life and is not remodelled, but is periodically lost to wear and hygiene, so it is weighted towards the years before death.",
Montgomery2010,"Montgomery J, Evans JA, Chenery SR, Pashley V, Killgrove K (2010)",2010,Journal of Roman Archaeology Suppl. 78,"(JRA Suppl. 78, pp. 199-226; Durham DRO copy)","Britain, multiple",United Kingdom,31.0,-4000.0,-2500.0,enamel,heavy metal,Pb,Neolithic; range 0.03-0.68 mg/kg,median concentration,0.1,mg/kg,TIMS / solution ICP-MS on cleaned enamel; isotopes by TIMS,yes - enamel chosen specifically to resist diagenesis; surfaces abraded,full text retrieved (user-supplied PDF),"Table 11.4, p.210. Enamel records CHILDHOOD exposure only. Rome sample is from two cemeteries thought to hold lower-status individuals, so may not represent all of Imperial society.",25.0,40.0,-4040.0,-2525.0,-3282.0,32.0,"Enamel forms in childhood and never remodels; the measurement dates to crown formation, not to death.","Population-level. Permanent crown formation 0-7 yr (London Atlas); adult-dominated samples assumed to die c.30-45, giving a 25-40 yr offset."
Montgomery2010,"Montgomery J, Evans JA, Chenery SR, Pashley V, Killgrove K (2010)",2010,Journal of Roman Archaeology Suppl. 78,"(JRA Suppl. 78, pp. 199-226; Durham DRO copy)","Britain, multiple",United Kingdom,13.0,-2500.0,-800.0,enamel,heavy metal,Pb,Bronze Age; range 0.003-0.13 mg/kg,median concentration,0.06,mg/kg,TIMS / solution ICP-MS on cleaned enamel; isotopes by TIMS,yes - enamel chosen specifically to resist diagenesis; surfaces abraded,full text retrieved (user-supplied PDF),"Table 11.4, p.210. Enamel records CHILDHOOD exposure only. Rome sample is from two cemeteries thought to hold lower-status individuals, so may not represent all of Imperial society.",25.0,40.0,-2540.0,-825.0,-1682.0,32.0,"Enamel forms in childhood and never remodels; the measurement dates to crown formation, not to death.","Population-level. Permanent crown formation 0-7 yr (London Atlas); adult-dominated samples assumed to die c.30-45, giving a 25-40 yr offset."
Montgomery2010,"Montgomery J, Evans JA, Chenery SR, Pashley V, Killgrove K (2010)",2010,Journal of Roman Archaeology Suppl. 78,"(JRA Suppl. 78, pp. 199-226; Durham DRO copy)","Britain, multiple",United Kingdom,10.0,-800.0,43.0,enamel,heavy metal,Pb,Iron Age; range 0.04-0.15 mg/kg,median concentration,0.06,mg/kg,TIMS / solution ICP-MS on cleaned enamel; isotopes by TIMS,yes - enamel chosen specifically to resist diagenesis; surfaces abraded,full text retrieved (user-supplied PDF),"Table 11.4, p.210. Enamel records CHILDHOOD exposure only. Rome sample is from two cemeteries thought to hold lower-status individuals, so may not represent all of Imperial society.",25.0,40.0,-840.0,18.0,-411.0,32.0,"Enamel forms in childhood and never remodels; the measurement dates to crown formation, not to death.","Population-level. Permanent crown formation 0-7 yr (London Atlas); adult-dominated samples assumed to die c.30-45, giving a 25-40 yr offset."
Montgomery2010,"Montgomery J, Evans JA, Chenery SR, Pashley V, Killgrove K (2010)",2010,Journal of Roman Archaeology Suppl. 78,"(JRA Suppl. 78, pp. 199-226; Durham DRO copy)","Britain, multiple (pooled)",United Kingdom,54.0,-4000.0,43.0,enamel,heavy metal,Pb,All Prehistoric; range 0.003-0.68 mg/kg,median concentration,0.07,mg/kg,TIMS / solution ICP-MS on cleaned enamel; isotopes by TIMS,yes - enamel chosen specifically to resist diagenesis; surfaces abraded,full text retrieved (user-supplied PDF),"Table 11.4, p.210. Enamel records CHILDHOOD exposure only. Rome sample is from two cemeteries thought to hold lower-status individuals, so may not represent all of Imperial society.",25.0,40.0,-4040.0,18.0,-2011.0,32.0,"Enamel forms in childhood and never remodels; the measurement dates to crown formation, not to death.","Population-level. Permanent crown formation 0-7 yr (London Atlas); adult-dominated samples assumed to die c.30-45, giving a 25-40 yr offset."
Montgomery2010,"Montgomery J, Evans JA, Chenery SR, Pashley V, Killgrove K (2010)",2010,Journal of Roman Archaeology Suppl. 78,"(JRA Suppl. 78, pp. 199-226; Durham DRO copy)",Scotland and Ireland,United Kingdom,10.0,-800.0,400.0,enamel,heavy metal,Pb,Scottish/Irish Iron Age; range 0.10-0.65 mg/kg,median concentration,0.49,mg/kg,TIMS / solution ICP-MS on cleaned enamel; isotopes by TIMS,yes - enamel chosen specifically to resist diagenesis; surfaces abraded,full text retrieved (user-supplied PDF),"Table 11.4, p.210. Enamel records CHILDHOOD exposure only. Rome sample is from two cemeteries thought to hold lower-status individuals, so may not represent all of Imperial society.",25.0,40.0,-840.0,375.0,-232.0,32.0,"Enamel forms in childhood and never remodels; the measurement dates to crown formation, not to death.","Population-level. Permanent crown formation 0-7 yr (London Atlas); adult-dominated samples assumed to die c.30-45, giving a 25-40 yr offset."
Montgomery2010,"Montgomery J, Evans JA, Chenery SR, Pashley V, Killgrove K (2010)",2010,Journal of Roman Archaeology Suppl. 78,"(JRA Suppl. 78, pp. 199-226; Durham DRO copy)","Roman Britain, multiple",United Kingdom,25.0,43.0,400.0,enamel,heavy metal,Pb,1st-4th c. AD; range 0.24-30.1 mg/kg,median concentration,1.21,mg/kg,TIMS / solution ICP-MS on cleaned enamel; isotopes by TIMS,yes - enamel chosen specifically to resist diagenesis; surfaces abraded,full text retrieved (user-supplied PDF),"Table 11.4, p.210. Enamel records CHILDHOOD exposure only. Rome sample is from two cemeteries thought to hold lower-status individuals, so may not represent all of Imperial society.",25.0,40.0,3.0,375.0,189.0,32.0,"Enamel forms in childhood and never remodels; the measurement dates to crown formation, not to death.","Population-level. Permanent crown formation 0-7 yr (London Atlas); adult-dominated samples assumed to die c.30-45, giving a 25-40 yr offset."
Montgomery2010,"Montgomery J, Evans JA, Chenery SR, Pashley V, Killgrove K (2010)",2010,Journal of Roman Archaeology Suppl. 78,"(JRA Suppl. 78, pp. 199-226; Durham DRO copy)","Casal Bertone and Castellaccio Europarco, Rome",Italy,17.0,1.0,300.0,enamel,heavy metal,Pb,1st-3rd c. AD Rome; range 0.24-21.9 mg/kg,median concentration,3.61,mg/kg,TIMS / solution ICP-MS on cleaned enamel; isotopes by TIMS,yes - enamel chosen specifically to resist diagenesis; surfaces abraded,full text retrieved (user-supplied PDF),"Table 11.4, p.210. Enamel records CHILDHOOD exposure only. Rome sample is from two cemeteries thought to hold lower-status individuals, so may not represent all of Imperial society.",25.0,40.0,-39.0,275.0,118.0,32.0,"Enamel forms in childhood and never remodels; the measurement dates to crown formation, not to death.","Population-level. Permanent crown formation 0-7 yr (London Atlas); adult-dominated samples assumed to die c.30-45, giving a 25-40 yr offset."
Montgomery2010,"Montgomery J, Evans JA, Chenery SR, Pashley V, Killgrove K (2010)",2010,Journal of Roman Archaeology Suppl. 78,"(JRA Suppl. 78, pp. 199-226; Durham DRO copy)","Britain, multiple",United Kingdom,50.0,400.0,700.0,enamel,heavy metal,Pb,5th-7th c. AD; range 0.13-8.16 mg/kg,median concentration,0.39,mg/kg,TIMS / solution ICP-MS on cleaned enamel; isotopes by TIMS,yes - enamel chosen specifically to resist diagenesis; surfaces abraded,full text retrieved (user-supplied PDF),"Table 11.4, p.210. Enamel records CHILDHOOD exposure only. Rome sample is from two cemeteries thought to hold lower-status individuals, so may not represent all of Imperial society.",25.0,40.0,360.0,675.0,518.0,32.0,"Enamel forms in childhood and never remodels; the measurement dates to crown formation, not to death.","Population-level. Permanent crown formation 0-7 yr (London Atlas); adult-dominated samples assumed to die c.30-45, giving a 25-40 yr offset."
Montgomery2010,"Montgomery J, Evans JA, Chenery SR, Pashley V, Killgrove K (2010)",2010,Journal of Roman Archaeology Suppl. 78,"(JRA Suppl. 78, pp. 199-226; Durham DRO copy)","Britain, multiple",United Kingdom,26.0,700.0,1100.0,enamel,heavy metal,Pb,8th-11th c. AD; range 0.03-31.6 mg/kg,median concentration,1.93,mg/kg,TIMS / solution ICP-MS on cleaned enamel; isotopes by TIMS,yes - enamel chosen specifically to resist diagenesis; surfaces abraded,full text retrieved (user-supplied PDF),"Table 11.4, p.210. Enamel records CHILDHOOD exposure only. Rome sample is from two cemeteries thought to hold lower-status individuals, so may not represent all of Imperial society.",25.0,40.0,660.0,1075.0,868.0,32.0,"Enamel forms in childhood and never remodels; the measurement dates to crown formation, not to death.","Population-level. Permanent crown formation 0-7 yr (London Atlas); adult-dominated samples assumed to die c.30-45, giving a 25-40 yr offset."
Montgomery2010,"Montgomery J, Evans JA, Chenery SR, Pashley V, Killgrove K (2010)",2010,Journal of Roman Archaeology Suppl. 78,"(JRA Suppl. 78, pp. 199-226; Durham DRO copy)","Britain, multiple",United Kingdom,26.0,1200.0,1500.0,enamel,heavy metal,Pb,Late Mediaeval; range 0.02-14.5 mg/kg,median concentration,4.69,mg/kg,TIMS / solution ICP-MS on cleaned enamel; isotopes by TIMS,yes - enamel chosen specifically to resist diagenesis; surfaces abraded,full text retrieved (user-supplied PDF),"Table 11.4, p.210. Enamel records CHILDHOOD exposure only. Rome sample is from two cemeteries thought to hold lower-status individuals, so may not represent all of Imperial society.",25.0,40.0,1160.0,1475.0,1318.0,32.0,"Enamel forms in childhood and never remodels; the measurement dates to crown formation, not to death.","Population-level. Permanent crown formation 0-7 yr (London Atlas); adult-dominated samples assumed to die c.30-45, giving a 25-40 yr offset."
Montgomery2010,"Montgomery J, Evans JA, Chenery SR, Pashley V, Killgrove K (2010)",2010,Journal of Roman Archaeology Suppl. 78,"(JRA Suppl. 78, pp. 199-226; Durham DRO copy)","Gristhorpe, Yorkshire",United Kingdom,1.0,-2200.0,-1500.0,enamel,heavy metal,Pb,least-polluted individual in the study,median concentration,0.003,mg/kg,TIMS / solution ICP-MS on cleaned enamel; isotopes by TIMS,yes - enamel chosen specifically to resist diagenesis; surfaces abraded,full text retrieved (user-supplied PDF),"Early Bronze Age; 3 ug/kg. Cited as 10,000x lower than the most exposed Roman individuals (up to 30 mg/kg). Table 11.3.",25.0,40.0,-2240.0,-1525.0,-1882.0,32.0,"Enamel forms in childhood and never remodels; the measurement dates to crown formation, not to death.","Population-level. Permanent crown formation 0-7 yr (London Atlas); adult-dominated samples assumed to die c.30-45, giving a 25-40 yr offset."
Erel2021,"Erel Y, Pinhasi R, Coppa A, Ticher A, Tirosh O, Carmel L (2021)",2021,Environmental Science & Technology,10.1021/acs.est.1c00614,Vicinity of Rome and Sardinia,Italy,132.0,-12000.0,1650.0,cortical bone,heavy metal,Pb,"all samples; median 23, max 5379, min 0.11",mean concentration,94.0,ppm,ICP-MS on dissolved petrous bone; Ba/Ca used as the diagenesis filter,partial - this row is the UNFILTERED set,full text retrieved (user-supplied PDF),"Table 1. RSD 507% - enormous spread, which is why the filtered row below exists.",0.0,30.0,-12030.0,1650.0,-5190.0,15.0,Remodelled bone; roughly the final 10-30 years of life.,"Petrous bone; treated as cortical. Note petrous is unusually dense and remodels slowly, so the true window may be longer than the 0-30 yr used here."
Erel2021,"Erel Y, Pinhasi R, Coppa A, Ticher A, Tirosh O, Carmel L (2021)",2021,Environmental Science & Technology,10.1021/acs.est.1c00614,Vicinity of Rome and Sardinia,Italy,39.0,-12000.0,1650.0,cortical bone,heavy metal,Pb,Ba/Ca < 5e-5 filtered; median 24,mean concentration,173.0,ppm,ICP-MS on dissolved petrous bone; Ba/Ca used as the diagenesis filter,yes - Ba/Ca threshold 5e-5 mol/mol removes diagenetically altered samples,full text retrieved (user-supplied PDF),"Table 1. USE THIS ROW, not the unfiltered one. Threshold independently corroborated at 4e-5 from the lowest 10% of Ba/Ca values.",0.0,30.0,-12030.0,1650.0,-5190.0,15.0,Remodelled bone; roughly the final 10-30 years of life.,"Petrous bone; treated as cortical. Note petrous is unusually dense and remodels slowly, so the true window may be longer than the 0-30 yr used here."
Erel2021,"Erel Y, Pinhasi R, Coppa A, Ticher A, Tirosh O, Carmel L (2021)",2021,Environmental Science & Technology,10.1021/acs.est.1c00614,Vicinity of Rome and Sardinia,Italy,132.0,-12000.0,1650.0,cortical bone,heavy metal,Zn,median 90; homeostatic control,mean concentration,103.0,ppm,ICP-MS on dissolved petrous bone; Ba/Ca used as the diagenesis filter,n/a - used as a control,full text retrieved (user-supplied PDF),"Within the modern human range and shows NO temporal trend, which is the evidence that the Pb trend is real rather than an artefact of preservation.",0.0,30.0,-12030.0,1650.0,-5190.0,15.0,Remodelled bone; roughly the final 10-30 years of life.,"Petrous bone; treated as cortical. Note petrous is unusually dense and remodels slowly, so the true window may be longer than the 0-30 yr used here."
Erel2021,"Erel Y, Pinhasi R, Coppa A, Ticher A, Tirosh O, Carmel L (2021)",2021,Environmental Science & Technology,10.1021/acs.est.1c00614,Vicinity of Rome and Sardinia,Italy,132.0,-12000.0,1650.0,cortical bone,heavy metal,Ba,median 75; filtered subset mean 36,mean concentration,144.0,ppm,ICP-MS on dissolved petrous bone; Ba/Ca used as the diagenesis filter,n/a - Ba is the diagenesis indicator itself,full text retrieved (user-supplied PDF),Table 1.,0.0,30.0,-12030.0,1650.0,-5190.0,15.0,Remodelled bone; roughly the final 10-30 years of life.,"Petrous bone; treated as cortical. Note petrous is unusually dense and remodels slowly, so the true window may be longer than the 0-30 yr used here."
Erel2021,"Erel Y, Pinhasi R, Coppa A, Ticher A, Tirosh O, Carmel L (2021)",2021,Environmental Science & Technology,10.1021/acs.est.1c00614,Vicinity of Rome and Sardinia,Italy,132.0,-12000.0,1650.0,cortical bone,heavy metal,Sr,median 396; filtered subset mean 353,mean concentration,427.0,ppm,ICP-MS on dissolved petrous bone; Ba/Ca used as the diagenesis filter,partial,full text retrieved (user-supplied PDF),Table 1.,0.0,30.0,-12030.0,1650.0,-5190.0,15.0,Remodelled bone; roughly the final 10-30 years of life.,"Petrous bone; treated as cortical. Note petrous is unusually dense and remodels slowly, so the true window may be longer than the 0-30 yr used here."
Erel2021,"Erel Y, Pinhasi R, Coppa A, Ticher A, Tirosh O, Carmel L (2021)",2021,Environmental Science & Technology,10.1021/acs.est.1c00614,Vicinity of Rome and Sardinia,Italy,39.0,-12000.0,1650.0,cortical bone,heavy metal,Pb/Ca trend,cupellation onset to Roman peak,fold change,4000.0,fold,ICP-MS on dissolved petrous bone; Ba/Ca used as the diagenesis filter,yes - Ba/Ca filtered,full text retrieved (user-supplied PDF),"THE KEY CURVE FOR YOUR TIMELINE. Pb/Ca rises c.5000 yr ago at the discovery of cupellation, stays flat to the Bronze Age, climbs slowly to the Iron Age, then steeply to a clear peak in the Roman period, falls during the imperial decline, and rises again in the late medieval period. Approximately 4000-fold overall. Continuous coverage from c.12000 BCE to the 17th century CE in one population.",0.0,30.0,-12030.0,1650.0,-5190.0,15.0,Remodelled bone; roughly the final 10-30 years of life.,"Petrous bone; treated as cortical. Note petrous is unusually dense and remodels slowly, so the true window may be longer than the 0-30 yr used here."
Moore2021,"Moore J, Filipek K, Kalenderian V, Gowland R, Hamilton E, Evans J, Montgomery J (2021)",2021,International Journal of Osteoarchaeology,10.1002/oa.3001,"Five Roman Empire sites (Alba Iulia, Barcelona, Beirut, Lisieux, Tarragona)",multiple,107.0,1.0,400.0,enamel,heavy metal,Pb,"non-adults (<18 yr); IQR approx 5-15.5, max approx 31",median concentration,7.0,ppm,Agilent 7500cx ICP-MS on abraded core enamel chips,"yes - surface abraded with tungsten carbide bur, adhering dentine removed, tools ultra-sonicated between samples",full text retrieved (user-supplied PDF),"APPROXIMATE - read from the Figure 4 box plot, not a numeric table. Exact values are in the paper supplement.",0.0,10.0,-9.0,400.0,196.0,4.0,"Enamel forms in childhood and never remodels; the measurement dates to crown formation, not to death.","Non-adults who died in childhood: enamel formed only a few years before death, so the offset is small (0-10 yr)."
Moore2021,"Moore J, Filipek K, Kalenderian V, Gowland R, Hamilton E, Evans J, Montgomery J (2021)",2021,International Journal of Osteoarchaeology,10.1002/oa.3001,"Five Roman Empire sites (Alba Iulia, Barcelona, Beirut, Lisieux, Tarragona)",multiple,66.0,1.0,400.0,enamel,heavy metal,Pb,"adults; IQR approx 1-8, max approx 18.5",median concentration,2.0,ppm,Agilent 7500cx ICP-MS on abraded core enamel chips,"yes - surface abraded with tungsten carbide bur, adhering dentine removed, tools ultra-sonicated between samples",full text retrieved (user-supplied PDF),APPROXIMATE - read from the Figure 4 box plot. Key finding: a NEGATIVE correlation between age-at-death and enamel Pb. The children who died youngest carried the most lead.,25.0,40.0,-39.0,375.0,168.0,32.0,"Enamel forms in childhood and never remodels; the measurement dates to crown formation, not to death.","Adults: enamel records childhood, so a 25-40 yr offset from date of death."
Moore2021,"Moore J, Filipek K, Kalenderian V, Gowland R, Hamilton E, Evans J, Montgomery J (2021)",2021,International Journal of Osteoarchaeology,10.1002/oa.3001,Alba Iulia,Romania,16.0,1.0,400.0,enamel,skeletal lesion,rickets,non-adults,prevalence,6.3,%,Agilent 7500cx ICP-MS on abraded core enamel chips,"yes - surface abraded with tungsten carbide bur, adhering dentine removed, tools ultra-sonicated between samples",full text retrieved (user-supplied PDF),"Figure 6a, exact values from the figure data table. Non-adult observable sample n=65 overall.",0.0,0.0,1.0,400.0,200.0,0.0,"Enamel forms in childhood and never remodels; the measurement dates to crown formation, not to death.","Lesion prevalence, not a chemical measurement; dated to the burial."
Moore2021,"Moore J, Filipek K, Kalenderian V, Gowland R, Hamilton E, Evans J, Montgomery J (2021)",2021,International Journal of Osteoarchaeology,10.1002/oa.3001,Alba Iulia,Romania,16.0,1.0,400.0,enamel,skeletal lesion,scurvy,non-adults,prevalence,31.3,%,Agilent 7500cx ICP-MS on abraded core enamel chips,"yes - surface abraded with tungsten carbide bur, adhering dentine removed, tools ultra-sonicated between samples",full text retrieved (user-supplied PDF),"Figure 6a, exact values from the figure data table. Non-adult observable sample n=65 overall.",0.0,0.0,1.0,400.0,200.0,0.0,"Enamel forms in childhood and never remodels; the measurement dates to crown formation, not to death.","Lesion prevalence, not a chemical measurement; dated to the burial."
Moore2021,"Moore J, Filipek K, Kalenderian V, Gowland R, Hamilton E, Evans J, Montgomery J (2021)",2021,International Journal of Osteoarchaeology,10.1002/oa.3001,Alba Iulia,Romania,16.0,1.0,400.0,enamel,skeletal lesion,cribra orbitalia / porotic hyperostosis,non-adults,prevalence,12.5,%,Agilent 7500cx ICP-MS on abraded core enamel chips,"yes - surface abraded with tungsten carbide bur, adhering dentine removed, tools ultra-sonicated between samples",full text retrieved (user-supplied PDF),"Figure 6a, exact values from the figure data table. Non-adult observable sample n=65 overall.",0.0,0.0,1.0,400.0,200.0,0.0,"Enamel forms in childhood and never remodels; the measurement dates to crown formation, not to death.","Lesion prevalence, not a chemical measurement; dated to the burial."
Moore2021,"Moore J, Filipek K, Kalenderian V, Gowland R, Hamilton E, Evans J, Montgomery J (2021)",2021,International Journal of Osteoarchaeology,10.1002/oa.3001,Barcelona,Spain,16.0,1.0,400.0,enamel,skeletal lesion,rickets,non-adults,prevalence,31.3,%,Agilent 7500cx ICP-MS on abraded core enamel chips,"yes - surface abraded with tungsten carbide bur, adhering dentine removed, tools ultra-sonicated between samples",full text retrieved (user-supplied PDF),"Figure 6a, exact values from the figure data table. Non-adult observable sample n=65 overall.",0.0,0.0,1.0,400.0,200.0,0.0,"Enamel forms in childhood and never remodels; the measurement dates to crown formation, not to death.","Lesion prevalence, not a chemical measurement; dated to the burial."
Moore2021,"Moore J, Filipek K, Kalenderian V, Gowland R, Hamilton E, Evans J, Montgomery J (2021)",2021,International Journal of Osteoarchaeology,10.1002/oa.3001,Barcelona,Spain,16.0,1.0,400.0,enamel,skeletal lesion,scurvy,non-adults,prevalence,50.0,%,Agilent 7500cx ICP-MS on abraded core enamel chips,"yes - surface abraded with tungsten carbide bur, adhering dentine removed, tools ultra-sonicated between samples",full text retrieved (user-supplied PDF),"Figure 6a, exact values from the figure data table. Non-adult observable sample n=65 overall.",0.0,0.0,1.0,400.0,200.0,0.0,"Enamel forms in childhood and never remodels; the measurement dates to crown formation, not to death.","Lesion prevalence, not a chemical measurement; dated to the burial."
Moore2021,"Moore J, Filipek K, Kalenderian V, Gowland R, Hamilton E, Evans J, Montgomery J (2021)",2021,International Journal of Osteoarchaeology,10.1002/oa.3001,Barcelona,Spain,16.0,1.0,400.0,enamel,skeletal lesion,cribra orbitalia / porotic hyperostosis,non-adults,prevalence,0.0,%,Agilent 7500cx ICP-MS on abraded core enamel chips,"yes - surface abraded with tungsten carbide bur, adhering dentine removed, tools ultra-sonicated between samples",full text retrieved (user-supplied PDF),"Figure 6a, exact values from the figure data table. Non-adult observable sample n=65 overall.",0.0,0.0,1.0,400.0,200.0,0.0,"Enamel forms in childhood and never remodels; the measurement dates to crown formation, not to death.","Lesion prevalence, not a chemical measurement; dated to the burial."
Moore2021,"Moore J, Filipek K, Kalenderian V, Gowland R, Hamilton E, Evans J, Montgomery J (2021)",2021,International Journal of Osteoarchaeology,10.1002/oa.3001,Beirut,Lebanon,5.0,1.0,400.0,enamel,skeletal lesion,rickets,non-adults,prevalence,0.0,%,Agilent 7500cx ICP-MS on abraded core enamel chips,"yes - surface abraded with tungsten carbide bur, adhering dentine removed, tools ultra-sonicated between samples",full text retrieved (user-supplied PDF),"Figure 6a, exact values from the figure data table. Non-adult observable sample n=65 overall.",0.0,0.0,1.0,400.0,200.0,0.0,"Enamel forms in childhood and never remodels; the measurement dates to crown formation, not to death.","Lesion prevalence, not a chemical measurement; dated to the burial."
Moore2021,"Moore J, Filipek K, Kalenderian V, Gowland R, Hamilton E, Evans J, Montgomery J (2021)",2021,International Journal of Osteoarchaeology,10.1002/oa.3001,Beirut,Lebanon,5.0,1.0,400.0,enamel,skeletal lesion,scurvy,non-adults,prevalence,0.0,%,Agilent 7500cx ICP-MS on abraded core enamel chips,"yes - surface abraded with tungsten carbide bur, adhering dentine removed, tools ultra-sonicated between samples",full text retrieved (user-supplied PDF),"Figure 6a, exact values from the figure data table. Non-adult observable sample n=65 overall.",0.0,0.0,1.0,400.0,200.0,0.0,"Enamel forms in childhood and never remodels; the measurement dates to crown formation, not to death.","Lesion prevalence, not a chemical measurement; dated to the burial."
Moore2021,"Moore J, Filipek K, Kalenderian V, Gowland R, Hamilton E, Evans J, Montgomery J (2021)",2021,International Journal of Osteoarchaeology,10.1002/oa.3001,Beirut,Lebanon,5.0,1.0,400.0,enamel,skeletal lesion,cribra orbitalia / porotic hyperostosis,non-adults,prevalence,60.0,%,Agilent 7500cx ICP-MS on abraded core enamel chips,"yes - surface abraded with tungsten carbide bur, adhering dentine removed, tools ultra-sonicated between samples",full text retrieved (user-supplied PDF),"Figure 6a, exact values from the figure data table. Non-adult observable sample n=65 overall.",0.0,0.0,1.0,400.0,200.0,0.0,"Enamel forms in childhood and never remodels; the measurement dates to crown formation, not to death.","Lesion prevalence, not a chemical measurement; dated to the burial."
Moore2021,"Moore J, Filipek K, Kalenderian V, Gowland R, Hamilton E, Evans J, Montgomery J (2021)",2021,International Journal of Osteoarchaeology,10.1002/oa.3001,Lisieux,France,15.0,1.0,400.0,enamel,skeletal lesion,rickets,non-adults,prevalence,26.7,%,Agilent 7500cx ICP-MS on abraded core enamel chips,"yes - surface abraded with tungsten carbide bur, adhering dentine removed, tools ultra-sonicated between samples",full text retrieved (user-supplied PDF),"Figure 6a, exact values from the figure data table. Non-adult observable sample n=65 overall.",0.0,0.0,1.0,400.0,200.0,0.0,"Enamel forms in childhood and never remodels; the measurement dates to crown formation, not to death.","Lesion prevalence, not a chemical measurement; dated to the burial."
Moore2021,"Moore J, Filipek K, Kalenderian V, Gowland R, Hamilton E, Evans J, Montgomery J (2021)",2021,International Journal of Osteoarchaeology,10.1002/oa.3001,Lisieux,France,15.0,1.0,400.0,enamel,skeletal lesion,scurvy,non-adults,prevalence,60.0,%,Agilent 7500cx ICP-MS on abraded core enamel chips,"yes - surface abraded with tungsten carbide bur, adhering dentine removed, tools ultra-sonicated between samples",full text retrieved (user-supplied PDF),"Figure 6a, exact values from the figure data table. Non-adult observable sample n=65 overall.",0.0,0.0,1.0,400.0,200.0,0.0,"Enamel forms in childhood and never remodels; the measurement dates to crown formation, not to death.","Lesion prevalence, not a chemical measurement; dated to the burial."
Moore2021,"Moore J, Filipek K, Kalenderian V, Gowland R, Hamilton E, Evans J, Montgomery J (2021)",2021,International Journal of Osteoarchaeology,10.1002/oa.3001,Lisieux,France,15.0,1.0,400.0,enamel,skeletal lesion,cribra orbitalia / porotic hyperostosis,non-adults,prevalence,26.7,%,Agilent 7500cx ICP-MS on abraded core enamel chips,"yes - surface abraded with tungsten carbide bur, adhering dentine removed, tools ultra-sonicated between samples",full text retrieved (user-supplied PDF),"Figure 6a, exact values from the figure data table. Non-adult observable sample n=65 overall.",0.0,0.0,1.0,400.0,200.0,0.0,"Enamel forms in childhood and never remodels; the measurement dates to crown formation, not to death.","Lesion prevalence, not a chemical measurement; dated to the burial."
Moore2021,"Moore J, Filipek K, Kalenderian V, Gowland R, Hamilton E, Evans J, Montgomery J (2021)",2021,International Journal of Osteoarchaeology,10.1002/oa.3001,Tarragona,Spain,13.0,1.0,400.0,enamel,skeletal lesion,rickets,non-adults,prevalence,30.8,%,Agilent 7500cx ICP-MS on abraded core enamel chips,"yes - surface abraded with tungsten carbide bur, adhering dentine removed, tools ultra-sonicated between samples",full text retrieved (user-supplied PDF),"Figure 6a, exact values from the figure data table. Non-adult observable sample n=65 overall.",0.0,0.0,1.0,400.0,200.0,0.0,"Enamel forms in childhood and never remodels; the measurement dates to crown formation, not to death.","Lesion prevalence, not a chemical measurement; dated to the burial."
Moore2021,"Moore J, Filipek K, Kalenderian V, Gowland R, Hamilton E, Evans J, Montgomery J (2021)",2021,International Journal of Osteoarchaeology,10.1002/oa.3001,Tarragona,Spain,13.0,1.0,400.0,enamel,skeletal lesion,scurvy,non-adults,prevalence,7.7,%,Agilent 7500cx ICP-MS on abraded core enamel chips,"yes - surface abraded with tungsten carbide bur, adhering dentine removed, tools ultra-sonicated between samples",full text retrieved (user-supplied PDF),"Figure 6a, exact values from the figure data table. Non-adult observable sample n=65 overall.",0.0,0.0,1.0,400.0,200.0,0.0,"Enamel forms in childhood and never remodels; the measurement dates to crown formation, not to death.","Lesion prevalence, not a chemical measurement; dated to the burial."
Moore2021,"Moore J, Filipek K, Kalenderian V, Gowland R, Hamilton E, Evans J, Montgomery J (2021)",2021,International Journal of Osteoarchaeology,10.1002/oa.3001,Tarragona,Spain,13.0,1.0,400.0,enamel,skeletal lesion,cribra orbitalia / porotic hyperostosis,non-adults,prevalence,0.0,%,Agilent 7500cx ICP-MS on abraded core enamel chips,"yes - surface abraded with tungsten carbide bur, adhering dentine removed, tools ultra-sonicated between samples",full text retrieved (user-supplied PDF),"Figure 6a, exact values from the figure data table. Non-adult observable sample n=65 overall.",0.0,0.0,1.0,400.0,200.0,0.0,"Enamel forms in childhood and never remodels; the measurement dates to crown formation, not to death.","Lesion prevalence, not a chemical measurement; dated to the burial."
Scott2020,"Scott SR, Shafer MM, Smith KE, Overdier JT, Cunliffe B, Stafford TW Jr, Farrell PM (2020)",2020,Archaeometry,10.1111/arcm.12513,"Three Londinium cemeteries (Eastern, Southern, Western)",United Kingdom,30.0,43.0,410.0,cortical bone,heavy metal,Pb,Roman Londinium femora vs pre-Roman Iron Age femora,fold increase vs pre-Roman baseline,70.0,fold,magnetic sector ICP-MS on pre-cleaned femoral bone cores; Pb isotopes by MC-ICPMS,"yes - sediment and soil contamination minimised, burial artefacts assessed, burial context reviewed, 20 additional elements used as diagenesis metrics",full text retrieved (user-supplied PDF),Headline result: Roman/Londinium femoral Pb more than 70-fold greater than pre-Roman populations. Confirmed against an early-1st-century-BC burial adjacent to the Southern Cemetery. Absolute ppm values are in the paper tables and can be extracted on request.,0.0,30.0,13.0,410.0,212.0,14.0,Remodelled bone; roughly the final 10-30 years of life.,"Femoral cortical bone: remodels, so it records roughly the final 10-30 years of life rather than childhood."
Scott2020,"Scott SR, Shafer MM, Smith KE, Overdier JT, Cunliffe B, Stafford TW Jr, Farrell PM (2020)",2020,Archaeometry,10.1111/arcm.12513,Danebury hillfort (Hampshire) and three East Yorkshire cemeteries,United Kingdom,70.0,-700.0,43.0,cortical bone,heavy metal,Pb,pre-Roman Iron Age comparison set,baseline comparison group,,ppm,magnetic sector ICP-MS on pre-cleaned femoral bone cores; Pb isotopes by MC-ICPMS,"yes - sediment and soil contamination minimised, burial artefacts assessed, burial context reviewed, 20 additional elements used as diagenesis metrics",full text retrieved (user-supplied PDF),The baseline against which the 70-fold Roman increase is measured. Femora.,0.0,30.0,-730.0,43.0,-344.0,16.0,Remodelled bone; roughly the final 10-30 years of life.,"Femoral cortical bone: remodels, so it records roughly the final 10-30 years of life rather than childhood."
Rasmussen2020,"Rasmussen KL, Delbey T, d'Imporzano P, Skytte L, Schiavone S, Torino M, Tarp P, Thomsen PO (2020)",2020,npj Heritage Science,10.1186/s40494-020-00407-x,"S Francesco a Folloni, Montella - Iannelli crypt",Italy,17.0,1614.0,1643.0,cortical bone,heavy metal,Pb,SD 17.9,arithmetic mean,23.7,ug/g,"ICP-MS (Ca, Mn, Fe, Cu, Sr, Ba, Pb); CV-AAS (Hg)",partial - Cu diagenesis discussed and argued against for these sites; soil not paired per individual,full text retrieved (user-supplied PDF),"Table 3, cortical tissue arithmetic mean. High-status Iannelli family crypt. Mostly middle-aged males; oldest c.65. Four individuals show signs of syphilis and five of tuberculosis.",0.0,30.0,1584.0,1643.0,1614.0,14.0,"Remodelled bone; roughly the final 10-30 years of life, skewing earlier for cortical.","Cortical bone equilibrates with blood over a longer period earlier in life than trabecular (Rasmussen et al. 2017), so the 0-30 yr window may skew earlier."
Rasmussen2020,"Rasmussen KL, Delbey T, d'Imporzano P, Skytte L, Schiavone S, Torino M, Tarp P, Thomsen PO (2020)",2020,npj Heritage Science,10.1186/s40494-020-00407-x,"S Francesco a Folloni, Montella - Iannelli crypt",Italy,17.0,1614.0,1643.0,cortical bone,heavy metal,Hg,SD 26.8,arithmetic mean,34.4,ng/g,"ICP-MS (Ca, Mn, Fe, Cu, Sr, Ba, Pb); CV-AAS (Hg)",partial - Cu diagenesis discussed and argued against for these sites; soil not paired per individual,full text retrieved (user-supplied PDF),"Table 3, cortical tissue arithmetic mean. High-status Iannelli family crypt. Mostly middle-aged males; oldest c.65. Four individuals show signs of syphilis and five of tuberculosis.",0.0,30.0,1584.0,1643.0,1614.0,14.0,"Remodelled bone; roughly the final 10-30 years of life, skewing earlier for cortical.","Cortical bone equilibrates with blood over a longer period earlier in life than trabecular (Rasmussen et al. 2017), so the 0-30 yr window may skew earlier."
Rasmussen2020,"Rasmussen KL, Delbey T, d'Imporzano P, Skytte L, Schiavone S, Torino M, Tarp P, Thomsen PO (2020)",2020,npj Heritage Science,10.1186/s40494-020-00407-x,"S Francesco a Folloni, Montella - Iannelli crypt",Italy,17.0,1614.0,1643.0,cortical bone,heavy metal,Sr,SD 43.3,arithmetic mean,180.0,ug/g,"ICP-MS (Ca, Mn, Fe, Cu, Sr, Ba, Pb); CV-AAS (Hg)",partial - Cu diagenesis discussed and argued against for these sites; soil not paired per individual,full text retrieved (user-supplied PDF),"Table 3, cortical tissue arithmetic mean. High-status Iannelli family crypt. Mostly middle-aged males; oldest c.65. Four individuals show signs of syphilis and five of tuberculosis.",0.0,30.0,1584.0,1643.0,1614.0,14.0,"Remodelled bone; roughly the final 10-30 years of life, skewing earlier for cortical.","Cortical bone equilibrates with blood over a longer period earlier in life than trabecular (Rasmussen et al. 2017), so the 0-30 yr window may skew earlier."
Rasmussen2020,"Rasmussen KL, Delbey T, d'Imporzano P, Skytte L, Schiavone S, Torino M, Tarp P, Thomsen PO (2020)",2020,npj Heritage Science,10.1186/s40494-020-00407-x,"S Francesco a Folloni, Montella - Iannelli crypt",Italy,17.0,1614.0,1643.0,cortical bone,heavy metal,Ba,SD 19.7,arithmetic mean,43.0,ug/g,"ICP-MS (Ca, Mn, Fe, Cu, Sr, Ba, Pb); CV-AAS (Hg)",partial - Cu diagenesis discussed and argued against for these sites; soil not paired per individual,full text retrieved (user-supplied PDF),"Table 3, cortical tissue arithmetic mean. High-status Iannelli family crypt. Mostly middle-aged males; oldest c.65. Four individuals show signs of syphilis and five of tuberculosis.",0.0,30.0,1584.0,1643.0,1614.0,14.0,"Remodelled bone; roughly the final 10-30 years of life, skewing earlier for cortical.","Cortical bone equilibrates with blood over a longer period earlier in life than trabecular (Rasmussen et al. 2017), so the 0-30 yr window may skew earlier."
Rasmussen2020,"Rasmussen KL, Delbey T, d'Imporzano P, Skytte L, Schiavone S, Torino M, Tarp P, Thomsen PO (2020)",2020,npj Heritage Science,10.1186/s40494-020-00407-x,"S Francesco a Folloni, Montella - Iannelli crypt",Italy,17.0,1614.0,1643.0,cortical bone,heavy metal,Cu,SD 108,arithmetic mean,76.7,ug/g,"ICP-MS (Ca, Mn, Fe, Cu, Sr, Ba, Pb); CV-AAS (Hg)",partial - Cu diagenesis discussed and argued against for these sites; soil not paired per individual,full text retrieved (user-supplied PDF),"Table 3, cortical tissue arithmetic mean. High-status Iannelli family crypt. Mostly middle-aged males; oldest c.65. Four individuals show signs of syphilis and five of tuberculosis.",0.0,30.0,1584.0,1643.0,1614.0,14.0,"Remodelled bone; roughly the final 10-30 years of life, skewing earlier for cortical.","Cortical bone equilibrates with blood over a longer period earlier in life than trabecular (Rasmussen et al. 2017), so the 0-30 yr window may skew earlier."
Rasmussen2020,"Rasmussen KL, Delbey T, d'Imporzano P, Skytte L, Schiavone S, Torino M, Tarp P, Thomsen PO (2020)",2020,npj Heritage Science,10.1186/s40494-020-00407-x,"S Francesco a Folloni, Montella - Iannelli crypt",Italy,17.0,1614.0,1643.0,cortical bone,heavy metal,Fe,SD 322,arithmetic mean,305.0,ug/g,"ICP-MS (Ca, Mn, Fe, Cu, Sr, Ba, Pb); CV-AAS (Hg)",partial - Cu diagenesis discussed and argued against for these sites; soil not paired per individual,full text retrieved (user-supplied PDF),"Table 3, cortical tissue arithmetic mean. High-status Iannelli family crypt. Mostly middle-aged males; oldest c.65. Four individuals show signs of syphilis and five of tuberculosis.",0.0,30.0,1584.0,1643.0,1614.0,14.0,"Remodelled bone; roughly the final 10-30 years of life, skewing earlier for cortical.","Cortical bone equilibrates with blood over a longer period earlier in life than trabecular (Rasmussen et al. 2017), so the 0-30 yr window may skew earlier."
Rasmussen2020,"Rasmussen KL, Delbey T, d'Imporzano P, Skytte L, Schiavone S, Torino M, Tarp P, Thomsen PO (2020)",2020,npj Heritage Science,10.1186/s40494-020-00407-x,"S Francesco a Folloni, Montella - Iannelli crypt",Italy,17.0,1614.0,1643.0,cortical bone,heavy metal,Mn,SD 124,arithmetic mean,76.1,ug/g,"ICP-MS (Ca, Mn, Fe, Cu, Sr, Ba, Pb); CV-AAS (Hg)",partial - Cu diagenesis discussed and argued against for these sites; soil not paired per individual,full text retrieved (user-supplied PDF),"Table 3, cortical tissue arithmetic mean. High-status Iannelli family crypt. Mostly middle-aged males; oldest c.65. Four individuals show signs of syphilis and five of tuberculosis.",0.0,30.0,1584.0,1643.0,1614.0,14.0,"Remodelled bone; roughly the final 10-30 years of life, skewing earlier for cortical.","Cortical bone equilibrates with blood over a longer period earlier in life than trabecular (Rasmussen et al. 2017), so the 0-30 yr window may skew earlier."
Rasmussen2020,"Rasmussen KL, Delbey T, d'Imporzano P, Skytte L, Schiavone S, Torino M, Tarp P, Thomsen PO (2020)",2020,npj Heritage Science,10.1186/s40494-020-00407-x,"S Francesco a Folloni, Montella - cloister walk",Italy,34.0,1200.0,1500.0,cortical bone,heavy metal,Pb,SD 6.96,arithmetic mean,6.95,ug/g,"ICP-MS (Ca, Mn, Fe, Cu, Sr, Ba, Pb); CV-AAS (Hg)",partial - Cu diagenesis discussed and argued against for these sites; soil not paired per individual,full text retrieved (user-supplied PDF),"Table 3, cortical tissue arithmetic mean. Friars and townspeople; both sexes present. Radiocarbon suggests most are older than c.AD 1500.",0.0,30.0,1170.0,1500.0,1335.0,15.0,"Remodelled bone; roughly the final 10-30 years of life, skewing earlier for cortical.","Cortical bone equilibrates with blood over a longer period earlier in life than trabecular (Rasmussen et al. 2017), so the 0-30 yr window may skew earlier."
Rasmussen2020,"Rasmussen KL, Delbey T, d'Imporzano P, Skytte L, Schiavone S, Torino M, Tarp P, Thomsen PO (2020)",2020,npj Heritage Science,10.1186/s40494-020-00407-x,"S Francesco a Folloni, Montella - cloister walk",Italy,34.0,1200.0,1500.0,cortical bone,heavy metal,Hg,SD 3.48,arithmetic mean,10.5,ng/g,"ICP-MS (Ca, Mn, Fe, Cu, Sr, Ba, Pb); CV-AAS (Hg)",partial - Cu diagenesis discussed and argued against for these sites; soil not paired per individual,full text retrieved (user-supplied PDF),"Table 3, cortical tissue arithmetic mean. Friars and townspeople; both sexes present. Radiocarbon suggests most are older than c.AD 1500.",0.0,30.0,1170.0,1500.0,1335.0,15.0,"Remodelled bone; roughly the final 10-30 years of life, skewing earlier for cortical.","Cortical bone equilibrates with blood over a longer period earlier in life than trabecular (Rasmussen et al. 2017), so the 0-30 yr window may skew earlier."
Rasmussen2020,"Rasmussen KL, Delbey T, d'Imporzano P, Skytte L, Schiavone S, Torino M, Tarp P, Thomsen PO (2020)",2020,npj Heritage Science,10.1186/s40494-020-00407-x,"S Francesco a Folloni, Montella - cloister walk",Italy,34.0,1200.0,1500.0,cortical bone,heavy metal,Sr,SD 70.8,arithmetic mean,290.0,ug/g,"ICP-MS (Ca, Mn, Fe, Cu, Sr, Ba, Pb); CV-AAS (Hg)",partial - Cu diagenesis discussed and argued against for these sites; soil not paired per individual,full text retrieved (user-supplied PDF),"Table 3, cortical tissue arithmetic mean. Friars and townspeople; both sexes present. Radiocarbon suggests most are older than c.AD 1500.",0.0,30.0,1170.0,1500.0,1335.0,15.0,"Remodelled bone; roughly the final 10-30 years of life, skewing earlier for cortical.","Cortical bone equilibrates with blood over a longer period earlier in life than trabecular (Rasmussen et al. 2017), so the 0-30 yr window may skew earlier."
Rasmussen2020,"Rasmussen KL, Delbey T, d'Imporzano P, Skytte L, Schiavone S, Torino M, Tarp P, Thomsen PO (2020)",2020,npj Heritage Science,10.1186/s40494-020-00407-x,"S Francesco a Folloni, Montella - cloister walk",Italy,34.0,1200.0,1500.0,cortical bone,heavy metal,Ba,SD 58.2,arithmetic mean,127.0,ug/g,"ICP-MS (Ca, Mn, Fe, Cu, Sr, Ba, Pb); CV-AAS (Hg)",partial - Cu diagenesis discussed and argued against for these sites; soil not paired per individual,full text retrieved (user-supplied PDF),"Table 3, cortical tissue arithmetic mean. Friars and townspeople; both sexes present. Radiocarbon suggests most are older than c.AD 1500.",0.0,30.0,1170.0,1500.0,1335.0,15.0,"Remodelled bone; roughly the final 10-30 years of life, skewing earlier for cortical.","Cortical bone equilibrates with blood over a longer period earlier in life than trabecular (Rasmussen et al. 2017), so the 0-30 yr window may skew earlier."
Rasmussen2020,"Rasmussen KL, Delbey T, d'Imporzano P, Skytte L, Schiavone S, Torino M, Tarp P, Thomsen PO (2020)",2020,npj Heritage Science,10.1186/s40494-020-00407-x,"S Francesco a Folloni, Montella - cloister walk",Italy,34.0,1200.0,1500.0,cortical bone,heavy metal,Cu,SD 1.79,arithmetic mean,3.5,ug/g,"ICP-MS (Ca, Mn, Fe, Cu, Sr, Ba, Pb); CV-AAS (Hg)",partial - Cu diagenesis discussed and argued against for these sites; soil not paired per individual,full text retrieved (user-supplied PDF),"Table 3, cortical tissue arithmetic mean. Friars and townspeople; both sexes present. Radiocarbon suggests most are older than c.AD 1500.",0.0,30.0,1170.0,1500.0,1335.0,15.0,"Remodelled bone; roughly the final 10-30 years of life, skewing earlier for cortical.","Cortical bone equilibrates with blood over a longer period earlier in life than trabecular (Rasmussen et al. 2017), so the 0-30 yr window may skew earlier."
Rasmussen2020,"Rasmussen KL, Delbey T, d'Imporzano P, Skytte L, Schiavone S, Torino M, Tarp P, Thomsen PO (2020)",2020,npj Heritage Science,10.1186/s40494-020-00407-x,"S Francesco a Folloni, Montella - cloister walk",Italy,34.0,1200.0,1500.0,cortical bone,heavy metal,Fe,SD 503,arithmetic mean,135.0,ug/g,"ICP-MS (Ca, Mn, Fe, Cu, Sr, Ba, Pb); CV-AAS (Hg)",partial - Cu diagenesis discussed and argued against for these sites; soil not paired per individual,full text retrieved (user-supplied PDF),"Table 3, cortical tissue arithmetic mean. Friars and townspeople; both sexes present. Radiocarbon suggests most are older than c.AD 1500.",0.0,30.0,1170.0,1500.0,1335.0,15.0,"Remodelled bone; roughly the final 10-30 years of life, skewing earlier for cortical.","Cortical bone equilibrates with blood over a longer period earlier in life than trabecular (Rasmussen et al. 2017), so the 0-30 yr window may skew earlier."
Rasmussen2020,"Rasmussen KL, Delbey T, d'Imporzano P, Skytte L, Schiavone S, Torino M, Tarp P, Thomsen PO (2020)",2020,npj Heritage Science,10.1186/s40494-020-00407-x,"S Francesco a Folloni, Montella - cloister walk",Italy,34.0,1200.0,1500.0,cortical bone,heavy metal,Mn,SD 87.9,arithmetic mean,37.1,ug/g,"ICP-MS (Ca, Mn, Fe, Cu, Sr, Ba, Pb); CV-AAS (Hg)",partial - Cu diagenesis discussed and argued against for these sites; soil not paired per individual,full text retrieved (user-supplied PDF),"Table 3, cortical tissue arithmetic mean. Friars and townspeople; both sexes present. Radiocarbon suggests most are older than c.AD 1500.",0.0,30.0,1170.0,1500.0,1335.0,15.0,"Remodelled bone; roughly the final 10-30 years of life, skewing earlier for cortical.","Cortical bone equilibrates with blood over a longer period earlier in life than trabecular (Rasmussen et al. 2017), so the 0-30 yr window may skew earlier."
Rasmussen2020,"Rasmussen KL, Delbey T, d'Imporzano P, Skytte L, Schiavone S, Torino M, Tarp P, Thomsen PO (2020)",2020,npj Heritage Science,10.1186/s40494-020-00407-x,"Franciscan Friary, Svendborg - Hardenberg crypt",Denmark,7.0,1600.0,1800.0,cortical bone,heavy metal,Pb,SD 26.5,arithmetic mean,89.8,ug/g,"ICP-MS (Ca, Mn, Fe, Cu, Sr, Ba, Pb); CV-AAS (Hg)",partial - Cu diagenesis discussed and argued against for these sites; soil not paired per individual,full text retrieved (user-supplied PDF),"Table 3, cortical tissue arithmetic mean. Noble Hardenberg family chapel, erected late 16th century. The highest mean bone lead in this dataset.",0.0,30.0,1570.0,1800.0,1685.0,15.0,"Remodelled bone; roughly the final 10-30 years of life, skewing earlier for cortical.","Cortical bone equilibrates with blood over a longer period earlier in life than trabecular (Rasmussen et al. 2017), so the 0-30 yr window may skew earlier."
Rasmussen2020,"Rasmussen KL, Delbey T, d'Imporzano P, Skytte L, Schiavone S, Torino M, Tarp P, Thomsen PO (2020)",2020,npj Heritage Science,10.1186/s40494-020-00407-x,"Franciscan Friary, Svendborg - Hardenberg crypt",Denmark,7.0,1600.0,1800.0,cortical bone,heavy metal,Hg,SD 115,arithmetic mean,103.0,ng/g,"ICP-MS (Ca, Mn, Fe, Cu, Sr, Ba, Pb); CV-AAS (Hg)",partial - Cu diagenesis discussed and argued against for these sites; soil not paired per individual,full text retrieved (user-supplied PDF),"Table 3, cortical tissue arithmetic mean. Noble Hardenberg family chapel, erected late 16th century. The highest mean bone lead in this dataset.",0.0,30.0,1570.0,1800.0,1685.0,15.0,"Remodelled bone; roughly the final 10-30 years of life, skewing earlier for cortical.","Cortical bone equilibrates with blood over a longer period earlier in life than trabecular (Rasmussen et al. 2017), so the 0-30 yr window may skew earlier."
Rasmussen2020,"Rasmussen KL, Delbey T, d'Imporzano P, Skytte L, Schiavone S, Torino M, Tarp P, Thomsen PO (2020)",2020,npj Heritage Science,10.1186/s40494-020-00407-x,"Franciscan Friary, Svendborg - Hardenberg crypt",Denmark,7.0,1600.0,1800.0,cortical bone,heavy metal,Sr,SD 22.5,arithmetic mean,221.0,ug/g,"ICP-MS (Ca, Mn, Fe, Cu, Sr, Ba, Pb); CV-AAS (Hg)",partial - Cu diagenesis discussed and argued against for these sites; soil not paired per individual,full text retrieved (user-supplied PDF),"Table 3, cortical tissue arithmetic mean. Noble Hardenberg family chapel, erected late 16th century. The highest mean bone lead in this dataset.",0.0,30.0,1570.0,1800.0,1685.0,15.0,"Remodelled bone; roughly the final 10-30 years of life, skewing earlier for cortical.","Cortical bone equilibrates with blood over a longer period earlier in life than trabecular (Rasmussen et al. 2017), so the 0-30 yr window may skew earlier."
Rasmussen2020,"Rasmussen KL, Delbey T, d'Imporzano P, Skytte L, Schiavone S, Torino M, Tarp P, Thomsen PO (2020)",2020,npj Heritage Science,10.1186/s40494-020-00407-x,"Franciscan Friary, Svendborg - Hardenberg crypt",Denmark,7.0,1600.0,1800.0,cortical bone,heavy metal,Ba,SD 20.0,arithmetic mean,56.5,ug/g,"ICP-MS (Ca, Mn, Fe, Cu, Sr, Ba, Pb); CV-AAS (Hg)",partial - Cu diagenesis discussed and argued against for these sites; soil not paired per individual,full text retrieved (user-supplied PDF),"Table 3, cortical tissue arithmetic mean. Noble Hardenberg family chapel, erected late 16th century. The highest mean bone lead in this dataset.",0.0,30.0,1570.0,1800.0,1685.0,15.0,"Remodelled bone; roughly the final 10-30 years of life, skewing earlier for cortical.","Cortical bone equilibrates with blood over a longer period earlier in life than trabecular (Rasmussen et al. 2017), so the 0-30 yr window may skew earlier."
Rasmussen2020,"Rasmussen KL, Delbey T, d'Imporzano P, Skytte L, Schiavone S, Torino M, Tarp P, Thomsen PO (2020)",2020,npj Heritage Science,10.1186/s40494-020-00407-x,"Franciscan Friary, Svendborg - Hardenberg crypt",Denmark,7.0,1600.0,1800.0,cortical bone,heavy metal,Cu,SD 2.83,arithmetic mean,3.6,ug/g,"ICP-MS (Ca, Mn, Fe, Cu, Sr, Ba, Pb); CV-AAS (Hg)",partial - Cu diagenesis discussed and argued against for these sites; soil not paired per individual,full text retrieved (user-supplied PDF),"Table 3, cortical tissue arithmetic mean. Noble Hardenberg family chapel, erected late 16th century. The highest mean bone lead in this dataset.",0.0,30.0,1570.0,1800.0,1685.0,15.0,"Remodelled bone; roughly the final 10-30 years of life, skewing earlier for cortical.","Cortical bone equilibrates with blood over a longer period earlier in life than trabecular (Rasmussen et al. 2017), so the 0-30 yr window may skew earlier."
Rasmussen2020,"Rasmussen KL, Delbey T, d'Imporzano P, Skytte L, Schiavone S, Torino M, Tarp P, Thomsen PO (2020)",2020,npj Heritage Science,10.1186/s40494-020-00407-x,"Franciscan Friary, Svendborg - Hardenberg crypt",Denmark,7.0,1600.0,1800.0,cortical bone,heavy metal,Fe,SD 53.9,arithmetic mean,95.5,ug/g,"ICP-MS (Ca, Mn, Fe, Cu, Sr, Ba, Pb); CV-AAS (Hg)",partial - Cu diagenesis discussed and argued against for these sites; soil not paired per individual,full text retrieved (user-supplied PDF),"Table 3, cortical tissue arithmetic mean. Noble Hardenberg family chapel, erected late 16th century. The highest mean bone lead in this dataset.",0.0,30.0,1570.0,1800.0,1685.0,15.0,"Remodelled bone; roughly the final 10-30 years of life, skewing earlier for cortical.","Cortical bone equilibrates with blood over a longer period earlier in life than trabecular (Rasmussen et al. 2017), so the 0-30 yr window may skew earlier."
Rasmussen2020,"Rasmussen KL, Delbey T, d'Imporzano P, Skytte L, Schiavone S, Torino M, Tarp P, Thomsen PO (2020)",2020,npj Heritage Science,10.1186/s40494-020-00407-x,"Franciscan Friary, Svendborg - Hardenberg crypt",Denmark,7.0,1600.0,1800.0,cortical bone,heavy metal,Mn,SD 55.4,arithmetic mean,54.2,ug/g,"ICP-MS (Ca, Mn, Fe, Cu, Sr, Ba, Pb); CV-AAS (Hg)",partial - Cu diagenesis discussed and argued against for these sites; soil not paired per individual,full text retrieved (user-supplied PDF),"Table 3, cortical tissue arithmetic mean. Noble Hardenberg family chapel, erected late 16th century. The highest mean bone lead in this dataset.",0.0,30.0,1570.0,1800.0,1685.0,15.0,"Remodelled bone; roughly the final 10-30 years of life, skewing earlier for cortical.","Cortical bone equilibrates with blood over a longer period earlier in life than trabecular (Rasmussen et al. 2017), so the 0-30 yr window may skew earlier."
Rasmussen2020,"Rasmussen KL, Delbey T, d'Imporzano P, Skytte L, Schiavone S, Torino M, Tarp P, Thomsen PO (2020)",2020,npj Heritage Science,10.1186/s40494-020-00407-x,"Franciscan Friary, Svendborg - cloister walk",Denmark,14.0,1200.0,1536.0,cortical bone,heavy metal,Pb,SD 5.37,arithmetic mean,7.9,ug/g,"ICP-MS (Ca, Mn, Fe, Cu, Sr, Ba, Pb); CV-AAS (Hg)",partial - Cu diagenesis discussed and argued against for these sites; soil not paired per individual,full text retrieved (user-supplied PDF),"Table 3, cortical tissue arithmetic mean. Lay cemetery. Friary founded AD 1236; dissolved 1536.",0.0,30.0,1170.0,1536.0,1353.0,15.0,"Remodelled bone; roughly the final 10-30 years of life, skewing earlier for cortical.","Cortical bone equilibrates with blood over a longer period earlier in life than trabecular (Rasmussen et al. 2017), so the 0-30 yr window may skew earlier."
Rasmussen2020,"Rasmussen KL, Delbey T, d'Imporzano P, Skytte L, Schiavone S, Torino M, Tarp P, Thomsen PO (2020)",2020,npj Heritage Science,10.1186/s40494-020-00407-x,"Franciscan Friary, Svendborg - cloister walk",Denmark,14.0,1200.0,1536.0,cortical bone,heavy metal,Hg,SD 38.0,arithmetic mean,63.0,ng/g,"ICP-MS (Ca, Mn, Fe, Cu, Sr, Ba, Pb); CV-AAS (Hg)",partial - Cu diagenesis discussed and argued against for these sites; soil not paired per individual,full text retrieved (user-supplied PDF),"Table 3, cortical tissue arithmetic mean. Lay cemetery. Friary founded AD 1236; dissolved 1536.",0.0,30.0,1170.0,1536.0,1353.0,15.0,"Remodelled bone; roughly the final 10-30 years of life, skewing earlier for cortical.","Cortical bone equilibrates with blood over a longer period earlier in life than trabecular (Rasmussen et al. 2017), so the 0-30 yr window may skew earlier."
Rasmussen2020,"Rasmussen KL, Delbey T, d'Imporzano P, Skytte L, Schiavone S, Torino M, Tarp P, Thomsen PO (2020)",2020,npj Heritage Science,10.1186/s40494-020-00407-x,"Franciscan Friary, Svendborg - cloister walk",Denmark,14.0,1200.0,1536.0,cortical bone,heavy metal,Sr,SD 89.1,arithmetic mean,354.0,ug/g,"ICP-MS (Ca, Mn, Fe, Cu, Sr, Ba, Pb); CV-AAS (Hg)",partial - Cu diagenesis discussed and argued against for these sites; soil not paired per individual,full text retrieved (user-supplied PDF),"Table 3, cortical tissue arithmetic mean. Lay cemetery. Friary founded AD 1236; dissolved 1536.",0.0,30.0,1170.0,1536.0,1353.0,15.0,"Remodelled bone; roughly the final 10-30 years of life, skewing earlier for cortical.","Cortical bone equilibrates with blood over a longer period earlier in life than trabecular (Rasmussen et al. 2017), so the 0-30 yr window may skew earlier."
Rasmussen2020,"Rasmussen KL, Delbey T, d'Imporzano P, Skytte L, Schiavone S, Torino M, Tarp P, Thomsen PO (2020)",2020,npj Heritage Science,10.1186/s40494-020-00407-x,"Franciscan Friary, Svendborg - cloister walk",Denmark,14.0,1200.0,1536.0,cortical bone,heavy metal,Ba,SD 26.9,arithmetic mean,102.0,ug/g,"ICP-MS (Ca, Mn, Fe, Cu, Sr, Ba, Pb); CV-AAS (Hg)",partial - Cu diagenesis discussed and argued against for these sites; soil not paired per individual,full text retrieved (user-supplied PDF),"Table 3, cortical tissue arithmetic mean. Lay cemetery. Friary founded AD 1236; dissolved 1536.",0.0,30.0,1170.0,1536.0,1353.0,15.0,"Remodelled bone; roughly the final 10-30 years of life, skewing earlier for cortical.","Cortical bone equilibrates with blood over a longer period earlier in life than trabecular (Rasmussen et al. 2017), so the 0-30 yr window may skew earlier."
Rasmussen2020,"Rasmussen KL, Delbey T, d'Imporzano P, Skytte L, Schiavone S, Torino M, Tarp P, Thomsen PO (2020)",2020,npj Heritage Science,10.1186/s40494-020-00407-x,"Franciscan Friary, Svendborg - cloister walk",Denmark,14.0,1200.0,1536.0,cortical bone,heavy metal,Cu,SD 7.47,arithmetic mean,9.7,ug/g,"ICP-MS (Ca, Mn, Fe, Cu, Sr, Ba, Pb); CV-AAS (Hg)",partial - Cu diagenesis discussed and argued against for these sites; soil not paired per individual,full text retrieved (user-supplied PDF),"Table 3, cortical tissue arithmetic mean. Lay cemetery. Friary founded AD 1236; dissolved 1536.",0.0,30.0,1170.0,1536.0,1353.0,15.0,"Remodelled bone; roughly the final 10-30 years of life, skewing earlier for cortical.","Cortical bone equilibrates with blood over a longer period earlier in life than trabecular (Rasmussen et al. 2017), so the 0-30 yr window may skew earlier."
Rasmussen2020,"Rasmussen KL, Delbey T, d'Imporzano P, Skytte L, Schiavone S, Torino M, Tarp P, Thomsen PO (2020)",2020,npj Heritage Science,10.1186/s40494-020-00407-x,"Franciscan Friary, Svendborg - cloister walk",Denmark,14.0,1200.0,1536.0,cortical bone,heavy metal,Fe,SD 108,arithmetic mean,124.0,ug/g,"ICP-MS (Ca, Mn, Fe, Cu, Sr, Ba, Pb); CV-AAS (Hg)",partial - Cu diagenesis discussed and argued against for these sites; soil not paired per individual,full text retrieved (user-supplied PDF),"Table 3, cortical tissue arithmetic mean. Lay cemetery. Friary founded AD 1236; dissolved 1536.",0.0,30.0,1170.0,1536.0,1353.0,15.0,"Remodelled bone; roughly the final 10-30 years of life, skewing earlier for cortical.","Cortical bone equilibrates with blood over a longer period earlier in life than trabecular (Rasmussen et al. 2017), so the 0-30 yr window may skew earlier."
Rasmussen2020,"Rasmussen KL, Delbey T, d'Imporzano P, Skytte L, Schiavone S, Torino M, Tarp P, Thomsen PO (2020)",2020,npj Heritage Science,10.1186/s40494-020-00407-x,"Franciscan Friary, Svendborg - cloister walk",Denmark,14.0,1200.0,1536.0,cortical bone,heavy metal,Mn,SD 49.2,arithmetic mean,40.8,ug/g,"ICP-MS (Ca, Mn, Fe, Cu, Sr, Ba, Pb); CV-AAS (Hg)",partial - Cu diagenesis discussed and argued against for these sites; soil not paired per individual,full text retrieved (user-supplied PDF),"Table 3, cortical tissue arithmetic mean. Lay cemetery. Friary founded AD 1236; dissolved 1536.",0.0,30.0,1170.0,1536.0,1353.0,15.0,"Remodelled bone; roughly the final 10-30 years of life, skewing earlier for cortical.","Cortical bone equilibrates with blood over a longer period earlier in life than trabecular (Rasmussen et al. 2017), so the 0-30 yr window may skew earlier."
Rasmussen2013life,"Rasmussen KL, Skytte L, Pilekaer C, Lauritsen A, Boldsen JL, Leth PM, Thomsen PO (2013)",2013,Heritage Science,10.1186/2050-7445-1-10,"Laymen cemetery, Franciscan Friary, Svendborg",Denmark,1.0,1236.0,1536.0,cortical bone,heavy metal,Hg,individual AG93 (KLR-8601); +/- 1.2,concentration,16.6,ng/g,"CV-AAS for Hg; ICP-MS for Mg, Al, Ca, Mn, Fe, Zn, As, Sr, Ba, Pb","yes - soil Hg shown insufficient to explain bone values; Al, Fe, Mn identified as the diagenetic markers",full text retrieved (user-supplied PDF),Typical of a non-exposed individual. Compact-bone average for AG93 was 52 ng/g.,0.0,30.0,1206.0,1536.0,1371.0,15.0,"Remodelled bone; roughly the final 10-30 years of life, skewing earlier for cortical.","Multiple tissues sampled per individual, so this study resolves WITHIN one life rather than across a population."
Rasmussen2013life,"Rasmussen KL, Skytte L, Pilekaer C, Lauritsen A, Boldsen JL, Leth PM, Thomsen PO (2013)",2013,Heritage Science,10.1186/2050-7445-1-10,"Laymen cemetery, Franciscan Friary, Svendborg",Denmark,1.0,1236.0,1536.0,cortical bone,heavy metal,Hg,individual AG104; +/- 43,concentration,273.0,ng/g,"CV-AAS for Hg; ICP-MS for Mg, Al, Ca, Mn, Fe, Zn, As, Sr, Ba, Pb","yes - soil Hg shown insufficient to explain bone values; Al, Fe, Mn identified as the diagenetic markers",full text retrieved (user-supplied PDF),Well above the c.100 ng/g background; the authors infer medical treatment with mercury. Compact-bone average for AG104 was 127 ng/g. NOTE: this is the 273 ng/g figure that an earlier automated summary wrongly attached to the Iannelli crypt in Rasmussen 2020.,0.0,30.0,1206.0,1536.0,1371.0,15.0,"Remodelled bone; roughly the final 10-30 years of life, skewing earlier for cortical.","Multiple tissues sampled per individual, so this study resolves WITHIN one life rather than across a population."
Rasmussen2013life,"Rasmussen KL, Skytte L, Pilekaer C, Lauritsen A, Boldsen JL, Leth PM, Thomsen PO (2013)",2013,Heritage Science,10.1186/2050-7445-1-10,"Laymen cemetery, Franciscan Friary, Svendborg",Denmark,2.0,1236.0,1536.0,trabecular bone,heavy metal,Hg,distribution within the skeleton,qualitative pattern,,ng/g,"CV-AAS for Hg; ICP-MS for Mg, Al, Ca, Mn, Fe, Zn, As, Sr, Ba, Pb","yes - soil Hg shown insufficient to explain bone values; Al, Fe, Mn identified as the diagenetic markers",full text retrieved (user-supplied PDF),"Hg concentrates in trabecular tissue and in the abdomen region. Al, Fe and Mn concentrate in trabecular tissue and on bone surfaces and are attributed to diagenesis. Sr/Ca, Ba/Ca and Mg/Ca support provenance inference.",0.0,15.0,1221.0,1536.0,1378.0,8.0,"Remodelled bone; roughly the final 10-30 years of life, skewing earlier for cortical.","Multiple tissues sampled per individual, so this study resolves WITHIN one life rather than across a population."
Rasmussen2017,"Lund Rasmussen K, Skytte L, D'imporzano P, Thomsen PO, Soevsoe M, Boldsen JL (2017)",2017,American Journal of Physical Anthropology,10.1002/ajpa.23099,Five cemeteries across medieval and renaissance Denmark,Denmark,10.0,1150.0,1810.0,bone (mixed),heavy metal,Pb,range 0.8-426 ug/g,observed range,,ug/g,"ICP-MS (Fe, Mn, Al, Ca, Mg, Na, Ba, Sr, Zn, Pb, As); CV-AAS (Hg); c.20 mg samples",yes - thorough decontamination and strict exclusion of non-viable data; excess As identified as diagenetic,full text retrieved (user-supplied PDF),Range across 19 bone elements in 10 individuals - the spread WITHIN a single skeleton is large.,0.0,30.0,1120.0,1810.0,1465.0,15.0,"Remodelled bone; roughly the final 10-30 years of life, skewing earlier for cortical.",19 bone elements per individual with differing turnover rates; this study is the empirical basis for the cortical vs trabecular offset distinction.
Rasmussen2017,"Lund Rasmussen K, Skytte L, D'imporzano P, Thomsen PO, Soevsoe M, Boldsen JL (2017)",2017,American Journal of Physical Anthropology,10.1002/ajpa.23099,Five cemeteries across medieval and renaissance Denmark,Denmark,10.0,1150.0,1810.0,bone (mixed),heavy metal,Hg,range 7-78730 ng/g,observed range,,ng/g,"ICP-MS (Fe, Mn, Al, Ca, Mg, Na, Ba, Sr, Zn, Pb, As); CV-AAS (Hg); c.20 mg samples",yes - thorough decontamination and strict exclusion of non-viable data; excess As identified as diagenetic,full text retrieved (user-supplied PDF),Four orders of magnitude. Upper values indicate mercury medication.,0.0,30.0,1120.0,1810.0,1465.0,15.0,"Remodelled bone; roughly the final 10-30 years of life, skewing earlier for cortical.",19 bone elements per individual with differing turnover rates; this study is the empirical basis for the cortical vs trabecular offset distinction.
Rasmussen2017,"Lund Rasmussen K, Skytte L, D'imporzano P, Thomsen PO, Soevsoe M, Boldsen JL (2017)",2017,American Journal of Physical Anthropology,10.1002/ajpa.23099,Five cemeteries across medieval and renaissance Denmark,Denmark,10.0,1150.0,1810.0,bone (mixed),heavy metal,Sr,range 101-815 ug/g,observed range,,ug/g,"ICP-MS (Fe, Mn, Al, Ca, Mg, Na, Ba, Sr, Zn, Pb, As); CV-AAS (Hg); c.20 mg samples",yes - thorough decontamination and strict exclusion of non-viable data; excess As identified as diagenetic,full text retrieved (user-supplied PDF),"Concluded to be an effective provenance and dietary indicator, not diagenetic.",0.0,30.0,1120.0,1810.0,1465.0,15.0,"Remodelled bone; roughly the final 10-30 years of life, skewing earlier for cortical.",19 bone elements per individual with differing turnover rates; this study is the empirical basis for the cortical vs trabecular offset distinction.
Rasmussen2017,"Lund Rasmussen K, Skytte L, D'imporzano P, Thomsen PO, Soevsoe M, Boldsen JL (2017)",2017,American Journal of Physical Anthropology,10.1002/ajpa.23099,Five cemeteries across medieval and renaissance Denmark,Denmark,10.0,1150.0,1810.0,bone (mixed),heavy metal,Ba,range 8-880 ug/g,observed range,,ug/g,"ICP-MS (Fe, Mn, Al, Ca, Mg, Na, Ba, Sr, Zn, Pb, As); CV-AAS (Hg); c.20 mg samples",yes - thorough decontamination and strict exclusion of non-viable data; excess As identified as diagenetic,full text retrieved (user-supplied PDF),Effective provenance and dietary indicator alongside Sr.,0.0,30.0,1120.0,1810.0,1465.0,15.0,"Remodelled bone; roughly the final 10-30 years of life, skewing earlier for cortical.",19 bone elements per individual with differing turnover rates; this study is the empirical basis for the cortical vs trabecular offset distinction.
Rasmussen2017,"Lund Rasmussen K, Skytte L, D'imporzano P, Thomsen PO, Soevsoe M, Boldsen JL (2017)",2017,American Journal of Physical Anthropology,10.1002/ajpa.23099,Five cemeteries across medieval and renaissance Denmark,Denmark,10.0,1150.0,1810.0,bone (mixed),heavy metal,As,range 0.4-120 ug/g,observed range,,ug/g,"ICP-MS (Fe, Mn, Al, Ca, Mg, Na, Ba, Sr, Zn, Pb, As); CV-AAS (Hg); c.20 mg samples",yes - thorough decontamination and strict exclusion of non-viable data; excess As identified as diagenetic,full text retrieved (user-supplied PDF),Excess As concluded to be MAINLY DIAGENETIC - do not use for exposure.,0.0,30.0,1120.0,1810.0,1465.0,15.0,"Remodelled bone; roughly the final 10-30 years of life, skewing earlier for cortical.",19 bone elements per individual with differing turnover rates; this study is the empirical basis for the cortical vs trabecular offset distinction.
Rasmussen2017,"Lund Rasmussen K, Skytte L, D'imporzano P, Thomsen PO, Soevsoe M, Boldsen JL (2017)",2017,American Journal of Physical Anthropology,10.1002/ajpa.23099,Five cemeteries across medieval and renaissance Denmark,Denmark,10.0,1150.0,1810.0,bone (mixed),heavy metal,Zn,range 69-2610 ug/g,observed range,,ug/g,"ICP-MS (Fe, Mn, Al, Ca, Mg, Na, Ba, Sr, Zn, Pb, As); CV-AAS (Hg); c.20 mg samples",yes - thorough decontamination and strict exclusion of non-viable data; excess As identified as diagenetic,full text retrieved (user-supplied PDF),Homeostatically regulated; not a reliable dietary indicator.,0.0,30.0,1120.0,1810.0,1465.0,15.0,"Remodelled bone; roughly the final 10-30 years of life, skewing earlier for cortical.",19 bone elements per individual with differing turnover rates; this study is the empirical basis for the cortical vs trabecular offset distinction.
Rasmussen2017,"Lund Rasmussen K, Skytte L, D'imporzano P, Thomsen PO, Soevsoe M, Boldsen JL (2017)",2017,American Journal of Physical Anthropology,10.1002/ajpa.23099,Five cemeteries across medieval and renaissance Denmark,Denmark,10.0,1150.0,1810.0,bone (mixed),heavy metal,Mn,range 5-11450 ug/g,observed range,,ug/g,"ICP-MS (Fe, Mn, Al, Ca, Mg, Na, Ba, Sr, Zn, Pb, As); CV-AAS (Hg); c.20 mg samples",yes - thorough decontamination and strict exclusion of non-viable data; excess As identified as diagenetic,full text retrieved (user-supplied PDF),Diagenetic marker.,0.0,30.0,1120.0,1810.0,1465.0,15.0,"Remodelled bone; roughly the final 10-30 years of life, skewing earlier for cortical.",19 bone elements per individual with differing turnover rates; this study is the empirical basis for the cortical vs trabecular offset distinction.
Rasmussen2017,"Lund Rasmussen K, Skytte L, D'imporzano P, Thomsen PO, Soevsoe M, Boldsen JL (2017)",2017,American Journal of Physical Anthropology,10.1002/ajpa.23099,Five cemeteries across medieval and renaissance Denmark,Denmark,10.0,1150.0,1810.0,bone (mixed),heavy metal,Fe,range 32-41850 ug/g,observed range,,ug/g,"ICP-MS (Fe, Mn, Al, Ca, Mg, Na, Ba, Sr, Zn, Pb, As); CV-AAS (Hg); c.20 mg samples",yes - thorough decontamination and strict exclusion of non-viable data; excess As identified as diagenetic,full text retrieved (user-supplied PDF),Diagenetic marker.,0.0,30.0,1120.0,1810.0,1465.0,15.0,"Remodelled bone; roughly the final 10-30 years of life, skewing earlier for cortical.",19 bone elements per individual with differing turnover rates; this study is the empirical basis for the cortical vs trabecular offset distinction.
Rasmussen2017,"Lund Rasmussen K, Skytte L, D'imporzano P, Thomsen PO, Soevsoe M, Boldsen JL (2017)",2017,American Journal of Physical Anthropology,10.1002/ajpa.23099,Five cemeteries across medieval and renaissance Denmark,Denmark,10.0,1150.0,1810.0,bone (mixed),heavy metal,Al,range 9-2030 ug/g,observed range,,ug/g,"ICP-MS (Fe, Mn, Al, Ca, Mg, Na, Ba, Sr, Zn, Pb, As); CV-AAS (Hg); c.20 mg samples",yes - thorough decontamination and strict exclusion of non-viable data; excess As identified as diagenetic,full text retrieved (user-supplied PDF),Diagenetic marker - soil contamination.,0.0,30.0,1120.0,1810.0,1465.0,15.0,"Remodelled bone; roughly the final 10-30 years of life, skewing earlier for cortical.",19 bone elements per individual with differing turnover rates; this study is the empirical basis for the cortical vs trabecular offset distinction.
Rasmussen2017,"Lund Rasmussen K, Skytte L, D'imporzano P, Thomsen PO, Soevsoe M, Boldsen JL (2017)",2017,American Journal of Physical Anthropology,10.1002/ajpa.23099,Five cemeteries across medieval and renaissance Denmark,Denmark,10.0,1150.0,1810.0,bone (mixed),heavy metal,bone turnover finding,methodological result,observed range,,,"ICP-MS (Fe, Mn, Al, Ca, Mg, Na, Ba, Sr, Zn, Pb, As); CV-AAS (Hg); c.20 mg samples",yes - thorough decontamination and strict exclusion of non-viable data; excess As identified as diagenetic,full text retrieved (user-supplied PDF),"KEY FOR THE OFFSET MODEL. Cortical tissue records concentrations in equilibrium with the bloodstream over a longer period EARLIER in life than trabecular. Fastest turnover is in trabecular tissue of long bones, hands and feet; slowest in centrally placed trabecular bone such as ilium and spine. Four of 10 individuals show migration or dietary change; six do not.",0.0,30.0,1120.0,1810.0,1465.0,15.0,"Remodelled bone; roughly the final 10-30 years of life, skewing earlier for cortical.",19 bone elements per individual with differing turnover rates; this study is the empirical basis for the cortical vs trabecular offset distinction.
Radini2017,"Radini A, Nikita E, Buckley S, Copeland L, Hardy K (2017)",2017,American Journal of Physical Anthropology (Yearbook),10.1002/ajpa.23147,Review - no single site,,,,,dental calculus,framework,inhalation of airborne particles,non-dietary pathway,pathway category,,,synthesis of published microscopy and residue studies,n/a - review,full text retrieved (user-supplied PDF),"The mouth acts as a ""dust trap"". Smoke, soot, microcharcoal, pollen, insect parts, fungal spores and minute mineral dust all enter by breathing, not eating.",0.0,20.0,,,,,"Calculus accretes through life, weighted to the years before death.",n/a - no measurements.
Radini2017,"Radini A, Nikita E, Buckley S, Copeland L, Hardy K (2017)",2017,American Journal of Physical Anthropology (Yearbook),10.1002/ajpa.23147,Review - no single site,,,,,dental calculus,framework,occupational and craft dust,non-dietary pathway,pathway category,,,synthesis of published microscopy and residue studies,n/a - review,full text retrieved (user-supplied PDF),"Stone-working, pottery manufacture and grain processing generate mineral and organic dust that reaches the mouth.",0.0,20.0,,,,,"Calculus accretes through life, weighted to the years before death.",n/a - no measurements.
Radini2017,"Radini A, Nikita E, Buckley S, Copeland L, Hardy K (2017)",2017,American Journal of Physical Anthropology (Yearbook),10.1002/ajpa.23147,Review - no single site,,,,,dental calculus,framework,the mouth as a third hand,non-dietary pathway,pathway category,,,synthesis of published microscopy and residue studies,n/a - review,full text retrieved (user-supplied PDF),Fibre and hide processing held between the teeth deposits textile and plant fibres directly.,0.0,20.0,,,,,"Calculus accretes through life, weighted to the years before death.",n/a - no measurements.
Radini2017,"Radini A, Nikita E, Buckley S, Copeland L, Hardy K (2017)",2017,American Journal of Physical Anthropology (Yearbook),10.1002/ajpa.23147,Review - no single site,,,,,dental calculus,framework,non-dietary chewing,non-dietary pathway,pathway category,,,synthesis of published microscopy and residue studies,n/a - review,full text retrieved (user-supplied PDF),Tobacco and other leaves chewed without being swallowed.,0.0,20.0,,,,,"Calculus accretes through life, weighted to the years before death.",n/a - no measurements.
Radini2017,"Radini A, Nikita E, Buckley S, Copeland L, Hardy K (2017)",2017,American Journal of Physical Anthropology (Yearbook),10.1002/ajpa.23147,Review - no single site,,,,,dental calculus,framework,oral hygiene activity,non-dietary pathway,pathway category,,,synthesis of published microscopy and residue studies,n/a - review,full text retrieved (user-supplied PDF),Cleaning practices both remove calculus and introduce material.,0.0,20.0,,,,,"Calculus accretes through life, weighted to the years before death.",n/a - no measurements.
Radini2017,"Radini A, Nikita E, Buckley S, Copeland L, Hardy K (2017)",2017,American Journal of Physical Anthropology (Yearbook),10.1002/ajpa.23147,Review - no single site,,,,,dental calculus,framework,post-mortem soil inclusion,non-dietary pathway,pathway category,,,synthesis of published microscopy and residue studies,n/a - review,full text retrieved (user-supplied PDF),Burial-environment particles can enter the matrix after death - the contamination pathway to control for.,0.0,20.0,,,,,"Calculus accretes through life, weighted to the years before death.",n/a - no measurements.
Munkittrick2023,"Munkittrick TJA, Varney TL, Grimes V (2023)",2023,Journal of Archaeological Science,10.1016/j.jas.2023.105803,Review of 55 papers - all occupied continents,global,,-4000.0,1900.0,enamel,framework,papers reviewed,"1979-2021, Neolithic to late 19th century",review statistic,55.0,papers,systematic review of 55 papers published 1979-2021,n/a - review,full text retrieved (user-supplied PDF),THE BIBLIOGRAPHY. Table S1 of the supplement lists all 55 - that is the map to every Pb-in-teeth dataset that exists. Worth pulling the supplement separately.,,,,,,,"Review statistic, not a measurement.",n/a - no measurements. Its central warning IS the offset problem: the biological age of the tooth determines what the value means.
Munkittrick2023,"Munkittrick TJA, Varney TL, Grimes V (2023)",2023,Journal of Archaeological Science,10.1016/j.jas.2023.105803,Review of 55 papers - all occupied continents,global,,-4000.0,1900.0,enamel,framework,studies measuring Pb concentration only,27% of 55,review statistic,15.0,papers,systematic review of 55 papers published 1979-2021,n/a - review,full text retrieved (user-supplied PDF),Concentration without isotopes.,,,,,,,"Review statistic, not a measurement.",n/a - no measurements. Its central warning IS the offset problem: the biological age of the tooth determines what the value means.
Munkittrick2023,"Munkittrick TJA, Varney TL, Grimes V (2023)",2023,Journal of Archaeological Science,10.1016/j.jas.2023.105803,Review of 55 papers - all occupied continents,global,,-4000.0,1900.0,enamel,framework,studies measuring Pb isotopes only,20% of 55,review statistic,11.0,papers,systematic review of 55 papers published 1979-2021,n/a - review,full text retrieved (user-supplied PDF),Isotopes without concentration - provenance rather than exposure.,,,,,,,"Review statistic, not a measurement.",n/a - no measurements. Its central warning IS the offset problem: the biological age of the tooth determines what the value means.
Munkittrick2023,"Munkittrick TJA, Varney TL, Grimes V (2023)",2023,Journal of Archaeological Science,10.1016/j.jas.2023.105803,Review of 55 papers - all occupied continents,global,,-4000.0,1900.0,enamel,framework,studies measuring both,53% of 55,review statistic,29.0,papers,systematic review of 55 papers published 1979-2021,n/a - review,full text retrieved (user-supplied PDF),The most useful category for your purposes.,,,,,,,"Review statistic, not a measurement.",n/a - no measurements. Its central warning IS the offset problem: the biological age of the tooth determines what the value means.
Munkittrick2023,"Munkittrick TJA, Varney TL, Grimes V (2023)",2023,Journal of Archaeological Science,10.1016/j.jas.2023.105803,Review of 55 papers - all occupied continents,global,,-4000.0,1900.0,enamel,framework,studies using enamel only,65% of 55,review statistic,36.0,papers,systematic review of 55 papers published 1979-2021,n/a - review,full text retrieved (user-supplied PDF),"Since 2003 almost all studies use enamel exclusively, because it resists diagenesis.",,,,,,,"Review statistic, not a measurement.",n/a - no measurements. Its central warning IS the offset problem: the biological age of the tooth determines what the value means.
Munkittrick2023,"Munkittrick TJA, Varney TL, Grimes V (2023)",2023,Journal of Archaeological Science,10.1016/j.jas.2023.105803,Review of 55 papers - all occupied continents,global,,-4000.0,1900.0,enamel,framework,studies separating enamel and dentine,24% of 55,review statistic,13.0,papers,systematic review of 55 papers published 1979-2021,n/a - review,full text retrieved (user-supplied PDF),Allows childhood vs later-life comparison within one tooth.,,,,,,,"Review statistic, not a measurement.",n/a - no measurements. Its central warning IS the offset problem: the biological age of the tooth determines what the value means.
Munkittrick2023,"Munkittrick TJA, Varney TL, Grimes V (2023)",2023,Journal of Archaeological Science,10.1016/j.jas.2023.105803,Review of 55 papers - all occupied continents,global,,-4000.0,1900.0,enamel,framework,studies using whole teeth or dentine only,11% of 55,review statistic,6.0,papers,systematic review of 55 papers published 1979-2021,n/a - review,full text retrieved (user-supplied PDF),Least reliable - dentine is more diagenesis-prone.,,,,,,,"Review statistic, not a measurement.",n/a - no measurements. Its central warning IS the offset problem: the biological age of the tooth determines what the value means.
Munkittrick2023,"Munkittrick TJA, Varney TL, Grimes V (2023)",2023,Journal of Archaeological Science,10.1016/j.jas.2023.105803,Review of 55 papers - all occupied continents,global,,-4000.0,1900.0,enamel,framework,studies that considered diagenesis,84% of 55,review statistic,46.0,papers,systematic review of 55 papers published 1979-2021,n/a - review,full text retrieved (user-supplied PDF),"A reassuring majority, though considering is not the same as controlling.",,,,,,,"Review statistic, not a measurement.",n/a - no measurements. Its central warning IS the offset problem: the biological age of the tooth determines what the value means.
Munkittrick2023,"Munkittrick TJA, Varney TL, Grimes V (2023)",2023,Journal of Archaeological Science,10.1016/j.jas.2023.105803,Review of 55 papers - all occupied continents,global,,-4000.0,1900.0,enamel,framework,studies with reproducible isotope methods,"5% of 55 (Turner 2009, Millard 2014, King 2021)",review statistic,3.0,papers,systematic review of 55 papers published 1979-2021,n/a - review,full text retrieved (user-supplied PDF),ONLY THREE of 55 gave enough methodological detail for their Pb isotope analyses to be reproducible. This is the headline critique.,,,,,,,"Review statistic, not a measurement.",n/a - no measurements. Its central warning IS the offset problem: the biological age of the tooth determines what the value means.
Munkittrick2023,"Munkittrick TJA, Varney TL, Grimes V (2023)",2023,Journal of Archaeological Science,10.1016/j.jas.2023.105803,Review of 55 papers - all occupied continents,global,,-4000.0,1900.0,enamel,framework,studies reporting both accuracy and repeatability,3%,review statistic,1.0,papers,systematic review of 55 papers published 1979-2021,n/a - review,full text retrieved (user-supplied PDF),15 (41%) reported accuracy only; 16 (43%) reported variability; 8 (22%) gave insufficient context. Data-quality reporting in this field is poor.,,,,,,,"Review statistic, not a measurement.",n/a - no measurements. Its central warning IS the offset problem: the biological age of the tooth determines what the value means.
Munkittrick2023,"Munkittrick TJA, Varney TL, Grimes V (2023)",2023,Journal of Archaeological Science,10.1016/j.jas.2023.105803,Review of 55 papers - all occupied continents,global,,-4000.0,1900.0,enamel,framework,core recommendation,three-part warning,review statistic,,,systematic review of 55 papers published 1979-2021,n/a - review,full text retrieved (user-supplied PDF),"(1) Account for the biological and cultural age of the tooth, and for the variability introduced by comparing different tooth types - a canine and a third molar record different childhood years. (2) Use archaeological, ethnographic and historical documentation to separate natural from anthropogenic exposure. (3) Consider imported as well as local Pb sources. Directly relevant if you pool Montgomery, Scott, Moore and Erel into one curve: they sample different teeth and different tissues.",,,,,,,"Review statistic, not a measurement.",n/a - no measurements. Its central warning IS the offset problem: the biological age of the tooth determines what the value means.
Rasmussen2008,"Rasmussen KL, Boldsen JL, Kristensen HK, Skytte L, Hansen KL, Moelholm L, Grootes PM, Nadeau MJ, Erikson KMF (2008)",2008,Journal of Archaeological Science,10.1016/j.jas.2008.03.003,Several Danish medieval cemeteries,Denmark,,1100.0,1536.0,cortical bone,heavy metal,Hg,leprosy cases showing mercury medication,proportion treated,79.0,%,CV-AAS; apple-leaf standard at 44 +/- 4 ng/g run daily,yes - soil sampled vertically and horizontally from the thighbone at three graves; diagenesis judged insignificant,full text retrieved (user-supplied PDF),"THE BEHAVIOURAL SIGNAL. 79% of leprosy sufferers carry evidence of mercury-containing medicine. This is a chemical trace of a human RESPONSE to disease, not of the disease itself.",0.0,30.0,1070.0,1536.0,1303.0,15.0,Remodelled bone; the final 10-30 years of life.,"Cortical bone; the final 10-30 years of life. For medical treatment this is appropriate, since treatment happened in adulthood."
Rasmussen2008,"Rasmussen KL, Boldsen JL, Kristensen HK, Skytte L, Hansen KL, Moelholm L, Grootes PM, Nadeau MJ, Erikson KMF (2008)",2008,Journal of Archaeological Science,10.1016/j.jas.2008.03.003,Several Danish medieval cemeteries,Denmark,,1100.0,1536.0,cortical bone,heavy metal,Hg,syphilis cases showing mercury medication,proportion treated,40.0,%,CV-AAS; apple-leaf standard at 44 +/- 4 ng/g run daily,yes - soil sampled vertically and horizontally from the thighbone at three graves; diagenesis judged insignificant,full text retrieved (user-supplied PDF),"40% of syphilis cases treated with mercury. Syphilis is an Early Modern disease in Denmark, so this dates mostly post-1500.",0.0,30.0,1070.0,1536.0,1303.0,15.0,Remodelled bone; the final 10-30 years of life.,"Cortical bone; the final 10-30 years of life. For medical treatment this is appropriate, since treatment happened in adulthood."
Rasmussen2008,"Rasmussen KL, Boldsen JL, Kristensen HK, Skytte L, Hansen KL, Moelholm L, Grootes PM, Nadeau MJ, Erikson KMF (2008)",2008,Journal of Archaeological Science,10.1016/j.jas.2008.03.003,"Cistercian Abbey, Oem - cloister walk",Denmark,,1100.0,1536.0,cortical bone,heavy metal,Hg,monks with heavily increased Hg,qualitative - elevated,,ng/g,CV-AAS; apple-leaf standard at 44 +/- 4 ng/g run daily,yes - soil sampled vertically and horizontally from the thighbone at three graves; diagenesis judged insignificant,full text retrieved (user-supplied PDF),"A substantial number of monks show heavily increased Hg. The authors attribute it either to mercury-containing red ink in the abbey scriptorium or, slightly more likely, to preparing and administering mercury medicine in the abbey hospital. An OCCUPATIONAL exposure signature.",0.0,30.0,1070.0,1536.0,1303.0,15.0,Remodelled bone; the final 10-30 years of life.,"Cortical bone; the final 10-30 years of life. For medical treatment this is appropriate, since treatment happened in adulthood."
Rasmussen2008,"Rasmussen KL, Boldsen JL, Kristensen HK, Skytte L, Hansen KL, Moelholm L, Grootes PM, Nadeau MJ, Erikson KMF (2008)",2008,Journal of Archaeological Science,10.1016/j.jas.2008.03.003,"Franciscan Friary, Svendborg",Denmark,,1100.0,1536.0,cortical bone,heavy metal,Hg,friars showing no elevated Hg,qualitative - not elevated,,ng/g,CV-AAS; apple-leaf standard at 44 +/- 4 ng/g run daily,yes - soil sampled vertically and horizontally from the thighbone at three graves; diagenesis judged insignificant,full text retrieved (user-supplied PDF),"The contrast that makes the Oem finding interpretable: friars at a comparable institution show nothing. Same religious life, different work.",0.0,30.0,1070.0,1536.0,1303.0,15.0,Remodelled bone; the final 10-30 years of life.,"Cortical bone; the final 10-30 years of life. For medical treatment this is appropriate, since treatment happened in adulthood."
Rasmussen2008,"Rasmussen KL, Boldsen JL, Kristensen HK, Skytte L, Hansen KL, Moelholm L, Grootes PM, Nadeau MJ, Erikson KMF (2008)",2008,Journal of Archaeological Science,10.1016/j.jas.2008.03.003,Danish medieval cemeteries (control group),Denmark,,1100.0,1536.0,cortical bone,heavy metal,Hg,background range c.50-100 ng/g,background level,75.0,ng/g,CV-AAS; apple-leaf standard at 44 +/- 4 ng/g run daily,yes - soil sampled vertically and horizontally from the thighbone at three graves; diagenesis judged insignificant,full text retrieved (user-supplied PDF),"Value entered is the midpoint of the stated 50-100 ng/g background. Use the range, not the midpoint, for any threshold.",0.0,30.0,1070.0,1536.0,1303.0,15.0,Remodelled bone; the final 10-30 years of life.,"Cortical bone; the final 10-30 years of life. For medical treatment this is appropriate, since treatment happened in adulthood."
Rasmussen2008,"Rasmussen KL, Boldsen JL, Kristensen HK, Skytte L, Hansen KL, Moelholm L, Grootes PM, Nadeau MJ, Erikson KMF (2008)",2008,Journal of Archaeological Science,10.1016/j.jas.2008.03.003,Grave soil transect (diagenesis control),Denmark,3.0,1100.0,1536.0,soil (control),heavy metal,Hg,24-26 ng/g distant vs 1100 ng/g adjacent to soft tissue,soil Hg gradient,,ng/g,CV-AAS; apple-leaf standard at 44 +/- 4 ng/g run daily,yes - soil sampled vertically and horizontally from the thighbone at three graves; diagenesis judged insignificant,full text retrieved (user-supplied PDF),"Soil immediately around the decomposed soft tissue reaches 1100 ng/g while soil a short distance away is 24-26 ng/g - close to the bone value itself. Mercury moves OUT of the body into the soil, not the reverse, which is the evidence that bone Hg is biogenic.",0.0,0.0,1100.0,1536.0,1318.0,0.0,See Offset rules sheet.,"Cortical bone; the final 10-30 years of life. For medical treatment this is appropriate, since treatment happened in adulthood."
MacKenzie2023,"MacKenzie L, Speller CF, Holst M, Keefe K, Radini A (2023)",2023,Quaternary International,10.1016/j.quaint.2021.09.020,"Cross Street Chapel Cemetery, Manchester",United Kingdom,16.0,1737.0,1847.0,dental calculus,particulate,total particles,males,particle count,4634.0,particles,"light microscopy, 400x, 0.6% HCl decalcification",yes - two-phase decontamination protocol,full text retrieved (user-supplied PDF) - VERIFIED against Table 1,"Table 1. Calculus recovered: 135.4 mg total, 8.4 mg mean per individual.",0.0,20.0,1717.0,1847.0,1782.0,10.0,"Calculus accretes through life, weighted to the years before death.",Calculus; the years before death.
MacKenzie2023,"MacKenzie L, Speller CF, Holst M, Keefe K, Radini A (2023)",2023,Quaternary International,10.1016/j.quaint.2021.09.020,"Cross Street Chapel Cemetery, Manchester",United Kingdom,15.0,1737.0,1847.0,dental calculus,particulate,total particles,females,particle count,3859.0,particles,"light microscopy, 400x, 0.6% HCl decalcification",yes - two-phase decontamination protocol,full text retrieved (user-supplied PDF) - VERIFIED against Table 1,"Table 1. Calculus recovered: 134.14 mg total, 8.94 mg mean per individual.",0.0,20.0,1717.0,1847.0,1782.0,10.0,"Calculus accretes through life, weighted to the years before death.",Calculus; the years before death.
MacKenzie2023,"MacKenzie L, Speller CF, Holst M, Keefe K, Radini A (2023)",2023,Quaternary International,10.1016/j.quaint.2021.09.020,"Cross Street Chapel Cemetery, Manchester",United Kingdom,5.0,1737.0,1847.0,dental calculus,particulate,total particles,unsexed,particle count,915.0,particles,"light microscopy, 400x, 0.6% HCl decalcification",yes - two-phase decontamination protocol,full text retrieved (user-supplied PDF) - VERIFIED against Table 1,"Table 1. Calculus recovered: 102.85 mg total, 20.57 mg mean per individual.",0.0,20.0,1717.0,1847.0,1782.0,10.0,"Calculus accretes through life, weighted to the years before death.",Calculus; the years before death.
MacKenzie2023,"MacKenzie L, Speller CF, Holst M, Keefe K, Radini A (2023)",2023,Quaternary International,10.1016/j.quaint.2021.09.020,"Cross Street Chapel Cemetery, Manchester",United Kingdom,36.0,1737.0,1847.0,dental calculus,particulate,microcharcoal,absence,negative finding,0.0,particles,"light microscopy, 400x, 0.6% HCl decalcification",yes - two-phase decontamination protocol,full text retrieved (user-supplied PDF) - VERIFIED against Table 1,STRIKING NEGATIVE RESULT. No clear evidence of microcharcoal in the calculus of people living in industrial Manchester. The authors caution this must NOT be read as absence of exposure to smoke and fire. A useful counterweight if you are tempted to treat particulate presence as a direct proxy for air quality.,0.0,20.0,1717.0,1847.0,1782.0,10.0,"Calculus accretes through life, weighted to the years before death.",Calculus; the years before death.
MacKenzie2023,"MacKenzie L, Speller CF, Holst M, Keefe K, Radini A (2023)",2023,Quaternary International,10.1016/j.quaint.2021.09.020,"Cross Street Chapel Cemetery, Manchester",United Kingdom,36.0,1737.0,1847.0,dental calculus,particulate,maize and tapioca starch,New World imports,presence,,,"light microscopy, 400x, 0.6% HCl decalcification",yes - two-phase decontamination protocol,full text retrieved (user-supplied PDF) - VERIFIED against Table 1,"Maize and tapioca (Manihot esculenta) starch identified. Evidence of New World foods in the diet of the English urban middle class, complementing Irish Great Famine relief-food studies.",0.0,20.0,1717.0,1847.0,1782.0,10.0,"Calculus accretes through life, weighted to the years before death.",Calculus; the years before death.
Kamenov2018,"Kamenov GD, Lofaro EM, Goad G, Krigbaum J (2018)",2018,Journal of Archaeological Science,10.1016/j.jas.2018.09.002,Modern human enamel (20th-century births),multiple,,1900.0,2000.0,enamel,heavy metal,Pb,"SD 8.6, max 45.5",mean concentration,6.55,ppm,solution ICP-MS on cleaned enamel,n/a - modern reference material,full text retrieved (user-supplied PDF),"THE HEADLINE. Modern enamel averages ten times the archaeological lead. A direct enamel-to-enamel measure of the industrial-era increase, with childhood exposure on both sides. Most archaeological samples are sub-ppm; only 7 of 38 exceed 1 ppm.",25.0,40.0,1860.0,1975.0,1918.0,32.0,Enamel forms in childhood and never remodels.,"Enamel mineralises from c.3-4 months to 12-16 years depending on tooth, so these record 20th-century CHILDHOOD exposure."
Kamenov2018,"Kamenov GD, Lofaro EM, Goad G, Krigbaum J (2018)",2018,Journal of Archaeological Science,10.1016/j.jas.2018.09.002,"Archaeological enamel (pooled, diverse contexts)",multiple,38.0,-4000.0,1800.0,enamel,heavy metal,Pb,"SD 1.41, max 7.2",mean concentration,0.63,ppm,solution ICP-MS on cleaned enamel,yes - MTC screening applied; this is the basis of the method,full text retrieved (user-supplied PDF),"Table 1, archaeological enamel pooled across diverse contexts. Compare with the modern row for the same element.",25.0,40.0,-4040.0,1775.0,-1132.0,32.0,Enamel forms in childhood and never remodels.,Enamel; childhood of each individual.
Kamenov2018,"Kamenov GD, Lofaro EM, Goad G, Krigbaum J (2018)",2018,Journal of Archaeological Science,10.1016/j.jas.2018.09.002,Modern human enamel (20th-century births),multiple,,1900.0,2000.0,enamel,heavy metal,Cr,"SD 1.83, max 10.3",mean concentration,0.8,ppm,solution ICP-MS on cleaned enamel,n/a - modern reference material,full text retrieved (user-supplied PDF),Industrial metal; modern enamel is an order of magnitude higher.,25.0,40.0,1860.0,1975.0,1918.0,32.0,Enamel forms in childhood and never remodels.,"Enamel mineralises from c.3-4 months to 12-16 years depending on tooth, so these record 20th-century CHILDHOOD exposure."
Kamenov2018,"Kamenov GD, Lofaro EM, Goad G, Krigbaum J (2018)",2018,Journal of Archaeological Science,10.1016/j.jas.2018.09.002,"Archaeological enamel (pooled, diverse contexts)",multiple,38.0,-4000.0,1800.0,enamel,heavy metal,Cr,"SD 0.112, max 0.609",mean concentration,0.072,ppm,solution ICP-MS on cleaned enamel,yes - MTC screening applied; this is the basis of the method,full text retrieved (user-supplied PDF),"Table 1, archaeological enamel pooled across diverse contexts. Compare with the modern row for the same element.",25.0,40.0,-4040.0,1775.0,-1132.0,32.0,Enamel forms in childhood and never remodels.,Enamel; childhood of each individual.
Kamenov2018,"Kamenov GD, Lofaro EM, Goad G, Krigbaum J (2018)",2018,Journal of Archaeological Science,10.1016/j.jas.2018.09.002,Modern human enamel (20th-century births),multiple,,1900.0,2000.0,enamel,heavy metal,Ni,"SD 4.9, max 36.5",mean concentration,2.2,ppm,solution ICP-MS on cleaned enamel,n/a - modern reference material,full text retrieved (user-supplied PDF),Industrial metal; modern enamel roughly ten times higher.,25.0,40.0,1860.0,1975.0,1918.0,32.0,Enamel forms in childhood and never remodels.,"Enamel mineralises from c.3-4 months to 12-16 years depending on tooth, so these record 20th-century CHILDHOOD exposure."
Kamenov2018,"Kamenov GD, Lofaro EM, Goad G, Krigbaum J (2018)",2018,Journal of Archaeological Science,10.1016/j.jas.2018.09.002,"Archaeological enamel (pooled, diverse contexts)",multiple,38.0,-4000.0,1800.0,enamel,heavy metal,Ni,"SD 0.17, max 0.91",mean concentration,0.24,ppm,solution ICP-MS on cleaned enamel,yes - MTC screening applied; this is the basis of the method,full text retrieved (user-supplied PDF),"Table 1, archaeological enamel pooled across diverse contexts. Compare with the modern row for the same element.",25.0,40.0,-4040.0,1775.0,-1132.0,32.0,Enamel forms in childhood and never remodels.,Enamel; childhood of each individual.
Kamenov2018,"Kamenov GD, Lofaro EM, Goad G, Krigbaum J (2018)",2018,Journal of Archaeological Science,10.1016/j.jas.2018.09.002,Modern human enamel (20th-century births),multiple,,1900.0,2000.0,enamel,heavy metal,Cu,"SD 7.4, max 32.9",mean concentration,3.6,ppm,solution ICP-MS on cleaned enamel,n/a - modern reference material,full text retrieved (user-supplied PDF),Over an order of magnitude elevated in modern enamel. One modern sample with Cu 1107 ppm and Zn 650 ppm was excluded as dental restoration.,25.0,40.0,1860.0,1975.0,1918.0,32.0,Enamel forms in childhood and never remodels.,"Enamel mineralises from c.3-4 months to 12-16 years depending on tooth, so these record 20th-century CHILDHOOD exposure."
Kamenov2018,"Kamenov GD, Lofaro EM, Goad G, Krigbaum J (2018)",2018,Journal of Archaeological Science,10.1016/j.jas.2018.09.002,"Archaeological enamel (pooled, diverse contexts)",multiple,38.0,-4000.0,1800.0,enamel,heavy metal,Cu,"SD 0.34, max 1.44",mean concentration,0.25,ppm,solution ICP-MS on cleaned enamel,yes - MTC screening applied; this is the basis of the method,full text retrieved (user-supplied PDF),"Table 1, archaeological enamel pooled across diverse contexts. Compare with the modern row for the same element.",25.0,40.0,-4040.0,1775.0,-1132.0,32.0,Enamel forms in childhood and never remodels.,Enamel; childhood of each individual.
Kamenov2018,"Kamenov GD, Lofaro EM, Goad G, Krigbaum J (2018)",2018,Journal of Archaeological Science,10.1016/j.jas.2018.09.002,Modern human enamel (20th-century births),multiple,,1900.0,2000.0,enamel,heavy metal,Zn,"SD 77, max 474",mean concentration,215.0,ppm,solution ICP-MS on cleaned enamel,n/a - modern reference material,full text retrieved (user-supplied PDF),"Modern higher on average, but the ranges overlap - Zn is homeostatically regulated and a poor exposure marker.",25.0,40.0,1860.0,1975.0,1918.0,32.0,Enamel forms in childhood and never remodels.,"Enamel mineralises from c.3-4 months to 12-16 years depending on tooth, so these record 20th-century CHILDHOOD exposure."
Kamenov2018,"Kamenov GD, Lofaro EM, Goad G, Krigbaum J (2018)",2018,Journal of Archaeological Science,10.1016/j.jas.2018.09.002,"Archaeological enamel (pooled, diverse contexts)",multiple,38.0,-4000.0,1800.0,enamel,heavy metal,Zn,"SD 98, max 687",mean concentration,145.0,ppm,solution ICP-MS on cleaned enamel,yes - MTC screening applied; this is the basis of the method,full text retrieved (user-supplied PDF),"Table 1, archaeological enamel pooled across diverse contexts. Compare with the modern row for the same element.",25.0,40.0,-4040.0,1775.0,-1132.0,32.0,Enamel forms in childhood and never remodels.,Enamel; childhood of each individual.
Kamenov2018,"Kamenov GD, Lofaro EM, Goad G, Krigbaum J (2018)",2018,Journal of Archaeological Science,10.1016/j.jas.2018.09.002,Modern human enamel (20th-century births),multiple,,1900.0,2000.0,enamel,heavy metal,Sr,"SD 178, max 1344",mean concentration,168.0,ppm,solution ICP-MS on cleaned enamel,n/a - modern reference material,full text retrieved (user-supplied PDF),Essentially unchanged between modern and archaeological - as expected for a dietary and geological signal rather than an industrial one.,25.0,40.0,1860.0,1975.0,1918.0,32.0,Enamel forms in childhood and never remodels.,"Enamel mineralises from c.3-4 months to 12-16 years depending on tooth, so these record 20th-century CHILDHOOD exposure."
Kamenov2018,"Kamenov GD, Lofaro EM, Goad G, Krigbaum J (2018)",2018,Journal of Archaeological Science,10.1016/j.jas.2018.09.002,"Archaeological enamel (pooled, diverse contexts)",multiple,38.0,-4000.0,1800.0,enamel,heavy metal,Sr,"SD 45, max 373",mean concentration,188.0,ppm,solution ICP-MS on cleaned enamel,yes - MTC screening applied; this is the basis of the method,full text retrieved (user-supplied PDF),"Table 1, archaeological enamel pooled across diverse contexts. Compare with the modern row for the same element.",25.0,40.0,-4040.0,1775.0,-1132.0,32.0,Enamel forms in childhood and never remodels.,Enamel; childhood of each individual.
Kamenov2018,"Kamenov GD, Lofaro EM, Goad G, Krigbaum J (2018)",2018,Journal of Archaeological Science,10.1016/j.jas.2018.09.002,Modern human enamel (20th-century births),multiple,,1900.0,2000.0,enamel,heavy metal,Ba,"SD 4.4, max 31.3",mean concentration,4.6,ppm,solution ICP-MS on cleaned enamel,n/a - modern reference material,full text retrieved (user-supplied PDF),Little difference.,25.0,40.0,1860.0,1975.0,1918.0,32.0,Enamel forms in childhood and never remodels.,"Enamel mineralises from c.3-4 months to 12-16 years depending on tooth, so these record 20th-century CHILDHOOD exposure."
Kamenov2018,"Kamenov GD, Lofaro EM, Goad G, Krigbaum J (2018)",2018,Journal of Archaeological Science,10.1016/j.jas.2018.09.002,"Archaeological enamel (pooled, diverse contexts)",multiple,38.0,-4000.0,1800.0,enamel,heavy metal,Ba,"SD 3.9, max 19.6",mean concentration,3.2,ppm,solution ICP-MS on cleaned enamel,yes - MTC screening applied; this is the basis of the method,full text retrieved (user-supplied PDF),"Table 1, archaeological enamel pooled across diverse contexts. Compare with the modern row for the same element.",25.0,40.0,-4040.0,1775.0,-1132.0,32.0,Enamel forms in childhood and never remodels.,Enamel; childhood of each individual.
Kamenov2018,"Kamenov GD, Lofaro EM, Goad G, Krigbaum J (2018)",2018,Journal of Archaeological Science,10.1016/j.jas.2018.09.002,Modern human enamel (20th-century births),multiple,,1900.0,2000.0,enamel,heavy metal,Mg,"SD 623, max 5225",mean concentration,3075.0,ppm,solution ICP-MS on cleaned enamel,n/a - modern reference material,full text retrieved (user-supplied PDF),Archaeological within error of modern - evidence the enamel matrix itself is well preserved.,25.0,40.0,1860.0,1975.0,1918.0,32.0,Enamel forms in childhood and never remodels.,"Enamel mineralises from c.3-4 months to 12-16 years depending on tooth, so these record 20th-century CHILDHOOD exposure."
Kamenov2018,"Kamenov GD, Lofaro EM, Goad G, Krigbaum J (2018)",2018,Journal of Archaeological Science,10.1016/j.jas.2018.09.002,"Archaeological enamel (pooled, diverse contexts)",multiple,38.0,-4000.0,1800.0,enamel,heavy metal,Mg,"SD 293, max 3082",mean concentration,2430.0,ppm,solution ICP-MS on cleaned enamel,yes - MTC screening applied; this is the basis of the method,full text retrieved (user-supplied PDF),"Table 1, archaeological enamel pooled across diverse contexts. Compare with the modern row for the same element.",25.0,40.0,-4040.0,1775.0,-1132.0,32.0,Enamel forms in childhood and never remodels.,Enamel; childhood of each individual.
Kamenov2018,"Kamenov GD, Lofaro EM, Goad G, Krigbaum J (2018)",2018,Journal of Archaeological Science,10.1016/j.jas.2018.09.002,Maximum Threshold Concentration screen,,,,,enamel,framework,MTC threshold - V,archaeological max observed 0.654 ppm,diagenesis threshold,0.11,ppm,solution ICP-MS on cleaned enamel,n/a - this IS the diagenesis test,full text retrieved (user-supplied PDF),MTC = modern max + 2x modern SD. Any archaeological enamel sample exceeding 0.11 ppm V is diagenetically altered. redox-sensitive; often the first element to exceed MTC in weakly altered samples. Normalise each sample to MTC (C/MTC); values below 1 indicate no detectable alteration.,,,,,,,"Screening threshold, not a measurement.","n/a - a screening threshold, not a measurement."
Kamenov2018,"Kamenov GD, Lofaro EM, Goad G, Krigbaum J (2018)",2018,Journal of Archaeological Science,10.1016/j.jas.2018.09.002,Maximum Threshold Concentration screen,,,,,enamel,framework,MTC threshold - Mn,archaeological max observed 152 ppm,diagenesis threshold,15.4,ppm,solution ICP-MS on cleaned enamel,n/a - this IS the diagenesis test,full text retrieved (user-supplied PDF),MTC = modern max + 2x modern SD. Any archaeological enamel sample exceeding 15.4 ppm Mn is diagenetically altered. archaeological mean 12.70 vs modern 1.95 - a classic post-mortem addition. Normalise each sample to MTC (C/MTC); values below 1 indicate no detectable alteration.,,,,,,,"Screening threshold, not a measurement.","n/a - a screening threshold, not a measurement."
Kamenov2018,"Kamenov GD, Lofaro EM, Goad G, Krigbaum J (2018)",2018,Journal of Archaeological Science,10.1016/j.jas.2018.09.002,Maximum Threshold Concentration screen,,,,,enamel,framework,MTC threshold - Fe,archaeological max observed 447 ppm,diagenesis threshold,143.0,ppm,solution ICP-MS on cleaned enamel,n/a - this IS the diagenesis test,full text retrieved (user-supplied PDF),MTC = modern max + 2x modern SD. Any archaeological enamel sample exceeding 143 ppm Fe is diagenetically altered. archaeological max 447 vs modern max 104. Normalise each sample to MTC (C/MTC); values below 1 indicate no detectable alteration.,,,,,,,"Screening threshold, not a measurement.","n/a - a screening threshold, not a measurement."
Kamenov2018,"Kamenov GD, Lofaro EM, Goad G, Krigbaum J (2018)",2018,Journal of Archaeological Science,10.1016/j.jas.2018.09.002,Maximum Threshold Concentration screen,,,,,enamel,framework,MTC threshold - La,archaeological max observed 1.82 ppm,diagenesis threshold,0.1,ppm,solution ICP-MS on cleaned enamel,n/a - this IS the diagenesis test,full text retrieved (user-supplied PDF),MTC = modern max + 2x modern SD. Any archaeological enamel sample exceeding 0.1 ppm La is diagenetically altered. rare earth element. Normalise each sample to MTC (C/MTC); values below 1 indicate no detectable alteration.,,,,,,,"Screening threshold, not a measurement.","n/a - a screening threshold, not a measurement."
Kamenov2018,"Kamenov GD, Lofaro EM, Goad G, Krigbaum J (2018)",2018,Journal of Archaeological Science,10.1016/j.jas.2018.09.002,Maximum Threshold Concentration screen,,,,,enamel,framework,MTC threshold - Ce,archaeological max observed 2.554 ppm,diagenesis threshold,0.12,ppm,solution ICP-MS on cleaned enamel,n/a - this IS the diagenesis test,full text retrieved (user-supplied PDF),MTC = modern max + 2x modern SD. Any archaeological enamel sample exceeding 0.12 ppm Ce is diagenetically altered. rare earth element. Normalise each sample to MTC (C/MTC); values below 1 indicate no detectable alteration.,,,,,,,"Screening threshold, not a measurement.","n/a - a screening threshold, not a measurement."
Kamenov2018,"Kamenov GD, Lofaro EM, Goad G, Krigbaum J (2018)",2018,Journal of Archaeological Science,10.1016/j.jas.2018.09.002,Maximum Threshold Concentration screen,,,,,enamel,framework,MTC threshold - Nd,archaeological max observed 1.46 ppm,diagenesis threshold,0.058,ppm,solution ICP-MS on cleaned enamel,n/a - this IS the diagenesis test,full text retrieved (user-supplied PDF),MTC = modern max + 2x modern SD. Any archaeological enamel sample exceeding 0.058 ppm Nd is diagenetically altered. rare earth element. Normalise each sample to MTC (C/MTC); values below 1 indicate no detectable alteration.,,,,,,,"Screening threshold, not a measurement.","n/a - a screening threshold, not a measurement."
Kamenov2018,"Kamenov GD, Lofaro EM, Goad G, Krigbaum J (2018)",2018,Journal of Archaeological Science,10.1016/j.jas.2018.09.002,Maximum Threshold Concentration screen,,,,,enamel,framework,MTC threshold - Dy,archaeological max observed 0.2374 ppm,diagenesis threshold,0.009,ppm,solution ICP-MS on cleaned enamel,n/a - this IS the diagenesis test,full text retrieved (user-supplied PDF),MTC = modern max + 2x modern SD. Any archaeological enamel sample exceeding 0.009 ppm Dy is diagenetically altered. rare earth element. Normalise each sample to MTC (C/MTC); values below 1 indicate no detectable alteration.,,,,,,,"Screening threshold, not a measurement.","n/a - a screening threshold, not a measurement."
Kamenov2018,"Kamenov GD, Lofaro EM, Goad G, Krigbaum J (2018)",2018,Journal of Archaeological Science,10.1016/j.jas.2018.09.002,Maximum Threshold Concentration screen,,,,,enamel,framework,MTC threshold - Yb,archaeological max observed 0.12 ppm,diagenesis threshold,0.021,ppm,solution ICP-MS on cleaned enamel,n/a - this IS the diagenesis test,full text retrieved (user-supplied PDF),MTC = modern max + 2x modern SD. Any archaeological enamel sample exceeding 0.021 ppm Yb is diagenetically altered. rare earth element. Normalise each sample to MTC (C/MTC); values below 1 indicate no detectable alteration.,,,,,,,"Screening threshold, not a measurement.","n/a - a screening threshold, not a measurement."
Kamenov2018,"Kamenov GD, Lofaro EM, Goad G, Krigbaum J (2018)",2018,Journal of Archaeological Science,10.1016/j.jas.2018.09.002,Maximum Threshold Concentration screen,,,,,enamel,framework,MTC threshold - Th,archaeological max observed 0.078 ppm,diagenesis threshold,0.05,ppm,solution ICP-MS on cleaned enamel,n/a - this IS the diagenesis test,full text retrieved (user-supplied PDF),MTC = modern max + 2x modern SD. Any archaeological enamel sample exceeding 0.05 ppm Th is diagenetically altered. actinide. Normalise each sample to MTC (C/MTC); values below 1 indicate no detectable alteration.,,,,,,,"Screening threshold, not a measurement.","n/a - a screening threshold, not a measurement."
Kamenov2018,"Kamenov GD, Lofaro EM, Goad G, Krigbaum J (2018)",2018,Journal of Archaeological Science,10.1016/j.jas.2018.09.002,Maximum Threshold Concentration screen,,,,,enamel,framework,MTC threshold - U,archaeological max observed 0.155 ppm,diagenesis threshold,0.05,ppm,solution ICP-MS on cleaned enamel,n/a - this IS the diagenesis test,full text retrieved (user-supplied PDF),MTC = modern max + 2x modern SD. Any archaeological enamel sample exceeding 0.05 ppm U is diagenetically altered. actinide. Normalise each sample to MTC (C/MTC); values below 1 indicate no detectable alteration.,,,,,,,"Screening threshold, not a measurement.","n/a - a screening threshold, not a measurement."
Kamenov2018,"Kamenov GD, Lofaro EM, Goad G, Krigbaum J (2018)",2018,Journal of Archaeological Science,10.1016/j.jas.2018.09.002,Maximum Threshold Concentration screen,,,,,enamel,framework,MTC method,how to apply the screen,diagenesis threshold,,ppm,solution ICP-MS on cleaned enamel,n/a - this IS the diagenesis test,full text retrieved (user-supplied PDF),"Screen on V, Mn, Fe, La, Ce, Nd, Dy, Yb, Th and U. All C/MTC < 1 means no detectable alteration. One element above MTC (typically V) means weak alteration. All elements above MTC means heavy alteration. Crucially for your project: SLIGHTLY altered enamel still preserves the original in-vivo Sr isotope signal, but the Pb ISOTOPE signal may already be compromised; in heavily altered enamel both Sr and Pb, isotopes and concentrations, are affected. Even within one site of uniform age and geology, preservation ranges from pristine to heavily altered - so screen per sample, never per site.",,,,,,,"Screening threshold, not a measurement.","n/a - a screening threshold, not a measurement."
Kamenov2018,"Kamenov GD, Lofaro EM, Goad G, Krigbaum J (2018)",2018,Journal of Archaeological Science,10.1016/j.jas.2018.09.002,Maximum Threshold Concentration screen,,,,,enamel,framework,enamel formation window (confirmation),3-4 months to 12-16 years,diagenesis threshold,,ppm,solution ICP-MS on cleaned enamel,n/a - this IS the diagenesis test,full text retrieved (user-supplied PDF),Permanent-dentition enamel mineralises from about 3-4 months to 12-16 years depending on the tooth. Once mineralisation is complete the childhood elemental and isotope signals remain unchanged throughout life. Independent confirmation of the offset model and of the London Atlas ranges in the Enamel formation ages sheet.,,,,,,,"Screening threshold, not a measurement.","n/a - a screening threshold, not a measurement."
Simpson2021,"Simpson R, Cooper DML, Swanston T, Coulthard I, Varney TL (2021)",2021,Archaeological and Anthropological Sciences,10.1007/s12520-020-01262-4,Review - no single site,n/a,,,,trabecular bone,framework,bone turnover rate - trabecular (ilium),full remodelling in roughly 6 years,turnover rate,17.7,% per year,literature review,n/a - review,full text retrieved (user-supplied PDF),Trabecular bone turns over far faster than cortical. Frost 1969; Parfitt 2002; Skedros et al. 2013.,,,,,,,"Review finding, not a measurement. This paper supplies the offset rules themselves.",n/a - this paper IS the source of the offset rules.
Simpson2021,"Simpson R, Cooper DML, Swanston T, Coulthard I, Varney TL (2021)",2021,Archaeological and Anthropological Sciences,10.1007/s12520-020-01262-4,Review - no single site,n/a,,,,cortical bone,framework,bone turnover rate - cortical (ilium),full remodelling in roughly 13 years,turnover rate,7.7,% per year,literature review,n/a - review,full text retrieved (user-supplied PDF),"Cortical ilium. Note this is much faster than femoral cortical - turnover is bone-specific, not just tissue-specific.",,,,,,,"Review finding, not a measurement. This paper supplies the offset rules themselves.",n/a - this paper IS the source of the offset rules.
Simpson2021,"Simpson R, Cooper DML, Swanston T, Coulthard I, Varney TL (2021)",2021,Archaeological and Anthropological Sciences,10.1007/s12520-020-01262-4,Review - no single site,n/a,,,,cortical bone,framework,"bone turnover rate - femur collagen, males",range 1.5-3% per year; full remodelling in roughly 33-65 years,turnover rate,2.25,% per year,literature review,n/a - review,full text retrieved (user-supplied PDF),"Hedges et al. 2007, using Cold War bomb-test radiocarbon as a tracer in 67 adults aged 40-97. Value entered is the midpoint of the 1.5-3% range.",,,,,,,"Review finding, not a measurement. This paper supplies the offset rules themselves.",n/a - this paper IS the source of the offset rules.
Simpson2021,"Simpson R, Cooper DML, Swanston T, Coulthard I, Varney TL (2021)",2021,Archaeological and Anthropological Sciences,10.1007/s12520-020-01262-4,Review - no single site,n/a,,,,cortical bone,framework,"bone turnover rate - femur collagen, females",range 3-4% per year; full remodelling in roughly 25-33 years,turnover rate,3.5,% per year,literature review,n/a - review,full text retrieved (user-supplied PDF),"Hedges et al. 2007. Women remodel faster than men, so a female femur integrates a SHORTER window than a male one - a sex effect worth carrying if you split by sex.",,,,,,,"Review finding, not a measurement. This paper supplies the offset rules themselves.",n/a - this paper IS the source of the offset rules.
Simpson2021,"Simpson R, Cooper DML, Swanston T, Coulthard I, Varney TL (2021)",2021,Archaeological and Anthropological Sciences,10.1007/s12520-020-01262-4,Review - no single site,n/a,,,,trabecular bone,framework,bone turnover - ribs and phalanges,a couple of years to fully remodel,turnover rate,,years,literature review,n/a - review,full text retrieved (user-supplied PDF),The fastest-turning-over elements. A rib records the last few years; a femur records decades.,,,,,,,"Review finding, not a measurement. This paper supplies the offset rules themselves.",n/a - this paper IS the source of the offset rules.
Simpson2021,"Simpson R, Cooper DML, Swanston T, Coulthard I, Varney TL (2021)",2021,Archaeological and Anthropological Sciences,10.1007/s12520-020-01262-4,Review - no single site,n/a,,,,cortical bone,framework,bone turnover - long bones (femur),years to decades to fully remodel,turnover rate,,years,literature review,n/a - review,full text retrieved (user-supplied PDF),IMPORTANT. Most of the heavy-metal rows in this dataset are femoral. They integrate far longer than the generic 0-30 year cortical window assumes.,,,,,,,"Review finding, not a measurement. This paper supplies the offset rules themselves.",n/a - this paper IS the source of the offset rules.
Simpson2021,"Simpson R, Cooper DML, Swanston T, Coulthard I, Varney TL (2021)",2021,Archaeological and Anthropological Sciences,10.1007/s12520-020-01262-4,Review - no single site,n/a,,,,n/a,framework,teeth do not remodel,enamel and primary dentin = childhood only,review finding,,n/a,literature review,n/a - review,full text retrieved (user-supplied PDF),Enamel and primary dentin form in layers during childhood and never change afterwards. Secondary dentin and cementum continue to form and give a somewhat linear record of lifetime exposure.,,,,,,,"Review finding, not a measurement. This paper supplies the offset rules themselves.",n/a - this paper IS the source of the offset rules.
Simpson2021,"Simpson R, Cooper DML, Swanston T, Coulthard I, Varney TL (2021)",2021,Archaeological and Anthropological Sciences,10.1007/s12520-020-01262-4,Review - no single site,n/a,,,,n/a,framework,"different teeth, different windows",separate windows into specific childhood periods,review finding,,n/a,literature review,n/a - review,full text retrieved (user-supplied PDF),"Teeth form at established intervals, so the trace-element composition of different teeth gives separate windows into different parts of childhood. This is the mechanism behind the Enamel formation ages sheet - and the reason pooling values across tooth types is hazardous.",,,,,,,"Review finding, not a measurement. This paper supplies the offset rules themselves.",n/a - this paper IS the source of the offset rules.
Simpson2021,"Simpson R, Cooper DML, Swanston T, Coulthard I, Varney TL (2021)",2021,Archaeological and Anthropological Sciences,10.1007/s12520-020-01262-4,Review - no single site,n/a,,,,n/a,framework,"Ba, Pb and Sr have strong skeletal affinity",up to 99% of total body burden in bone and teeth,review finding,,n/a,literature review,n/a - review,full text retrieved (user-supplied PDF),"Sequestered for YEARS in bone and for a LIFETIME in teeth. This is why these three are the reliable exposure elements, and why enamel is the preferred tissue.",,,,,,,"Review finding, not a measurement. This paper supplies the offset rules themselves.",n/a - this paper IS the source of the offset rules.
Simpson2021,"Simpson R, Cooper DML, Swanston T, Coulthard I, Varney TL (2021)",2021,Archaeological and Anthropological Sciences,10.1007/s12520-020-01262-4,Review - no single site,n/a,,,,n/a,framework,unsuitable elements for palaeodiet,"homeostatically regulated, or lacking skeletal affinity",review finding,,n/a,literature review,n/a - review,full text retrieved (user-supplied PDF),"The review's central critique of past work: studies failed to account for diagenesis, oversimplified uptake and regulation, and used unsuitable elements. Zn, Cu, Mg and Fe are homeostatically regulated and do not satisfy the conditions for dietary reconstruction, despite continued use.",,,,,,,"Review finding, not a measurement. This paper supplies the offset rules themselves.",n/a - this paper IS the source of the offset rules.
Simpson2021,"Simpson R, Cooper DML, Swanston T, Coulthard I, Varney TL (2021)",2021,Archaeological and Anthropological Sciences,10.1007/s12520-020-01262-4,Review - no single site,n/a,,,,n/a,framework,Sr/Ca for breastfeeding,weaning reconstruction,review finding,,n/a,literature review,n/a - review,full text retrieved (user-supplied PDF),Sr/Ca ratios have genuine utility in reconstructing breastfeeding and weaning - a childhood-behaviour signal that sits naturally alongside enamel hypoplasia in your stress layer.,,,,,,,"Review finding, not a measurement. This paper supplies the offset rules themselves.",n/a - this paper IS the source of the offset rules.
Simpson2021,"Simpson R, Cooper DML, Swanston T, Coulthard I, Varney TL (2021)",2021,Archaeological and Anthropological Sciences,10.1007/s12520-020-01262-4,Review - no single site,n/a,,,,n/a,framework,diagenesis is not predictable,unpredictable and site-dependent,review finding,,n/a,literature review,n/a - review,full text retrieved (user-supplied PDF),"Long-term diagenetic change is unpredictable and site-dependent. Bone acts as a medium that EXTRACTS heavy metals from water and soil, so comparing skeleton to soil alone cannot establish absence of contamination.",,,,,,,"Review finding, not a measurement. This paper supplies the offset rules themselves.",n/a - this paper IS the source of the offset rules.
