project_name,publication_year,publication_doi,site_name,latitude,longitude,geo_loc_name,study_primary_focus,sequence_name,depth,sample_name,sample_age,sample_age_doi,feature,material,sampling_date,archive,archive_project,archive_accession,dir_type,sample_host,community_type,singlegenome_domain,singlegenome_species,genome_type,data_type
Warinner2014,2014,10.1038/ng.2906,Dalheim,51.565,8.84,Germany,,,,B61,900,10.1038/ng.2906,,dental calculus,,SRA,PRJNA216965,"SRS473742,SRS473743,SRS473744,SRS473745",Ancient Metagenome - Host-associated,Homo sapiens,oral,,,,
Warinner2014,2014,10.1038/ng.2906,Dalheim,51.565,8.84,Germany,,,,G12,900,10.1038/ng.2906,,dental calculus,,SRA,PRJNA216965,"SRS473747,SRS473746,SRS473748,SRS473749,SRS473750",Ancient Metagenome - Host-associated,Homo sapiens,oral,,,,
Weyrich2017,2017,10.1038/nature21674,Gola Forest,7.657,-10.841,Sierra Leone,,,,Chimp,100,10.1038/nature21674,,dental calculus,,SRA,PRJNA685265,SRS7890499,Ancient Metagenome - Host-associated,Pan troglodytes,oral,,,,
Weyrich2017,2017,10.1038/nature21674,El Sidrón Cave,43.386,-5.328,Spain,,,,ElSidron1,49000,10.1038/nature21674,,dental calculus,,SRA,PRJNA685265,SRS7890498,Ancient Metagenome - Host-associated,Homo sapiens neanderthalensis,oral,,,,
Weyrich2017,2017,10.1038/nature21674,El Sidrón Cave,43.386,-5.329,Spain,,,,ElSidron2,49000,10.1038/nature21674,,dental calculus,,SRA,PRJNA685265,SRS7890496,Ancient Metagenome - Host-associated,Homo sapiens neanderthalensis,oral,,,,
Weyrich2017,2017,10.1038/nature21674,Spy Cave,50.48,4.674,Belgium,,,,Spy1,35800,10.1038/nature21674,,dental calculus,,SRA,PRJNA685265,SRS7890491,Ancient Metagenome - Host-associated,Homo sapiens neanderthalensis,oral,,,,
Weyrich2017,2017,10.1038/nature21674,Spy Cave,50.48,4.674,Belgium,,,,Spy2,36000,10.1038/nature21674,,dental calculus,,SRA,PRJNA685265,SRS7890487,Ancient Metagenome - Host-associated,Homo sapiens neanderthalensis,oral,,,,
Weyrich2017,2017,10.1038/nature21674,Dudka,53.96,21.86,Poland,,,,EuroHG1,7600,10.1038/nature21674,,dental calculus,,SRA,PRJNA685265,SRS7890494,Ancient Metagenome - Host-associated,Homo sapiens,oral,,,,
Weyrich2017,2017,10.1038/nature21674,Dudka,53.96,21.86,Poland,,,,EuroHG2,7600,10.1038/nature21674,,dental calculus,,SRA,PRJNA685265,SRS7890489,Ancient Metagenome - Host-associated,Homo sapiens,oral,,,,
Weyrich2017,2017,10.1038/nature21674,Stuttgart-Mühlhausen I,48.839,9.227,Germany,,,,EuroLBK1,7400,10.1038/nature21674,,dental calculus,,SRA,PRJNA685265,SRS7890488,Ancient Metagenome - Host-associated,Homo sapiens,oral,,,,
Weyrich2017,2017,10.1038/nature21674,Stuttgart-Mühlhausen I,48.839,9.227,Germany,,,,EuroLBK2,7400,10.1038/nature21674,,dental calculus,,SRA,PRJNA685265,SRS7890485,Ancient Metagenome - Host-associated,Homo sapiens,oral,,,,
Weyrich2017,2017,10.1038/nature21674,Stuttgart-Mühlhausen I,48.839,9.227,Germany,,,,EuroLBK3,7400,10.1038/nature21674,,dental calculus,,SRA,PRJNA685265,SRS7890490,Ancient Metagenome - Host-associated,Homo sapiens,oral,,,,
Weyrich2017,2017,10.1038/nature21674,Al Khiday,15.441,32.381,Sudan,,,,Sudan1,5000,10.1038/nature21674,,dental calculus,,SRA,PRJNA685265,SRS7890505,Ancient Metagenome - Host-associated,Homo sapiens,oral,,,,
Weyrich2017,2017,10.1038/nature21674,Al Khiday,15.441,32.381,Sudan,,,,Sudan2,5000,10.1038/nature21674,,dental calculus,,SRA,PRJNA685265,SRS7890503,Ancient Metagenome - Host-associated,Homo sapiens,oral,,,,
Weyrich2017,2017,10.1038/nature21674,Near Cape Town,,,South Africa,,,,AfrSF1,2300,10.1038/nature21674,,dental calculus,,SRA,PRJNA685265,SRS7890483,Ancient Metagenome - Host-associated,Homo sapiens,oral,,,,
Weyrich2017,2017,10.1038/nature21674,Near Cape Town,,,South Africa,,,,AfrSF2,3800,10.1038/nature21674,,dental calculus,,SRA,PRJNA685265,SRS7890484,Ancient Metagenome - Host-associated,Homo sapiens,oral,,,,
Weyrich2017,2017,10.1038/nature21674,Jewbury,53.962,-1.075,United Kingdom,,,,UrbMed1,800,10.1038/nature21674,,dental calculus,,SRA,PRJNA685265,SRS7890495,Ancient Metagenome - Host-associated,Homo sapiens,oral,,,,
Weyrich2017,2017,10.1038/nature21674,Jewbury,53.962,-1.075,United Kingdom,,,,UrbWar2,800,10.1038/nature21674,,dental calculus,,SRA,PRJNA685265,SRS7890492,Ancient Metagenome - Host-associated,Homo sapiens,oral,,,,
Weyrich2017,2017,10.1038/nature21674,Near Cape Town,,,South Africa,,,,AfrPP2,600,10.1038/nature21674,,dental calculus,,SRA,PRJNA685265,SRS7890486,Ancient Metagenome - Host-associated,Homo sapiens,oral,,,,
Weyrich2017,2017,10.1038/nature21674,Near Cape Town,,,South Africa,,,,AfrPP1,600,10.1038/nature21674,,dental calculus,,SRA,PRJNA685265,SRS7890504,Ancient Metagenome - Host-associated,Homo sapiens,oral,,,,
Weyrich2017,2017,10.1038/nature21674,Hettstedt Gymnasium,51.646,11.512,Germany,,,,IndRev1,200,10.1038/nature21674,,dental calculus,,SRA,PRJNA685265,SRS7890501,Ancient Metagenome - Host-associated,Homo sapiens,oral,,,,
Weyrich2017,2017,10.1038/nature21674,Hettstedt Gymnasium,51.646,11.512,Germany,,,,IndRev2,200,10.1038/nature21674,,dental calculus,,SRA,PRJNA685265,SRS7890502,Ancient Metagenome - Host-associated,Homo sapiens,oral,,,,
Velsko2019,2019,10.1186/s40168-019-0717-3,Radcliffe Infirmary,51.752,-1.257,United Kingdom,,,,CS01,200,10.1186/s40168-019-0717-3,,dental calculus,,ENA,PRJEB30331,"ERS2985742,ERS3881508",Ancient Metagenome - Host-associated,Homo sapiens,oral,,,,
Velsko2019,2019,10.1186/s40168-019-0717-3,Radcliffe Infirmary,51.752,-1.257,United Kingdom,,,,CS02,200,10.1186/s40168-019-0717-3,,dental calculus,,ENA,PRJEB30331,"ERS2985743,ERS3881509",Ancient Metagenome - Host-associated,Homo sapiens,oral,,,,
Velsko2019,2019,10.1186/s40168-019-0717-3,Radcliffe Infirmary,51.752,-1.257,United Kingdom,,,,CS03,200,10.1186/s40168-019-0717-3,,dental calculus,,ENA,PRJEB30331,"ERS2985744,ERS3881510",Ancient Metagenome - Host-associated,Homo sapiens,oral,,,,
Velsko2019,2019,10.1186/s40168-019-0717-3,Radcliffe Infirmary,51.752,-1.257,United Kingdom,,,,CS04,200,10.1186/s40168-019-0717-3,,dental calculus,,ENA,PRJEB30331,"ERS2985745,ERS3881511",Ancient Metagenome - Host-associated,Homo sapiens,oral,,,,
Velsko2019,2019,10.1186/s40168-019-0717-3,Radcliffe Infirmary,51.752,-1.257,United Kingdom,,,,CS05,200,10.1186/s40168-019-0717-3,,dental calculus,,ENA,PRJEB30331,ERS3881512,Ancient Metagenome - Host-associated,Homo sapiens,oral,,,,
Velsko2019,2019,10.1186/s40168-019-0717-3,Radcliffe Infirmary,51.752,-1.257,United Kingdom,,,,CS06,200,10.1186/s40168-019-0717-3,,dental calculus,,ENA,PRJEB30331,ERS3881513,Ancient Metagenome - Host-associated,Homo sapiens,oral,,,,
Velsko2019,2019,10.1186/s40168-019-0717-3,Radcliffe Infirmary,51.752,-1.257,United Kingdom,,,,CS07,200,10.1186/s40168-019-0717-3,,dental calculus,,ENA,PRJEB30331,"ERS2985746,ERS3881514",Ancient Metagenome - Host-associated,Homo sapiens,oral,,,,
Velsko2019,2019,10.1186/s40168-019-0717-3,Radcliffe Infirmary,51.752,-1.257,United Kingdom,,,,CS08,200,10.1186/s40168-019-0717-3,,dental calculus,,ENA,PRJEB30331,"ERS2985747,ERS3881515",Ancient Metagenome - Host-associated,Homo sapiens,oral,,,,
Velsko2019,2019,10.1186/s40168-019-0717-3,Radcliffe Infirmary,51.752,-1.257,United Kingdom,,,,CS09,200,10.1186/s40168-019-0717-3,,dental calculus,,ENA,PRJEB30331,"ERS2985748,ERS3881516",Ancient Metagenome - Host-associated,Homo sapiens,oral,,,,
Velsko2019,2019,10.1186/s40168-019-0717-3,Radcliffe Infirmary,51.752,-1.257,United Kingdom,,,,CS10,200,10.1186/s40168-019-0717-3,,dental calculus,,ENA,PRJEB30331,"ERS2985749,ERS3881517",Ancient Metagenome - Host-associated,Homo sapiens,oral,,,,
Velsko2019,2019,10.1186/s40168-019-0717-3,Radcliffe Infirmary,51.752,-1.257,United Kingdom,,,,CS11,200,10.1186/s40168-019-0717-3,,dental calculus,,ENA,PRJEB30331,"ERS2985750,ERS3881518",Ancient Metagenome - Host-associated,Homo sapiens,oral,,,,
Velsko2019,2019,10.1186/s40168-019-0717-3,Radcliffe Infirmary,51.752,-1.257,United Kingdom,,,,CS12,200,10.1186/s40168-019-0717-3,,dental calculus,,ENA,PRJEB30331,"ERS2985751,ERS3881519",Ancient Metagenome - Host-associated,Homo sapiens,oral,,,,
Velsko2019,2019,10.1186/s40168-019-0717-3,Radcliffe Infirmary,51.752,-1.257,United Kingdom,,,,CS13,200,10.1186/s40168-019-0717-3,,dental calculus,,ENA,PRJEB30331,"ERS2985752,ERS3881520",Ancient Metagenome - Host-associated,Homo sapiens,oral,,,,
Velsko2019,2019,10.1186/s40168-019-0717-3,Radcliffe Infirmary,51.752,-1.257,United Kingdom,,,,CS14,200,10.1186/s40168-019-0717-3,,dental calculus,,ENA,PRJEB30331,"ERS2985753,ERS3881521",Ancient Metagenome - Host-associated,Homo sapiens,oral,,,,
Velsko2019,2019,10.1186/s40168-019-0717-3,Radcliffe Infirmary,51.752,-1.257,United Kingdom,,,,CS15,200,10.1186/s40168-019-0717-3,,dental calculus,,ENA,PRJEB30331,"ERS2985754,ERS3881522",Ancient Metagenome - Host-associated,Homo sapiens,oral,,,,
Velsko2019,2019,10.1186/s40168-019-0717-3,Radcliffe Infirmary,51.752,-1.257,United Kingdom,,,,CS16,200,10.1186/s40168-019-0717-3,,dental calculus,,ENA,PRJEB30331,"ERS2985755,ERS3881523",Ancient Metagenome - Host-associated,Homo sapiens,oral,,,,
Velsko2019,2019,10.1186/s40168-019-0717-3,Radcliffe Infirmary,51.752,-1.257,United Kingdom,,,,CS17,200,10.1186/s40168-019-0717-3,,dental calculus,,ENA,PRJEB30331,"ERS2985756,ERS3881524",Ancient Metagenome - Host-associated,Homo sapiens,oral,,,,
Velsko2019,2019,10.1186/s40168-019-0717-3,Radcliffe Infirmary,51.752,-1.257,United Kingdom,,,,CS18,200,10.1186/s40168-019-0717-3,,dental calculus,,ENA,PRJEB30331,"ERS2985757,ERS3881525",Ancient Metagenome - Host-associated,Homo sapiens,oral,,,,
Velsko2019,2019,10.1186/s40168-019-0717-3,Radcliffe Infirmary,51.752,-1.257,United Kingdom,,,,CS19,200,10.1186/s40168-019-0717-3,,dental calculus,,ENA,PRJEB30331,"ERS2985758,ERS3881526",Ancient Metagenome - Host-associated,Homo sapiens,oral,,,,
Velsko2019,2019,10.1186/s40168-019-0717-3,Radcliffe Infirmary,51.752,-1.257,United Kingdom,,,,CS20,200,10.1186/s40168-019-0717-3,,dental calculus,,ENA,PRJEB30331,"ERS2985759,ERS3881527",Ancient Metagenome - Host-associated,Homo sapiens,oral,,,,
Velsko2019,2019,10.1186/s40168-019-0717-3,Radcliffe Infirmary,51.752,-1.257,United Kingdom,,,,CS21,200,10.1186/s40168-019-0717-3,,dental calculus,,ENA,PRJEB30331,"ERS2985760,ERS3881528",Ancient Metagenome - Host-associated,Homo sapiens,oral,,,,
Velsko2019,2019,10.1186/s40168-019-0717-3,Radcliffe Infirmary,51.752,-1.257,United Kingdom,,,,CS22,200,10.1186/s40168-019-0717-3,,dental calculus,,ENA,PRJEB30331,"ERS2985761,ERS3881529",Ancient Metagenome - Host-associated,Homo sapiens,oral,,,,
Velsko2019,2019,10.1186/s40168-019-0717-3,Radcliffe Infirmary,51.752,-1.257,United Kingdom,,,,CS23,200,10.1186/s40168-019-0717-3,,dental calculus,,ENA,PRJEB30331,"ERS2985762,ERS3881530",Ancient Metagenome - Host-associated,Homo sapiens,oral,,,,
Velsko2019,2019,10.1186/s40168-019-0717-3,Radcliffe Infirmary,51.752,-1.257,United Kingdom,,,,CS24,200,10.1186/s40168-019-0717-3,,dental calculus,,ENA,PRJEB30331,"ERS2985763,ERS3881531",Ancient Metagenome - Host-associated,Homo sapiens,oral,,,,
Velsko2019,2019,10.1186/s40168-019-0717-3,Radcliffe Infirmary,51.752,-1.257,United Kingdom,,,,CS26,200,10.1186/s40168-019-0717-3,,dental calculus,,ENA,PRJEB30331,"ERS2985764,ERS3881532",Ancient Metagenome - Host-associated,Homo sapiens,oral,,,,
Velsko2019,2019,10.1186/s40168-019-0717-3,Radcliffe Infirmary,51.752,-1.257,United Kingdom,,,,CS27,200,10.1186/s40168-019-0717-3,,dental calculus,,ENA,PRJEB30331,"ERS2985765,ERS3881533",Ancient Metagenome - Host-associated,Homo sapiens,oral,,,,
Velsko2019,2019,10.1186/s40168-019-0717-3,Radcliffe Infirmary,51.752,-1.257,United Kingdom,,,,CS28,200,10.1186/s40168-019-0717-3,,dental calculus,,ENA,PRJEB30331,"ERS2985766,ERS3881534",Ancient Metagenome - Host-associated,Homo sapiens,oral,,,,
Velsko2019,2019,10.1186/s40168-019-0717-3,Radcliffe Infirmary,51.752,-1.257,United Kingdom,,,,CS29,200,10.1186/s40168-019-0717-3,,dental calculus,,ENA,PRJEB30331,"ERS2985767,ERS3881535",Ancient Metagenome - Host-associated,Homo sapiens,oral,,,,
Velsko2019,2019,10.1186/s40168-019-0717-3,Radcliffe Infirmary,51.752,-1.257,United Kingdom,,,,CS30,200,10.1186/s40168-019-0717-3,,dental calculus,,ENA,PRJEB30331,"ERS2985768,ERS3881536",Ancient Metagenome - Host-associated,Homo sapiens,oral,,,,
Velsko2019,2019,10.1186/s40168-019-0717-3,Radcliffe Infirmary,51.752,-1.257,United Kingdom,,,,CS31,200,10.1186/s40168-019-0717-3,,dental calculus,,ENA,PRJEB30331,"ERS2985769,ERS3881537",Ancient Metagenome - Host-associated,Homo sapiens,oral,,,,
Velsko2019,2019,10.1186/s40168-019-0717-3,Radcliffe Infirmary,51.752,-1.257,United Kingdom,,,,CS32,200,10.1186/s40168-019-0717-3,,dental calculus,,ENA,PRJEB30331,"ERS2985770,ERS3881538",Ancient Metagenome - Host-associated,Homo sapiens,oral,,,,
Velsko2019,2019,10.1186/s40168-019-0717-3,Radcliffe Infirmary,51.752,-1.257,United Kingdom,,,,CS33,200,10.1186/s40168-019-0717-3,,dental calculus,,ENA,PRJEB30331,"ERS2985771,ERS3881539",Ancient Metagenome - Host-associated,Homo sapiens,oral,,,,
Velsko2019,2019,10.1186/s40168-019-0717-3,Radcliffe Infirmary,51.752,-1.257,United Kingdom,,,,CS34,200,10.1186/s40168-019-0717-3,,dental calculus,,ENA,PRJEB30331,"ERS2985772,ERS3881540",Ancient Metagenome - Host-associated,Homo sapiens,oral,,,,
Velsko2019,2019,10.1186/s40168-019-0717-3,Radcliffe Infirmary,51.752,-1.257,United Kingdom,,,,CS35,200,10.1186/s40168-019-0717-3,,dental calculus,,ENA,PRJEB30331,"ERS2985773,ERS3881541",Ancient Metagenome - Host-associated,Homo sapiens,oral,,,,
Velsko2019,2019,10.1186/s40168-019-0717-3,Radcliffe Infirmary,51.752,-1.257,United Kingdom,,,,CS36,200,10.1186/s40168-019-0717-3,,dental calculus,,ENA,PRJEB30331,"ERS2985774,ERS3881542",Ancient Metagenome - Host-associated,Homo sapiens,oral,,,,
Velsko2019,2019,10.1186/s40168-019-0717-3,Radcliffe Infirmary,51.752,-1.257,United Kingdom,,,,CS37,200,10.1186/s40168-019-0717-3,,dental calculus,,ENA,PRJEB30331,"ERS2985775,ERS3881543",Ancient Metagenome - Host-associated,Homo sapiens,oral,,,,
Velsko2019,2019,10.1186/s40168-019-0717-3,Radcliffe Infirmary,51.752,-1.257,United Kingdom,,,,CS38,200,10.1186/s40168-019-0717-3,,dental calculus,,ENA,PRJEB30331,"ERS2985776,ERS3881544",Ancient Metagenome - Host-associated,Homo sapiens,oral,,,,
Velsko2019,2019,10.1186/s40168-019-0717-3,Radcliffe Infirmary,51.752,-1.257,United Kingdom,,,,CS39,200,10.1186/s40168-019-0717-3,,dental calculus,,ENA,PRJEB30331,"ERS2985777,ERS3881545",Ancient Metagenome - Host-associated,Homo sapiens,oral,,,,
Velsko2019,2019,10.1186/s40168-019-0717-3,Radcliffe Infirmary,51.752,-1.257,United Kingdom,,,,CS40,200,10.1186/s40168-019-0717-3,,dental calculus,,ENA,PRJEB30331,"ERS2985778,ERS3881546",Ancient Metagenome - Host-associated,Homo sapiens,oral,,,,
Velsko2019,2019,10.1186/s40168-019-0717-3,Radcliffe Infirmary,51.752,-1.257,United Kingdom,,,,CS42,200,10.1186/s40168-019-0717-3,,dental calculus,,ENA,PRJEB30331,"ERS2985779,ERS3881547",Ancient Metagenome - Host-associated,Homo sapiens,oral,,,,
Velsko2019,2019,10.1186/s40168-019-0717-3,Radcliffe Infirmary,51.752,-1.257,United Kingdom,,,,CS43,200,10.1186/s40168-019-0717-3,,dental calculus,,ENA,PRJEB30331,"ERS2985780,ERS3881548",Ancient Metagenome - Host-associated,Homo sapiens,oral,,,,
Velsko2019,2019,10.1186/s40168-019-0717-3,Radcliffe Infirmary,51.752,-1.257,United Kingdom,,,,CS44,200,10.1186/s40168-019-0717-3,,dental calculus,,ENA,PRJEB30331,"ERS2985781,ERS3881549",Ancient Metagenome - Host-associated,Homo sapiens,oral,,,,
Velsko2019,2019,10.1186/s40168-019-0717-3,Radcliffe Infirmary,51.752,-1.257,United Kingdom,,,,CS45,200,10.1186/s40168-019-0717-3,,dental calculus,,ENA,PRJEB30331,"ERS2985782,ERS3881550",Ancient Metagenome - Host-associated,Homo sapiens,oral,,,,
Velsko2019,2019,10.1186/s40168-019-0717-3,Radcliffe Infirmary,51.752,-1.257,United Kingdom,,,,CS46,200,10.1186/s40168-019-0717-3,,dental calculus,,ENA,PRJEB30331,"ERS2985783,ERS3881551",Ancient Metagenome - Host-associated,Homo sapiens,oral,,,,
Velsko2019,2019,10.1186/s40168-019-0717-3,Radcliffe Infirmary,51.752,-1.257,United Kingdom,,,,CS47,200,10.1186/s40168-019-0717-3,,dental calculus,,ENA,PRJEB30331,"ERS2985784,ERS3881552",Ancient Metagenome - Host-associated,Homo sapiens,oral,,,,
Velsko2019,2019,10.1186/s40168-019-0717-3,Radcliffe Infirmary,51.752,-1.257,United Kingdom,,,,CS48,200,10.1186/s40168-019-0717-3,,dental calculus,,ENA,PRJEB30331,"ERS2985785,ERS3881553",Ancient Metagenome - Host-associated,Homo sapiens,oral,,,,
Fagernas2020,2020,10.1016/j.jas.2020.105135,Driffield Terrace,53.951,-1.1,United Kingdom,,,,3DT21,1500,10.1016/j.jas.2020.105135,,dental calculus,,ENA,PRJEB35483,"ERS4042406,ERS4042407,ERS4042408,ERS4042409",Ancient Metagenome - Host-associated,Homo sapiens,oral,,,,
Fagernas2020,2020,10.1016/j.jas.2020.105135,Wighill,53.91,-1.29,United Kingdom,,,,WG1561,700,10.1016/j.jas.2020.105135,,dental calculus,,ENA,PRJEB35483,"ERS4042435,ERS4042436,ERS4042437,ERS4042438",Ancient Metagenome - Host-associated,Homo sapiens,oral,,,,
Fagernas2020,2020,10.1016/j.jas.2020.105135,San Martín de Dulantzi,42.84,-2.517,Spain,,,,SMD 1441-1-1440(044),1100,10.1016/j.jas.2020.105135,,dental calculus,,ENA,PRJEB35483,"ERS4042423,ERS4042424,ERS4042425,ERS4042426",Ancient Metagenome - Host-associated,Homo sapiens,oral,,,,
Fagernas2020,2020,10.1016/j.jas.2020.105135,San Martín de Dulantzi,42.84,-2.517,Spain,,,,SMD 2591-1-2590(159),1100,10.1016/j.jas.2020.105135,,dental calculus,,ENA,PRJEB35483,"ERS4042427,ERS4042428,ERS4042429,ERS4042430",Ancient Metagenome - Host-associated,Homo sapiens,oral,,,,
Fagernas2020,2020,10.1016/j.jas.2020.105135,San Martín de Dulantzi,42.84,-2.517,Spain,,,,SMD 2711-1-2710(171),1000,10.1016/j.jas.2020.105135,,dental calculus,,ENA,PRJEB35483,"ERS4042431,ERS4042432,ERS4042433,ERS4042434",Ancient Metagenome - Host-associated,Homo sapiens,oral,,,,
Fagernas2020,2020,10.1016/j.jas.2020.105135,Rupert's Valley,-15.933,-5.75,Saint Helena,,,,SK203,100,10.1016/j.jas.2020.105135,,dental calculus,,ENA,PRJEB35483,"ERS4042419,ERS4042420,ERS4042421,ERS4042422",Ancient Metagenome - Host-associated,Homo sapiens,oral,,,,
Mann2018,2018,10.1038/s41598-018-28091-9,Camino del Molino,38.102,-1.865,Spain,,,,C214,4700,10.1038/s41598-018-28091-9,,dental calculus,,SRA,PRJNA445215,SRS3078201,Ancient Metagenome - Host-associated,Homo sapiens,oral,,,,
Mann2018,2018,10.1038/s41598-018-28091-9,Camino del Molino,38.102,-1.865,Spain,,,,C53,4700,10.1038/s41598-018-28091-9,,dental calculus,,SRA,PRJNA445215,SRS3078204,Ancient Metagenome - Host-associated,Homo sapiens,oral,,,,
Mann2018,2018,10.1038/s41598-018-28091-9,Anse a la Gourde,16.254,-61.203,Guadeloupe,,,,F1948,800,10.1038/s41598-018-28091-9,,dental calculus,,SRA,PRJNA445215,SRS3078198,Ancient Metagenome - Host-associated,Homo sapiens,oral,,,,
Mann2018,2018,10.1038/s41598-018-28091-9,Anse a la Gourde,16.254,-61.203,Guadeloupe,,,,F349A,800,10.1038/s41598-018-28091-9,,dental calculus,,SRA,PRJNA445215,SRS3078200,Ancient Metagenome - Host-associated,Homo sapiens,oral,,,,
Mann2018,2018,10.1038/s41598-018-28091-9,Khövsgöl,49.66,99.61,Mongolia,,,,H10,4400,10.1038/s41598-018-28091-9,,dental calculus,,SRA,PRJNA445215,SRS3078195,Ancient Metagenome - Host-associated,Homo sapiens,oral,,,,
Mann2018,2018,10.1038/s41598-018-28091-9,Khövsgöl,49.66,99.61,Mongolia,,,,H24,4400,10.1038/s41598-018-28091-9,,dental calculus,,SRA,PRJNA445215,SRS3078181,Ancient Metagenome - Host-associated,Homo sapiens,oral,,,,
Mann2018,2018,10.1038/s41598-018-28091-9,Kilteasheen,54.005,-8.201,Ireland,,,,KT01,1000,10.1038/s41598-018-28091-9,,dental calculus,,SRA,PRJNA445215,"SRS3078183,SRS3078182",Ancient Metagenome - Host-associated,Homo sapiens,oral,,,,
Mann2018,2018,10.1038/s41598-018-28091-9,Kilteasheen,54.005,-8.201,Ireland,,,,KT02,1000,10.1038/s41598-018-28091-9,,dental calculus,,SRA,PRJNA445215,SRS3078176,Ancient Metagenome - Host-associated,Homo sapiens,oral,,,,
Mann2018,2018,10.1038/s41598-018-28091-9,Kilteasheen,54.005,-8.201,Ireland,,,,KT03,1000,10.1038/s41598-018-28091-9,,dental calculus,,SRA,PRJNA445215,SRS3078178,Ancient Metagenome - Host-associated,Homo sapiens,oral,,,,
Mann2018,2018,10.1038/s41598-018-28091-9,Kilteasheen,54.005,-8.201,Ireland,,,,KT04,1000,10.1038/s41598-018-28091-9,,dental calculus,,SRA,PRJNA445215,SRS3078185,Ancient Metagenome - Host-associated,Homo sapiens,oral,,,,
Mann2018,2018,10.1038/s41598-018-28091-9,Kilteasheen,54.005,-8.201,Ireland,,,,KT05,1000,10.1038/s41598-018-28091-9,,dental calculus,,SRA,PRJNA445215,"SRS3078115,SRS3078117",Ancient Metagenome - Host-associated,Homo sapiens,oral,,,,
Mann2018,2018,10.1038/s41598-018-28091-9,Kilteasheen,54.005,-8.201,Ireland,,,,KT06,1000,10.1038/s41598-018-28091-9,,dental calculus,,SRA,PRJNA445215,SRS3078111,Ancient Metagenome - Host-associated,Homo sapiens,oral,,,,
Mann2018,2018,10.1038/s41598-018-28091-9,Kilteasheen,54.005,-8.201,Ireland,,,,KT07,1000,10.1038/s41598-018-28091-9,,dental calculus,,SRA,PRJNA445215,SRS3078113,Ancient Metagenome - Host-associated,Homo sapiens,oral,,,,
Mann2018,2018,10.1038/s41598-018-28091-9,Kilteasheen,54.005,-8.201,Ireland,,,,KT08,1000,10.1038/s41598-018-28091-9,,dental calculus,,SRA,PRJNA445215,"SRS3078109,SRS3078099",Ancient Metagenome - Host-associated,Homo sapiens,oral,,,,
Mann2018,2018,10.1038/s41598-018-28091-9,Kilteasheen,54.005,-8.201,Ireland,,,,KT09,1000,10.1038/s41598-018-28091-9,,dental calculus,,SRA,PRJNA445215,"SRS3078097,SRS3078104",Ancient Metagenome - Host-associated,Homo sapiens,oral,,,,
Mann2018,2018,10.1038/s41598-018-28091-9,Kilteasheen,54.005,-8.201,Ireland,,,,KT10,1000,10.1038/s41598-018-28091-9,,dental calculus,,SRA,PRJNA445215,SRS3078101,Ancient Metagenome - Host-associated,Homo sapiens,oral,,,,
Mann2018,2018,10.1038/s41598-018-28091-9,Kilteasheen,54.005,-8.201,Ireland,,,,KT11,1000,10.1038/s41598-018-28091-9,,dental calculus,,SRA,PRJNA445215,SRS3078105,Ancient Metagenome - Host-associated,Homo sapiens,oral,,,,
Mann2018,2018,10.1038/s41598-018-28091-9,Kilteasheen,54.005,-8.201,Ireland,,,,KT12,1000,10.1038/s41598-018-28091-9,,dental calculus,,SRA,PRJNA445215,SRS3078133,Ancient Metagenome - Host-associated,Homo sapiens,oral,,,,
Mann2018,2018,10.1038/s41598-018-28091-9,Kilteasheen,54.005,-8.201,Ireland,,,,KT13,1000,10.1038/s41598-018-28091-9,,dental calculus,,SRA,PRJNA445215,"SRS3078131,SRS3078137",Ancient Metagenome - Host-associated,Homo sapiens,oral,,,,
Mann2018,2018,10.1038/s41598-018-28091-9,Kilteasheen,54.005,-8.201,Ireland,,,,KT14,1000,10.1038/s41598-018-28091-9,,dental calculus,,SRA,PRJNA445215,"SRS3078134,SRS3078129",Ancient Metagenome - Host-associated,Homo sapiens,oral,,,,
Mann2018,2018,10.1038/s41598-018-28091-9,Kilteasheen,54.005,-8.201,Ireland,,,,KT15,1000,10.1038/s41598-018-28091-9,,dental calculus,,SRA,PRJNA445215,SRS3078120,Ancient Metagenome - Host-associated,Homo sapiens,oral,,,,
Mann2018,2018,10.1038/s41598-018-28091-9,Kilteasheen,54.005,-8.201,Ireland,,,,KT16,1000,10.1038/s41598-018-28091-9,,dental calculus,,SRA,PRJNA445215,SRS3078122,Ancient Metagenome - Host-associated,Homo sapiens,oral,,,,
Mann2018,2018,10.1038/s41598-018-28091-9,Kilteasheen,54.005,-8.201,Ireland,,,,KT17,1000,10.1038/s41598-018-28091-9,,dental calculus,,SRA,PRJNA445215,SRS3078124,Ancient Metagenome - Host-associated,Homo sapiens,oral,,,,
Mann2018,2018,10.1038/s41598-018-28091-9,Kilteasheen,54.005,-8.201,Ireland,,,,KT18,1000,10.1038/s41598-018-28091-9,,dental calculus,,SRA,PRJNA445215,SRS3078126,Ancient Metagenome - Host-associated,Homo sapiens,oral,,,,
Mann2018,2018,10.1038/s41598-018-28091-9,Kilteasheen,54.005,-8.201,Ireland,,,,KT19,1000,10.1038/s41598-018-28091-9,,dental calculus,,SRA,PRJNA445215,SRS3078118,Ancient Metagenome - Host-associated,Homo sapiens,oral,,,,
Mann2018,2018,10.1038/s41598-018-28091-9,Kilteasheen,54.005,-8.201,Ireland,,,,KT20,1000,10.1038/s41598-018-28091-9,,dental calculus,,SRA,PRJNA445215,SRS3078148,Ancient Metagenome - Host-associated,Homo sapiens,oral,,,,
Mann2018,2018,10.1038/s41598-018-28091-9,Kilteasheen,54.005,-8.201,Ireland,,,,KT21,1000,10.1038/s41598-018-28091-9,,dental calculus,,SRA,PRJNA445215,SRS3078150,Ancient Metagenome - Host-associated,Homo sapiens,oral,,,,
Mann2018,2018,10.1038/s41598-018-28091-9,Kilteasheen,54.005,-8.201,Ireland,,,,KT22,1000,10.1038/s41598-018-28091-9,,dental calculus,,SRA,PRJNA445215,SRS3078151,Ancient Metagenome - Host-associated,Homo sapiens,oral,,,,
Mann2018,2018,10.1038/s41598-018-28091-9,Kilteasheen,54.005,-8.201,Ireland,,,,KT23,1000,10.1038/s41598-018-28091-9,,dental calculus,,SRA,PRJNA445215,SRS3078155,Ancient Metagenome - Host-associated,Homo sapiens,oral,,,,
Mann2018,2018,10.1038/s41598-018-28091-9,Kilteasheen,54.005,-8.201,Ireland,,,,KT24,1000,10.1038/s41598-018-28091-9,,dental calculus,,SRA,PRJNA445215,"SRS3078156,SRS3078146",Ancient Metagenome - Host-associated,Homo sapiens,oral,,,,
Mann2018,2018,10.1038/s41598-018-28091-9,Kilteasheen,54.005,-8.201,Ireland,,,,KT25,1000,10.1038/s41598-018-28091-9,,dental calculus,,SRA,PRJNA445215,"SRS3078197,SRS3078141",Ancient Metagenome - Host-associated,Homo sapiens,oral,,,,
Mann2018,2018,10.1038/s41598-018-28091-9,Kilteasheen,54.005,-8.201,Ireland,,,,KT26,1000,10.1038/s41598-018-28091-9,,dental calculus,,SRA,PRJNA445215,"SRS3078139,SRS3078145",Ancient Metagenome - Host-associated,Homo sapiens,oral,,,,
Mann2018,2018,10.1038/s41598-018-28091-9,Kilteasheen,54.005,-8.201,Ireland,,,,KT27,1000,10.1038/s41598-018-28091-9,,dental calculus,,SRA,PRJNA445215,SRS3078093,Ancient Metagenome - Host-associated,Homo sapiens,oral,,,,
Mann2018,2018,10.1038/s41598-018-28091-9,Kilteasheen,54.005,-8.201,Ireland,,,,KT28,1000,10.1038/s41598-018-28091-9,,dental calculus,,SRA,PRJNA445215,"SRS3078091,SRS3078089",Ancient Metagenome - Host-associated,Homo sapiens,oral,,,,
Mann2018,2018,10.1038/s41598-018-28091-9,Kilteasheen,54.005,-8.201,Ireland,,,,KT29,1000,10.1038/s41598-018-28091-9,,dental calculus,,SRA,PRJNA445215,"SRS3078087,SRS3078085",Ancient Metagenome - Host-associated,Homo sapiens,oral,,,,
Mann2018,2018,10.1038/s41598-018-28091-9,Kilteasheen,54.005,-8.201,Ireland,,,,KT30,1000,10.1038/s41598-018-28091-9,,dental calculus,,SRA,PRJNA445215,SRS3078193,Ancient Metagenome - Host-associated,Homo sapiens,oral,,,,
Mann2018,2018,10.1038/s41598-018-28091-9,Kilteasheen,54.005,-8.201,Ireland,,,,KT31,1000,10.1038/s41598-018-28091-9,,dental calculus,,SRA,PRJNA445215,"SRS3078158,SRS3078147",Ancient Metagenome - Host-associated,Homo sapiens,oral,,,,
Mann2018,2018,10.1038/s41598-018-28091-9,Kilteasheen,54.005,-8.201,Ireland,,,,KT32,1000,10.1038/s41598-018-28091-9,,dental calculus,,SRA,PRJNA445215,"SRS3078192,SRS3078187",Ancient Metagenome - Host-associated,Homo sapiens,oral,,,,
Mann2018,2018,10.1038/s41598-018-28091-9,Kilteasheen,54.005,-8.201,Ireland,,,,KT33,1000,10.1038/s41598-018-28091-9,,dental calculus,,SRA,PRJNA445215,SRS3078170,Ancient Metagenome - Host-associated,Homo sapiens,oral,,,,
Mann2018,2018,10.1038/s41598-018-28091-9,Kilteasheen,54.005,-8.201,Ireland,,,,KT34,1000,10.1038/s41598-018-28091-9,,dental calculus,,SRA,PRJNA445215,SRS3078167,Ancient Metagenome - Host-associated,Homo sapiens,oral,,,,
Mann2018,2018,10.1038/s41598-018-28091-9,Kilteasheen,54.005,-8.201,Ireland,,,,KT35,1000,10.1038/s41598-018-28091-9,,dental calculus,,SRA,PRJNA445215,SRS3078165,Ancient Metagenome - Host-associated,Homo sapiens,oral,,,,
Mann2018,2018,10.1038/s41598-018-28091-9,Kilteasheen,54.005,-8.201,Ireland,,,,KT36,1000,10.1038/s41598-018-28091-9,,dental calculus,,SRA,PRJNA445215,"SRS3078163,SRS3078172",Ancient Metagenome - Host-associated,Homo sapiens,oral,,,,
Mann2018,2018,10.1038/s41598-018-28091-9,Norris Farms,40.23,-90.143,USA,,,,NF217,700,10.1038/s41598-018-28091-9,,dental calculus,,SRA,PRJNA445215,SRS3078173,Ancient Metagenome - Host-associated,Homo sapiens,oral,,,,
Mann2018,2018,10.1038/s41598-018-28091-9,Norris Farms,40.23,-90.143,USA,,,,NF47,700,10.1038/s41598-018-28091-9,,dental calculus,,SRA,PRJNA445215,SRS3078175,Ancient Metagenome - Host-associated,Homo sapiens,oral,,,,
Mann2018,2018,10.1038/s41598-018-28091-9,Middenbeemster,52.548,4.912,Netherlands,,,,S108,300,10.1038/s41598-018-28091-9,,dental calculus,,SRA,PRJNA445215,SRS3078160,Ancient Metagenome - Host-associated,Homo sapiens,oral,,,,
Mann2018,2018,10.1038/s41598-018-28091-9,Samdzong,29.27,84.03,Nepal,,,,S40,1400,10.1038/s41598-018-28091-9,,dental calculus,,SRA,PRJNA445215,SRS3078162,Ancient Metagenome - Host-associated,Homo sapiens,oral,,,,
Mann2018,2018,10.1038/s41598-018-28091-9,Samdzong,29.27,84.03,Nepal,,,,S41,1400,10.1038/s41598-018-28091-9,,dental calculus,,SRA,PRJNA445215,SRS3078206,Ancient Metagenome - Host-associated,Homo sapiens,oral,,,,
Mann2018,2018,10.1038/s41598-018-28091-9,Middenbeemster,52.548,4.912,Netherlands,,,,S454,300,10.1038/s41598-018-28091-9,,dental calculus,,SRA,PRJNA445215,SRS3078095,Ancient Metagenome - Host-associated,Homo sapiens,oral,,,,
Mann2018,2018,10.1038/s41598-018-28091-9,Camino del Molino,38.102,-1.865,Spain,,,,C214,4700,10.1038/s41598-018-28091-9,,tooth,,SRA,PRJNA445215,SRS3078202,Ancient Metagenome - Host-associated,Homo sapiens,skeletal tissue,,,,
Mann2018,2018,10.1038/s41598-018-28091-9,Camino del Molino,38.102,-1.865,Spain,,,,C53,4700,10.1038/s41598-018-28091-9,,tooth,,SRA,PRJNA445215,SRS3078203,Ancient Metagenome - Host-associated,Homo sapiens,skeletal tissue,,,,
Mann2018,2018,10.1038/s41598-018-28091-9,Anse a la Gourde,16.254,-61.203,Guadeloupe,,,,F1948,800,10.1038/s41598-018-28091-9,,tooth,,SRA,PRJNA445215,SRS3078196,Ancient Metagenome - Host-associated,Homo sapiens,skeletal tissue,,,,
Mann2018,2018,10.1038/s41598-018-28091-9,Anse a la Gourde,16.254,-61.203,Guadeloupe,,,,F349A,800,10.1038/s41598-018-28091-9,,tooth,,SRA,PRJNA445215,SRS3078161,Ancient Metagenome - Host-associated,Homo sapiens,skeletal tissue,,,,
Mann2018,2018,10.1038/s41598-018-28091-9,Khövsgöl,49.66,99.61,Mongolia,,,,H10,4400,10.1038/s41598-018-28091-9,,tooth,,SRA,PRJNA445215,SRS3078189,Ancient Metagenome - Host-associated,Homo sapiens,skeletal tissue,,,,
Mann2018,2018,10.1038/s41598-018-28091-9,Khövsgöl,49.66,99.61,Mongolia,,,,H24,4400,10.1038/s41598-018-28091-9,,tooth,,SRA,PRJNA445215,SRS3078180,Ancient Metagenome - Host-associated,Homo sapiens,skeletal tissue,,,,
Mann2018,2018,10.1038/s41598-018-28091-9,Kilteasheen,54.005,-8.201,Ireland,,,,KT01,1000,10.1038/s41598-018-28091-9,,tooth,,SRA,PRJNA445215,SRS3078177,Ancient Metagenome - Host-associated,Homo sapiens,skeletal tissue,,,,
Mann2018,2018,10.1038/s41598-018-28091-9,Kilteasheen,54.005,-8.201,Ireland,,,,KT02,1000,10.1038/s41598-018-28091-9,,tooth,,SRA,PRJNA445215,SRS3078179,Ancient Metagenome - Host-associated,Homo sapiens,skeletal tissue,,,,
Mann2018,2018,10.1038/s41598-018-28091-9,Kilteasheen,54.005,-8.201,Ireland,,,,KT03,1000,10.1038/s41598-018-28091-9,,tooth,,SRA,PRJNA445215,SRS3078184,Ancient Metagenome - Host-associated,Homo sapiens,skeletal tissue,,,,
Mann2018,2018,10.1038/s41598-018-28091-9,Kilteasheen,54.005,-8.201,Ireland,,,,KT04,1000,10.1038/s41598-018-28091-9,,tooth,,SRA,PRJNA445215,SRS3078114,Ancient Metagenome - Host-associated,Homo sapiens,skeletal tissue,,,,
Mann2018,2018,10.1038/s41598-018-28091-9,Kilteasheen,54.005,-8.201,Ireland,,,,KT05,1000,10.1038/s41598-018-28091-9,,tooth,,SRA,PRJNA445215,"SRS3078110,SRS3078116",Ancient Metagenome - Host-associated,Homo sapiens,skeletal tissue,,,,
Mann2018,2018,10.1038/s41598-018-28091-9,Kilteasheen,54.005,-8.201,Ireland,,,,KT06,1000,10.1038/s41598-018-28091-9,,tooth,,SRA,PRJNA445215,SRS3078112,Ancient Metagenome - Host-associated,Homo sapiens,skeletal tissue,,,,
Mann2018,2018,10.1038/s41598-018-28091-9,Kilteasheen,54.005,-8.201,Ireland,,,,KT07,1000,10.1038/s41598-018-28091-9,,tooth,,SRA,PRJNA445215,SRS3078108,Ancient Metagenome - Host-associated,Homo sapiens,skeletal tissue,,,,
Mann2018,2018,10.1038/s41598-018-28091-9,Kilteasheen,54.005,-8.201,Ireland,,,,KT08,1000,10.1038/s41598-018-28091-9,,tooth,,SRA,PRJNA445215,"SRS3078098,SRS3078100",Ancient Metagenome - Host-associated,Homo sapiens,skeletal tissue,,,,
Mann2018,2018,10.1038/s41598-018-28091-9,Kilteasheen,54.005,-8.201,Ireland,,,,KT09,1000,10.1038/s41598-018-28091-9,,tooth,,SRA,PRJNA445215,"SRS3078102,SRS3078103",Ancient Metagenome - Host-associated,Homo sapiens,skeletal tissue,,,,
Mann2018,2018,10.1038/s41598-018-28091-9,Kilteasheen,54.005,-8.201,Ireland,,,,KT10,1000,10.1038/s41598-018-28091-9,,tooth,,SRA,PRJNA445215,SRS3078106,Ancient Metagenome - Host-associated,Homo sapiens,skeletal tissue,,,,
Mann2018,2018,10.1038/s41598-018-28091-9,Kilteasheen,54.005,-8.201,Ireland,,,,KT11,1000,10.1038/s41598-018-28091-9,,tooth,,SRA,PRJNA445215,SRS3078132,Ancient Metagenome - Host-associated,Homo sapiens,skeletal tissue,,,,
Mann2018,2018,10.1038/s41598-018-28091-9,Kilteasheen,54.005,-8.201,Ireland,,,,KT12,1000,10.1038/s41598-018-28091-9,,tooth,,SRA,PRJNA445215,SRS3078130,Ancient Metagenome - Host-associated,Homo sapiens,skeletal tissue,,,,
Mann2018,2018,10.1038/s41598-018-28091-9,Kilteasheen,54.005,-8.201,Ireland,,,,KT13,1000,10.1038/s41598-018-28091-9,,tooth,,SRA,PRJNA445215,"SRS3078135,SRS3078136",Ancient Metagenome - Host-associated,Homo sapiens,skeletal tissue,,,,
Mann2018,2018,10.1038/s41598-018-28091-9,Kilteasheen,54.005,-8.201,Ireland,,,,KT14,1000,10.1038/s41598-018-28091-9,,tooth,,SRA,PRJNA445215,"SRS3078121,SRS3078128",Ancient Metagenome - Host-associated,Homo sapiens,skeletal tissue,,,,
Mann2018,2018,10.1038/s41598-018-28091-9,Kilteasheen,54.005,-8.201,Ireland,,,,KT15,1000,10.1038/s41598-018-28091-9,,tooth,,SRA,PRJNA445215,SRS3078123,Ancient Metagenome - Host-associated,Homo sapiens,skeletal tissue,,,,
Mann2018,2018,10.1038/s41598-018-28091-9,Kilteasheen,54.005,-8.201,Ireland,,,,KT16,1000,10.1038/s41598-018-28091-9,,tooth,,SRA,PRJNA445215,SRS3078125,Ancient Metagenome - Host-associated,Homo sapiens,skeletal tissue,,,,
Mann2018,2018,10.1038/s41598-018-28091-9,Kilteasheen,54.005,-8.201,Ireland,,,,KT17,1000,10.1038/s41598-018-28091-9,,tooth,,SRA,PRJNA445215,SRS3078127,Ancient Metagenome - Host-associated,Homo sapiens,skeletal tissue,,,,
Mann2018,2018,10.1038/s41598-018-28091-9,Kilteasheen,54.005,-8.201,Ireland,,,,KT18,1000,10.1038/s41598-018-28091-9,,tooth,,SRA,PRJNA445215,SRS3078119,Ancient Metagenome - Host-associated,Homo sapiens,skeletal tissue,,,,
Mann2018,2018,10.1038/s41598-018-28091-9,Kilteasheen,54.005,-8.201,Ireland,,,,KT20,1000,10.1038/s41598-018-28091-9,,tooth,,SRA,PRJNA445215,SRS3078149,Ancient Metagenome - Host-associated,Homo sapiens,skeletal tissue,,,,
Mann2018,2018,10.1038/s41598-018-28091-9,Kilteasheen,54.005,-8.201,Ireland,,,,KT21,1000,10.1038/s41598-018-28091-9,,tooth,,SRA,PRJNA445215,SRS3078152,Ancient Metagenome - Host-associated,Homo sapiens,skeletal tissue,,,,
Mann2018,2018,10.1038/s41598-018-28091-9,Kilteasheen,54.005,-8.201,Ireland,,,,KT22,1000,10.1038/s41598-018-28091-9,,tooth,,SRA,PRJNA445215,SRS3078153,Ancient Metagenome - Host-associated,Homo sapiens,skeletal tissue,,,,
Mann2018,2018,10.1038/s41598-018-28091-9,Kilteasheen,54.005,-8.201,Ireland,,,,KT23,1000,10.1038/s41598-018-28091-9,,tooth,,SRA,PRJNA445215,SRS3078154,Ancient Metagenome - Host-associated,Homo sapiens,skeletal tissue,,,,
Mann2018,2018,10.1038/s41598-018-28091-9,Kilteasheen,54.005,-8.201,Ireland,,,,KT24,1000,10.1038/s41598-018-28091-9,,tooth,,SRA,PRJNA445215,"SRS3078143,SRS3078157",Ancient Metagenome - Host-associated,Homo sapiens,skeletal tissue,,,,
Mann2018,2018,10.1038/s41598-018-28091-9,Kilteasheen,54.005,-8.201,Ireland,,,,KT25,1000,10.1038/s41598-018-28091-9,,tooth,,SRA,PRJNA445215,"SRS3078140,SRS3078142",Ancient Metagenome - Host-associated,Homo sapiens,skeletal tissue,,,,
Mann2018,2018,10.1038/s41598-018-28091-9,Kilteasheen,54.005,-8.201,Ireland,,,,KT26,1000,10.1038/s41598-018-28091-9,,tooth,,SRA,PRJNA445215,"SRS3078144,SRS3078138",Ancient Metagenome - Host-associated,Homo sapiens,skeletal tissue,,,,
Mann2018,2018,10.1038/s41598-018-28091-9,Kilteasheen,54.005,-8.201,Ireland,,,,KT27,1000,10.1038/s41598-018-28091-9,,tooth,,SRA,PRJNA445215,SRS3078094,Ancient Metagenome - Host-associated,Homo sapiens,skeletal tissue,,,,
Mann2018,2018,10.1038/s41598-018-28091-9,Kilteasheen,54.005,-8.201,Ireland,,,,KT28,1000,10.1038/s41598-018-28091-9,,tooth,,SRA,PRJNA445215,"SRS3078090,SRS3078092",Ancient Metagenome - Host-associated,Homo sapiens,skeletal tissue,,,,
Mann2018,2018,10.1038/s41598-018-28091-9,Kilteasheen,54.005,-8.201,Ireland,,,,KT29,1000,10.1038/s41598-018-28091-9,,tooth,,SRA,PRJNA445215,"SRS3078086,SRS3078088",Ancient Metagenome - Host-associated,Homo sapiens,skeletal tissue,,,,
Mann2018,2018,10.1038/s41598-018-28091-9,Kilteasheen,54.005,-8.201,Ireland,,,,KT30,1000,10.1038/s41598-018-28091-9,,tooth,,SRA,PRJNA445215,SRS3078190,Ancient Metagenome - Host-associated,Homo sapiens,skeletal tissue,,,,
Mann2018,2018,10.1038/s41598-018-28091-9,Kilteasheen,54.005,-8.201,Ireland,,,,KT31,1000,10.1038/s41598-018-28091-9,,tooth,,SRA,PRJNA445215,"SRS3078188,SRS3078194",Ancient Metagenome - Host-associated,Homo sapiens,skeletal tissue,,,,
Mann2018,2018,10.1038/s41598-018-28091-9,Kilteasheen,54.005,-8.201,Ireland,,,,KT32,1000,10.1038/s41598-018-28091-9,,tooth,,SRA,PRJNA445215,"SRS3078186,SRS3078191",Ancient Metagenome - Host-associated,Homo sapiens,skeletal tissue,,,,
Mann2018,2018,10.1038/s41598-018-28091-9,Kilteasheen,54.005,-8.201,Ireland,,,,KT33,1000,10.1038/s41598-018-28091-9,,tooth,,SRA,PRJNA445215,SRS3078169,Ancient Metagenome - Host-associated,Homo sapiens,skeletal tissue,,,,
Mann2018,2018,10.1038/s41598-018-28091-9,Kilteasheen,54.005,-8.201,Ireland,,,,KT34,1000,10.1038/s41598-018-28091-9,,tooth,,SRA,PRJNA445215,SRS3078168,Ancient Metagenome - Host-associated,Homo sapiens,skeletal tissue,,,,
Mann2018,2018,10.1038/s41598-018-28091-9,Kilteasheen,54.005,-8.201,Ireland,,,,KT35,1000,10.1038/s41598-018-28091-9,,tooth,,SRA,PRJNA445215,SRS3078166,Ancient Metagenome - Host-associated,Homo sapiens,skeletal tissue,,,,
Mann2018,2018,10.1038/s41598-018-28091-9,Kilteasheen,54.005,-8.201,Ireland,,,,KT36,1000,10.1038/s41598-018-28091-9,,tooth,,SRA,PRJNA445215,"SRS3078164,SRS3078107",Ancient Metagenome - Host-associated,Homo sapiens,skeletal tissue,,,,
Mann2018,2018,10.1038/s41598-018-28091-9,Norris Farms,40.23,-90.143,USA,,,,NF217,700,10.1038/s41598-018-28091-9,,tooth,,SRA,PRJNA445215,SRS3078171,Ancient Metagenome - Host-associated,Homo sapiens,skeletal tissue,,,,
Mann2018,2018,10.1038/s41598-018-28091-9,Norris Farms,40.23,-90.143,USA,,,,NF47,700,10.1038/s41598-018-28091-9,,tooth,,SRA,PRJNA445215,SRS3078174,Ancient Metagenome - Host-associated,Homo sapiens,skeletal tissue,,,,
Mann2018,2018,10.1038/s41598-018-28091-9,Middenbeemster,52.548,4.912,Netherlands,,,,S108,300,10.1038/s41598-018-28091-9,,tooth,,SRA,PRJNA445215,SRS3078159,Ancient Metagenome - Host-associated,Homo sapiens,skeletal tissue,,,,
Mann2018,2018,10.1038/s41598-018-28091-9,Samdzong,29.27,84.03,Nepal,,,,S40,1400,10.1038/s41598-018-28091-9,,tooth,,SRA,PRJNA445215,SRS3078199,Ancient Metagenome - Host-associated,Homo sapiens,skeletal tissue,,,,
Mann2018,2018,10.1038/s41598-018-28091-9,Samdzong,29.27,84.03,Nepal,,,,S41,1400,10.1038/s41598-018-28091-9,,tooth,,SRA,PRJNA445215,SRS3078205,Ancient Metagenome - Host-associated,Homo sapiens,skeletal tissue,,,,
Mann2018,2018,10.1038/s41598-018-28091-9,Middenbeemster,52.548,4.912,Netherlands,,,,S454,300,10.1038/s41598-018-28091-9,,tooth,,SRA,PRJNA445215,SRS3078096,Ancient Metagenome - Host-associated,Homo sapiens,skeletal tissue,,,,
Brealey2020,2020,10.1093/molbev/msaa135,Karisimbi,-1.508,29.445,Democratic Republic of the Congo,,,,Gb1,100,10.1093/molbev/msaa135,,dental calculus,,ENA,PRJEB33363,"ERS4545903,ERS4545904,ERS4545905",Ancient Metagenome - Host-associated,Gorilla beringei,oral,,,,
Brealey2020,2020,10.1093/molbev/msaa135,Lulingu,-2.316,27.549,Democratic Republic of the Congo,,,,Gb2,100,10.1093/molbev/msaa135,,dental calculus,,ENA,PRJEB33363,"ERS4545906,ERS4545907,ERS4545908",Ancient Metagenome - Host-associated,Gorilla beringei,oral,,,,
Brealey2020,2020,10.1093/molbev/msaa135,Kamchatka,56.21,159.346,Russia,,,,Ua2,100,10.1093/molbev/msaa135,,dental calculus,,ENA,PRJEB33363,ERS4545909,Ancient Metagenome - Host-associated,Ursus arctos,oral,,,,
Brealey2020,2020,10.1093/molbev/msaa135,Kamchatka,56.21,159.346,Russia,,,,Ua6,100,10.1093/molbev/msaa135,,dental calculus,,ENA,PRJEB33363,ERS4545910,Ancient Metagenome - Host-associated,Ursus arctos,oral,,,,
Brealey2020,2020,10.1093/molbev/msaa135,Kamchatka,56.21,159.346,Russia,,,,Ua7,100,10.1093/molbev/msaa135,,dental calculus,,ENA,PRJEB33363,ERS4545911,Ancient Metagenome - Host-associated,Ursus arctos,oral,,,,
Brealey2020,2020,10.1093/molbev/msaa135,Lake Ladoga,61.0,31.5,Russia,,,,Ua13,100,10.1093/molbev/msaa135,,dental calculus,,ENA,PRJEB33363,ERS4545912,Ancient Metagenome - Host-associated,Ursus arctos,oral,,,,
Brealey2020,2020,10.1093/molbev/msaa135,Dalarna,61.004,14.537,Sweden,,,,Ua14,100,10.1093/molbev/msaa135,,dental calculus,,ENA,PRJEB33363,ERS4545913,Ancient Metagenome - Host-associated,Ursus arctos,oral,,,,
Brealey2020,2020,10.1093/molbev/msaa135,Jämtland,63.399,13.081,Sweden,,,,Ua9,100,10.1093/molbev/msaa135,,dental calculus,,ENA,PRJEB33363,ERS4545914,Ancient Metagenome - Host-associated,Ursus arctos,oral,,,,
Brealey2020,2020,10.1093/molbev/msaa135,Spitsbergen,78.899,18.016,Norway,,,,Rt1,100,10.1093/molbev/msaa135,,dental calculus,,ENA,PRJEB33363,ERS4545915,Ancient Metagenome - Host-associated,Rangifer tarandus,oral,,,,
Brealey2020,2020,10.1093/molbev/msaa135,Unknown,,,Unknown,,,,Rt5,100,10.1093/molbev/msaa135,,dental calculus,,ENA,PRJEB33363,ERS4545916,Ancient Metagenome - Host-associated,Rangifer tarandus,oral,,,,
Brealey2020,2020,10.1093/molbev/msaa135,Spitsbergen,78.899,18.016,Norway,,,,Rt7,100,10.1093/molbev/msaa135,,dental calculus,,ENA,PRJEB33363,ERS4545917,Ancient Metagenome - Host-associated,Rangifer tarandus,oral,,,,
Brealey2020,2020,10.1093/molbev/msaa135,South-west Norway,60.0,6.0,Norway,,,,Rt11,100,10.1093/molbev/msaa135,,dental calculus,,ENA,PRJEB33363,ERS4545918,Ancient Metagenome - Host-associated,Rangifer tarandus,oral,,,,
Brealey2020,2020,10.1093/molbev/msaa135,North-east Greenland,79.0,-56.0,Greenland,,,,Rt13,100,10.1093/molbev/msaa135,,dental calculus,,ENA,PRJEB33363,ERS4545919,Ancient Metagenome - Host-associated,Rangifer tarandus,oral,,,,
Brealey2020,2020,10.1093/molbev/msaa135,Spitsbergen,78.899,18.016,Norway,,,,Rt_tooth,100,10.1093/molbev/msaa135,,tooth,,ENA,PRJEB33363,ERS4545920,Ancient Metagenome - Host-associated,Rangifer tarandus,skeletal tissue,,,,
Ozga2019,2019,10.1038/s41598-019-53802-1,Gombe National Park,-4.69,29.62,Tanzania,,,,02C,100,10.1038/s41598-019-53802-1,,dental calculus,,SRA,PRJNA531027,SRS4625244,Ancient Metagenome - Host-associated,Pan troglodytes schweinfurthii,oral,,,,
Ozga2019,2019,10.1038/s41598-019-53802-1,Gombe National Park,-4.69,29.62,Tanzania,,,,04C,100,10.1038/s41598-019-53802-1,,dental calculus,,SRA,PRJNA531027,SRS4625243,Ancient Metagenome - Host-associated,Pan troglodytes schweinfurthii,oral,,,,
Ozga2019,2019,10.1038/s41598-019-53802-1,Gombe National Park,-4.69,29.62,Tanzania,,,,05C,100,10.1038/s41598-019-53802-1,,dental calculus,,SRA,PRJNA531027,SRS4625242,Ancient Metagenome - Host-associated,Pan troglodytes schweinfurthii,oral,,,,
Ozga2019,2019,10.1038/s41598-019-53802-1,Gombe National Park,-4.69,29.62,Tanzania,,,,07C,100,10.1038/s41598-019-53802-1,,dental calculus,,SRA,PRJNA531027,SRS4625241,Ancient Metagenome - Host-associated,Pan troglodytes schweinfurthii,oral,,,,
Ozga2019,2019,10.1038/s41598-019-53802-1,Gombe National Park,-4.69,29.62,Tanzania,,,,13C,100,10.1038/s41598-019-53802-1,,dental calculus,,SRA,PRJNA531027,SRS4625248,Ancient Metagenome - Host-associated,Pan troglodytes schweinfurthii,oral,,,,
Ozga2019,2019,10.1038/s41598-019-53802-1,Gombe National Park,-4.69,29.62,Tanzania,,,,14C,100,10.1038/s41598-019-53802-1,,dental calculus,,SRA,PRJNA531027,SRS4625247,Ancient Metagenome - Host-associated,Pan troglodytes schweinfurthii,oral,,,,
Ozga2019,2019,10.1038/s41598-019-53802-1,Gombe National Park,-4.69,29.62,Tanzania,,,,16C,100,10.1038/s41598-019-53802-1,,dental calculus,,SRA,PRJNA531027,SRS4625246,Ancient Metagenome - Host-associated,Pan troglodytes schweinfurthii,oral,,,,
Ozga2019,2019,10.1038/s41598-019-53802-1,Gombe National Park,-4.69,29.62,Tanzania,,,,17C,100,10.1038/s41598-019-53802-1,,dental calculus,,SRA,PRJNA531027,SRS4625245,Ancient Metagenome - Host-associated,Pan troglodytes schweinfurthii,oral,,,,
Ozga2019,2019,10.1038/s41598-019-53802-1,Gombe National Park,-4.69,29.62,Tanzania,,,,18C,100,10.1038/s41598-019-53802-1,,dental calculus,,SRA,PRJNA531027,SRS4625250,Ancient Metagenome - Host-associated,Pan troglodytes schweinfurthii,oral,,,,
Ozga2019,2019,10.1038/s41598-019-53802-1,Gombe National Park,-4.69,29.62,Tanzania,,,,19C,100,10.1038/s41598-019-53802-1,,dental calculus,,SRA,PRJNA531027,SRS4625249,Ancient Metagenome - Host-associated,Pan troglodytes schweinfurthii,oral,,,,
Ozga2019,2019,10.1038/s41598-019-53802-1,Gombe National Park,-4.69,29.62,Tanzania,,,,20C,100,10.1038/s41598-019-53802-1,,dental calculus,,SRA,PRJNA531027,SRS4625239,Ancient Metagenome - Host-associated,Pan troglodytes schweinfurthii,oral,,,,
Ozga2019,2019,10.1038/s41598-019-53802-1,Gombe National Park,-4.69,29.62,Tanzania,,,,21C,100,10.1038/s41598-019-53802-1,,dental calculus,,SRA,PRJNA531027,SRS4625238,Ancient Metagenome - Host-associated,Pan troglodytes schweinfurthii,oral,,,,
Ozga2019,2019,10.1038/s41598-019-53802-1,Gombe National Park,-4.69,29.62,Tanzania,,,,22C,100,10.1038/s41598-019-53802-1,,dental calculus,,SRA,PRJNA531027,SRS4625237,Ancient Metagenome - Host-associated,Pan troglodytes schweinfurthii,oral,,,,
Ozga2019,2019,10.1038/s41598-019-53802-1,Gombe National Park,-4.69,29.62,Tanzania,,,,24C,100,10.1038/s41598-019-53802-1,,dental calculus,,SRA,PRJNA531027,SRS4625236,Ancient Metagenome - Host-associated,Pan troglodytes schweinfurthii,oral,,,,
Ozga2019,2019,10.1038/s41598-019-53802-1,Gombe National Park,-4.69,29.62,Tanzania,,,,25C,100,10.1038/s41598-019-53802-1,,dental calculus,,SRA,PRJNA531027,SRS4625235,Ancient Metagenome - Host-associated,Pan troglodytes schweinfurthii,oral,,,,
Ozga2019,2019,10.1038/s41598-019-53802-1,Gombe National Park,-4.69,29.62,Tanzania,,,,26C,100,10.1038/s41598-019-53802-1,,dental calculus,,SRA,PRJNA531027,SRS4625234,Ancient Metagenome - Host-associated,Pan troglodytes schweinfurthii,oral,,,,
Ozga2019,2019,10.1038/s41598-019-53802-1,Gombe National Park,-4.69,29.62,Tanzania,,,,27C,100,10.1038/s41598-019-53802-1,,dental calculus,,SRA,PRJNA531027,SRS4625233,Ancient Metagenome - Host-associated,Pan troglodytes schweinfurthii,oral,,,,
Ozga2019,2019,10.1038/s41598-019-53802-1,Gombe National Park,-4.69,29.62,Tanzania,,,,28C,100,10.1038/s41598-019-53802-1,,dental calculus,,SRA,PRJNA531027,SRS4625232,Ancient Metagenome - Host-associated,Pan troglodytes schweinfurthii,oral,,,,
Ozga2019,2019,10.1038/s41598-019-53802-1,Gombe National Park,-4.69,29.62,Tanzania,,,,29C,100,10.1038/s41598-019-53802-1,,dental calculus,,SRA,PRJNA531027,SRS4625240,Ancient Metagenome - Host-associated,Pan troglodytes schweinfurthii,oral,,,,
Ottoni2019,2019,10.1038/s41598-019-56074-x,Gabbanat al-Qurud,25.741,32.592,Egypt,,,,BB01,100,10.1038/s41598-019-56074-x,,dental calculus,,ENA,PRJEB34875,ERS3887040,Ancient Metagenome - Host-associated,Papio hamadryas,oral,,,,
Ottoni2019,2019,10.1038/s41598-019-56074-x,Gabbanat al-Qurud,25.741,32.592,Egypt,,,,BB05,100,10.1038/s41598-019-56074-x,,dental calculus,,ENA,PRJEB34875,ERS3887041,Ancient Metagenome - Host-associated,Papio anubis,oral,,,,
Ottoni2019,2019,10.1038/s41598-019-56074-x,Gabbanat al-Qurud,25.741,32.592,Egypt,,,,BB06,100,10.1038/s41598-019-56074-x,,dental calculus,,ENA,PRJEB34875,ERS3887042,Ancient Metagenome - Host-associated,Papio anubis,oral,,,,
Ottoni2019,2019,10.1038/s41598-019-56074-x,Gabbanat al-Qurud,25.741,32.592,Egypt,,,,BB08,100,10.1038/s41598-019-56074-x,,dental calculus,,ENA,PRJEB34875,ERS3887043,Ancient Metagenome - Host-associated,Papio hamadryas,oral,,,,
Ottoni2019,2019,10.1038/s41598-019-56074-x,Gabbanat al-Qurud,25.741,32.592,Egypt,,,,BB09,100,10.1038/s41598-019-56074-x,,dental calculus,,ENA,PRJEB34875,ERS3887044,Ancient Metagenome - Host-associated,Papio hamadryas,oral,,,,
Ottoni2019,2019,10.1038/s41598-019-56074-x,Gabbanat al-Qurud,25.741,32.592,Egypt,,,,BB11,100,10.1038/s41598-019-56074-x,,dental calculus,,ENA,PRJEB34875,ERS3887045,Ancient Metagenome - Host-associated,Papio sp.,oral,,,,
Ottoni2019,2019,10.1038/s41598-019-56074-x,Zoological Society of Philadelphia,39.97,-75.19,USA,,,,ANSP11833,100,10.1038/s41598-019-56074-x,,dental calculus,,ENA,PRJEB34875,ERS3887046,Ancient Metagenome - Host-associated,Papio hamadryas,oral,,,,
Ottoni2019,2019,10.1038/s41598-019-56074-x,Zoological Society of Philadelphia,39.97,-75.19,USA,,,,ANSP3271,100,10.1038/s41598-019-56074-x,,dental calculus,,ENA,PRJEB34875,ERS3887047,Ancient Metagenome - Host-associated,Papio hamadryas,oral,,,,
Zhou2018,2018,10.1016/j.cub.2018.05.058,St. Olav's Cathedral,63.425,10.392,Norway,,,,SK152,800,10.1016/j.cub.2018.05.058,,dental calculus,,UCPH ERDA,E56xgi8CEl,calculus_lib1,Ancient Metagenome - Host-associated,Homo sapiens,oral,,,,
Willmann2018,2018,10.1371/journal.pone.0196482,Le Mans,48.006,0.199,France,,,,213,200,10.1371/journal.pone.0196482,,tooth,,SRA,PRJNA302605,SRS1170472,Ancient Metagenome - Host-associated,Homo sapiens,skeletal tissue,,,,
Willmann2018,2018,10.1371/journal.pone.0196482,Le Mans,48.006,0.199,France,,,,306,200,10.1371/journal.pone.0196482,,tooth,,SRA,PRJNA302605,SRS2213343,Ancient Metagenome - Host-associated,Homo sapiens,skeletal tissue,,,,
Willmann2018,2018,10.1371/journal.pone.0196482,Le Mans,48.006,0.199,France,,,,308,200,10.1371/journal.pone.0196482,,tooth,,SRA,PRJNA302605,SRS2213341,Ancient Metagenome - Host-associated,Homo sapiens,skeletal tissue,,,,
Willmann2018,2018,10.1371/journal.pone.0196482,Le Mans,48.006,0.199,France,,,,309,200,10.1371/journal.pone.0196482,,tooth,,SRA,PRJNA302605,SRS2213347,Ancient Metagenome - Host-associated,Homo sapiens,skeletal tissue,,,,
Willmann2018,2018,10.1371/journal.pone.0196482,Le Mans,48.006,0.199,France,,,,403,200,10.1371/journal.pone.0196482,,tooth,,SRA,PRJNA302605,SRS2213345,Ancient Metagenome - Host-associated,Homo sapiens,skeletal tissue,,,,
Willmann2018,2018,10.1371/journal.pone.0196482,Le Mans,48.006,0.199,France,,,,406,200,10.1371/journal.pone.0196482,,tooth,,SRA,PRJNA302605,SRS2213344,Ancient Metagenome - Host-associated,Homo sapiens,skeletal tissue,,,,
Ozga2016,2016,10.1002/ajpa.22960,Norris Farms,40.23,-90.143,USA,,,,NF-217C-SG,700,10.1002/ajpa.22960,,dental calculus,,SRA,PRJNA293758,SRS1052916,Ancient Metagenome - Host-associated,Homo sapiens,oral,,,,
Ozga2016,2016,10.1002/ajpa.22960,Norris Farms,40.23,-90.143,USA,,,,NF-47C-SG,700,10.1002/ajpa.22960,,dental calculus,,SRA,PRJNA293758,SRS1052918,Ancient Metagenome - Host-associated,Homo sapiens,oral,,,,
Ozga2016,2016,10.1002/ajpa.22960,Norris Farms,40.23,-90.143,USA,,,,NF-47D-SG,700,10.1002/ajpa.22960,,tooth,,SRA,PRJNA293758,SRS1052917,Ancient Metagenome - Host-associated,Homo sapiens,skeletal tissue,,,,
Ozga2016,2016,10.1002/ajpa.22960,Norris Farms,40.23,-90.143,USA,,,,NF-217D-SG,700,10.1002/ajpa.22960,,tooth,,SRA,PRJNA293758,SRS1052915,Ancient Metagenome - Host-associated,Homo sapiens,skeletal tissue,,,,
NievesColon2020,2020,10.1093/molbev/msz267,Paso del Indio,18.41,-66.33,USA,,,,PI-420A-C,700,10.1093/molbev/msz267,,dental calculus,,SRA,PRJNA557308,SRS5211976,Ancient Metagenome - Host-associated,Homo sapiens,oral,,,,
Neukamm2020,2020,10.1186/s12915-020-00839-8,Abusir el-Meleq,29.24,31.1,Egypt,,,,Abusir1433,2600,10.1186/s12915-020-00839-8,,tooth,,ENA,PRJEB33848,ERS3635916,Ancient Metagenome - Host-associated,Homo sapiens,oral,,,,
Neukamm2020,2020,10.1186/s12915-020-00839-8,Abusir el-Meleq,29.24,31.1,Egypt,,,,Abusir1504,1600,10.1038/ncomms15694,,dental calculus,,ENA,PRJEB33848,ERS3636043,Ancient Metagenome - Host-associated,Homo sapiens,oral,,,,
Neukamm2020,2020,10.1186/s12915-020-00839-8,Abusir el-Meleq,29.24,31.1,Egypt,,,,Abusir1511,1800,10.1186/s12915-020-00839-8,,dental calculus,,ENA,PRJEB33848,ERS3636044,Ancient Metagenome - Host-associated,Homo sapiens,oral,,,,
Neukamm2020,2020,10.1186/s12915-020-00839-8,Abusir el-Meleq,29.24,31.1,Egypt,,,,Abusir1513,2300,10.1038/ncomms15694,,tooth,,ENA,PRJEB33848,ERS3635932,Ancient Metagenome - Host-associated,Homo sapiens,oral,,,,
Neukamm2020,2020,10.1186/s12915-020-00839-8,Abusir el-Meleq,29.24,31.1,Egypt,,,,Abusir1515,3100,10.1038/ncomms15694,,tooth,,ENA,PRJEB33848,ERS3635931,Ancient Metagenome - Host-associated,Homo sapiens,oral,,,,
Neukamm2020,2020,10.1186/s12915-020-00839-8,Abusir el-Meleq,29.24,31.1,Egypt,,,,Abusir1518,2900,10.1038/ncomms15694,,tooth,,ENA,PRJEB33848,ERS3635959,Ancient Metagenome - Host-associated,Homo sapiens,oral,,,,
Neukamm2020,2020,10.1186/s12915-020-00839-8,Abusir el-Meleq,29.24,31.1,Egypt,,,,Abusir1519,4000,10.1186/s12915-020-00839-8,,dental calculus,,ENA,PRJEB33848,"ERS3636092,ERS3636091,ERS3635912,ERS3636090",Ancient Metagenome - Host-associated,Homo sapiens,oral,,,,
Neukamm2020,2020,10.1186/s12915-020-00839-8,Abusir el-Meleq,29.24,31.1,Egypt,,,,Abusir1521,2700,10.1038/ncomms15694,,tooth,,ENA,PRJEB33848,ERS3635934,Ancient Metagenome - Host-associated,Homo sapiens,oral,,,,
Neukamm2020,2020,10.1186/s12915-020-00839-8,Abusir el-Meleq,29.24,31.1,Egypt,,,,Abusir1526,2700,10.1038/ncomms15694,,tooth,,ENA,PRJEB33848,ERS3635939,Ancient Metagenome - Host-associated,Homo sapiens,oral,,,,
Neukamm2020,2020,10.1186/s12915-020-00839-8,Abusir el-Meleq,29.24,31.1,Egypt,,,,Abusir1529,2200,10.1186/s12915-020-00839-8,,tooth,,ENA,PRJEB33848,ERS3635985,Ancient Metagenome - Host-associated,Homo sapiens,oral,,,,
Neukamm2020,2020,10.1186/s12915-020-00839-8,Abusir el-Meleq,29.24,31.1,Egypt,,,,Abusir1534,2800,10.1038/ncomms15694,,tooth,,ENA,PRJEB33848,ERS3635940,Ancient Metagenome - Host-associated,Homo sapiens,oral,,,,
Neukamm2020,2020,10.1186/s12915-020-00839-8,Abusir el-Meleq,29.24,31.1,Egypt,,,,Abusir1537,2000,10.1186/s12915-020-00839-8,,tooth,,ENA,PRJEB33848,ERS3636030,Ancient Metagenome - Host-associated,Homo sapiens,oral,,,,
Neukamm2020,2020,10.1186/s12915-020-00839-8,Abusir el-Meleq,29.24,31.1,Egypt,,,,Abusir1538,2000,10.1038/ncomms15694,,tooth,,ENA,PRJEB33848,ERS3635990,Ancient Metagenome - Host-associated,Homo sapiens,oral,,,,
Neukamm2020,2020,10.1186/s12915-020-00839-8,Abusir el-Meleq,29.24,31.1,Egypt,,,,Abusir1545,2200,10.1186/s12915-020-00839-8,,tooth,,ENA,PRJEB33848,ERS3636000,Ancient Metagenome - Host-associated,Homo sapiens,oral,,,,
Neukamm2020,2020,10.1186/s12915-020-00839-8,Abusir el-Meleq,29.24,31.1,Egypt,,,,Abusir1546,2200,10.1038/ncomms15694,,tooth,,ENA,PRJEB33848,ERS3635991,Ancient Metagenome - Host-associated,Homo sapiens,oral,,,,
Neukamm2020,2020,10.1186/s12915-020-00839-8,Abusir el-Meleq,29.24,31.1,Egypt,,,,Abusir1547,1800,10.1038/ncomms15694,,tooth,,ENA,PRJEB33848,ERS3636016,Ancient Metagenome - Host-associated,Homo sapiens,oral,,,,
Neukamm2020,2020,10.1186/s12915-020-00839-8,Abusir el-Meleq,29.24,31.1,Egypt,,,,Abusir1550,2200,10.1038/ncomms15694,,tooth,,ENA,PRJEB33848,ERS3635982,Ancient Metagenome - Host-associated,Homo sapiens,oral,,,,
Neukamm2020,2020,10.1186/s12915-020-00839-8,Abusir el-Meleq,29.24,31.1,Egypt,,,,Abusir1560,2000,10.1186/s12915-020-00839-8,,tooth,,ENA,PRJEB33848,ERS3635978,Ancient Metagenome - Host-associated,Homo sapiens,oral,,,,
Neukamm2020,2020,10.1186/s12915-020-00839-8,Abusir el-Meleq,29.24,31.1,Egypt,,,,Abusir1561,2200,10.1186/s12915-020-00839-8,,tooth,,ENA,PRJEB33848,ERS3635988,Ancient Metagenome - Host-associated,Homo sapiens,oral,,,,
Neukamm2020,2020,10.1186/s12915-020-00839-8,Abusir el-Meleq,29.24,31.1,Egypt,,,,Abusir1563,2100,10.1038/ncomms15694,,tooth,,ENA,PRJEB33848,ERS3635983,Ancient Metagenome - Host-associated,Homo sapiens,oral,,,,
Neukamm2020,2020,10.1186/s12915-020-00839-8,Abusir el-Meleq,29.24,31.1,Egypt,,,,Abusir1564,2200,10.1371/journal.pone.0060307,,tooth,,ENA,PRJEB33848,ERS3635967,Ancient Metagenome - Host-associated,Homo sapiens,oral,,,,
Neukamm2020,2020,10.1186/s12915-020-00839-8,Abusir el-Meleq,29.24,31.1,Egypt,,,,Abusir1568,3300,10.1038/ncomms15694,,tooth,,ENA,PRJEB33848,ERS3635933,Ancient Metagenome - Host-associated,Homo sapiens,oral,,,,
Neukamm2020,2020,10.1186/s12915-020-00839-8,Abusir el-Meleq,29.24,31.1,Egypt,,,,Abusir1569,2700,10.1038/ncomms15694,,tooth,,ENA,PRJEB33848,ERS3635938,Ancient Metagenome - Host-associated,Homo sapiens,oral,,,,
Neukamm2020,2020,10.1186/s12915-020-00839-8,Abusir el-Meleq,29.24,31.1,Egypt,,,,Abusir1570,2000,10.1038/ncomms15694,,tooth,,ENA,PRJEB33848,ERS3635980,Ancient Metagenome - Host-associated,Homo sapiens,oral,,,,
Neukamm2020,2020,10.1186/s12915-020-00839-8,Abusir el-Meleq,29.24,31.1,Egypt,,,,Abusir1573,1900,10.1038/ncomms15694,,tooth,,ENA,PRJEB33848,ERS3635984,Ancient Metagenome - Host-associated,Homo sapiens,oral,,,,
Neukamm2020,2020,10.1186/s12915-020-00839-8,Abusir el-Meleq,29.24,31.1,Egypt,,,,Abusir1574,2000,10.1186/s12915-020-00839-8,,dental calculus,,ENA,PRJEB33848,ERS3636013,Ancient Metagenome - Host-associated,Homo sapiens,oral,,,,
Neukamm2020,2020,10.1186/s12915-020-00839-8,Abusir el-Meleq,29.24,31.1,Egypt,,,,Abusir1579,2200,10.1186/s12915-020-00839-8,,tooth,,ENA,PRJEB33848,ERS3635992,Ancient Metagenome - Host-associated,Homo sapiens,oral,,,,
Neukamm2020,2020,10.1186/s12915-020-00839-8,Abusir el-Meleq,29.24,31.1,Egypt,,,,Abusir1580,2300,10.1038/ncomms15694,,tooth,,ENA,PRJEB33848,ERS3635937,Ancient Metagenome - Host-associated,Homo sapiens,oral,,,,
Neukamm2020,2020,10.1186/s12915-020-00839-8,Abusir el-Meleq,29.24,31.1,Egypt,,,,Abusir1583,2200,10.1186/s12915-020-00839-8,,tooth,,ENA,PRJEB33848,ERS3635989,Ancient Metagenome - Host-associated,Homo sapiens,oral,,,,
Neukamm2020,2020,10.1186/s12915-020-00839-8,Abusir el-Meleq,29.24,31.1,Egypt,,,,Abusir1584,2700,10.1038/ncomms15694,,tooth,,ENA,PRJEB33848,ERS3635930,Ancient Metagenome - Host-associated,Homo sapiens,oral,,,,
Neukamm2020,2020,10.1186/s12915-020-00839-8,Abusir el-Meleq,29.24,31.1,Egypt,,,,Abusir1587,2000,10.1186/s12915-020-00839-8,,tooth,,ENA,PRJEB33848,ERS3635987,Ancient Metagenome - Host-associated,Homo sapiens,oral,,,,
Neukamm2020,2020,10.1186/s12915-020-00839-8,Abusir el-Meleq,29.24,31.1,Egypt,,,,Abusir1590,2300,10.1038/ncomms15694,,tooth,,ENA,PRJEB33848,ERS3635926,Ancient Metagenome - Host-associated,Homo sapiens,oral,,,,
Neukamm2020,2020,10.1186/s12915-020-00839-8,Abusir el-Meleq,29.24,31.1,Egypt,,,,Abusir1591,2700,10.1038/ncomms15694,,tooth,,ENA,PRJEB33848,ERS3635936,Ancient Metagenome - Host-associated,Homo sapiens,oral,,,,
Neukamm2020,2020,10.1186/s12915-020-00839-8,Abusir el-Meleq,29.24,31.1,Egypt,,,,Abusir1594,2200,10.1038/ncomms15694,,tooth,,ENA,PRJEB33848,ERS3636007,Ancient Metagenome - Host-associated,Homo sapiens,oral,,,,
Neukamm2020,2020,10.1186/s12915-020-00839-8,Abusir el-Meleq,29.24,31.1,Egypt,,,,Abusir1594,2200,10.1038/ncomms15694,,dental calculus,,ENA,PRJEB33848,"ERS3636014,ERS3636102,ERS3636103",Ancient Metagenome - Host-associated,Homo sapiens,oral,,,,
Neukamm2020,2020,10.1186/s12915-020-00839-8,Abusir el-Meleq,29.24,31.1,Egypt,,,,Abusir1595,2900,10.1038/ncomms15694,,tooth,,ENA,PRJEB33848,ERS3635963,Ancient Metagenome - Host-associated,Homo sapiens,oral,,,,
Neukamm2020,2020,10.1186/s12915-020-00839-8,Abusir el-Meleq,29.24,31.1,Egypt,,,,Abusir1596,2600,10.1038/ncomms15694,,tooth,,ENA,PRJEB33848,ERS3635955,Ancient Metagenome - Host-associated,Homo sapiens,oral,,,,
Neukamm2020,2020,10.1186/s12915-020-00839-8,Abusir el-Meleq,29.24,31.1,Egypt,,,,Abusir1599,2000,10.1186/s12915-020-00839-8,,tooth,,ENA,PRJEB33848,ERS3636006,Ancient Metagenome - Host-associated,Homo sapiens,oral,,,,
Neukamm2020,2020,10.1186/s12915-020-00839-8,Abusir el-Meleq,29.24,31.1,Egypt,,,,Abusir1601,1900,10.1038/ncomms15694,,tooth,,ENA,PRJEB33848,ERS3636035,Ancient Metagenome - Host-associated,Homo sapiens,oral,,,,
Neukamm2020,2020,10.1186/s12915-020-00839-8,Abusir el-Meleq,29.24,31.1,Egypt,,,,Abusir1602,2200,10.1038/ncomms15694,,tooth,,ENA,PRJEB33848,ERS3636008,Ancient Metagenome - Host-associated,Homo sapiens,oral,,,,
Neukamm2020,2020,10.1186/s12915-020-00839-8,Abusir el-Meleq,29.24,31.1,Egypt,,,,Abusir1607,1900,10.1186/s12915-020-00839-8,,tooth,,ENA,PRJEB33848,ERS3636032,Ancient Metagenome - Host-associated,Homo sapiens,oral,,,,
Neukamm2020,2020,10.1186/s12915-020-00839-8,Abusir el-Meleq,29.24,31.1,Egypt,,,,Abusir1612,2600,10.1038/ncomms15694,,tooth,,ENA,PRJEB33848,ERS3635948,Ancient Metagenome - Host-associated,Homo sapiens,oral,,,,
Neukamm2020,2020,10.1186/s12915-020-00839-8,Abusir el-Meleq,29.24,31.1,Egypt,,,,Abusir1614,2600,10.1038/ncomms15694,,tooth,,ENA,PRJEB33848,ERS3635946,Ancient Metagenome - Host-associated,Homo sapiens,oral,,,,
Neukamm2020,2020,10.1186/s12915-020-00839-8,Abusir el-Meleq,29.24,31.1,Egypt,,,,Abusir1615,2800,10.1038/ncomms15694,,tooth,,ENA,PRJEB33848,ERS3635943,Ancient Metagenome - Host-associated,Homo sapiens,oral,,,,
Neukamm2020,2020,10.1186/s12915-020-00839-8,Abusir el-Meleq,29.24,31.1,Egypt,,,,Abusir1616,2900,10.1038/ncomms15694,,tooth,,ENA,PRJEB33848,ERS3635920,Ancient Metagenome - Host-associated,Homo sapiens,oral,,,,
Neukamm2020,2020,10.1186/s12915-020-00839-8,Abusir el-Meleq,29.24,31.1,Egypt,,,,Abusir1617,3000,10.1038/ncomms15694,,tooth,,ENA,PRJEB33848,ERS3635945,Ancient Metagenome - Host-associated,Homo sapiens,oral,,,,
Neukamm2020,2020,10.1186/s12915-020-00839-8,Abusir el-Meleq,29.24,31.1,Egypt,,,,Abusir1618,2400,10.1038/ncomms15694,,tooth,,ENA,PRJEB33848,ERS3635944,Ancient Metagenome - Host-associated,Homo sapiens,oral,,,,
Neukamm2020,2020,10.1186/s12915-020-00839-8,Abusir el-Meleq,29.24,31.1,Egypt,,,,Abusir1620,2200,10.1186/s12915-020-00839-8,,tooth,,ENA,PRJEB33848,ERS3635993,Ancient Metagenome - Host-associated,Homo sapiens,oral,,,,
Neukamm2020,2020,10.1186/s12915-020-00839-8,Abusir el-Meleq,29.24,31.1,Egypt,,,,Abusir1621,2100,10.1186/s12915-020-00839-8,,tooth,,ENA,PRJEB33848,ERS3635994,Ancient Metagenome - Host-associated,Homo sapiens,oral,,,,
Neukamm2020,2020,10.1186/s12915-020-00839-8,Abusir el-Meleq,29.24,31.1,Egypt,,,,Abusir1623,2200,10.1186/s12915-020-00839-8,,tooth,,ENA,PRJEB33848,ERS3635995,Ancient Metagenome - Host-associated,Homo sapiens,oral,,,,
Neukamm2020,2020,10.1186/s12915-020-00839-8,Abusir el-Meleq,29.24,31.1,Egypt,,,,Abusir1627,2000,10.1038/ncomms15694,,tooth,,ENA,PRJEB33848,ERS3636009,Ancient Metagenome - Host-associated,Homo sapiens,oral,,,,
Neukamm2020,2020,10.1186/s12915-020-00839-8,Abusir el-Meleq,29.24,31.1,Egypt,,,,Abusir1631,1900,10.1038/ncomms15694,,tooth,,ENA,PRJEB33848,ERS3636042,Ancient Metagenome - Host-associated,Homo sapiens,oral,,,,
Neukamm2020,2020,10.1186/s12915-020-00839-8,Abusir el-Meleq,29.24,31.1,Egypt,,,,Abusir1633,2300,10.1038/ncomms15694,,tooth,,ENA,PRJEB33848,ERS3635964,Ancient Metagenome - Host-associated,Homo sapiens,oral,,,,
Neukamm2020,2020,10.1186/s12915-020-00839-8,Abusir el-Meleq,29.24,31.1,Egypt,,,,Abusir1635,1700,10.1038/ncomms15694,,tooth,,ENA,PRJEB33848,ERS3636011,Ancient Metagenome - Host-associated,Homo sapiens,oral,,,,
Neukamm2020,2020,10.1186/s12915-020-00839-8,Abusir el-Meleq,29.24,31.1,Egypt,,,,Abusir1636,2300,10.1038/ncomms15694,,tooth,,ENA,PRJEB33848,ERS3635962,Ancient Metagenome - Host-associated,Homo sapiens,oral,,,,
Neukamm2020,2020,10.1186/s12915-020-00839-8,Abusir el-Meleq,29.24,31.1,Egypt,,,,Abusir1647,2300,10.1186/s12915-020-00839-8,,tooth,,ENA,PRJEB33848,ERS3635958,Ancient Metagenome - Host-associated,Homo sapiens,oral,,,,
Neukamm2020,2020,10.1186/s12915-020-00839-8,Abusir el-Meleq,29.24,31.1,Egypt,,,,Abusir1648,2000,10.1038/ncomms15694,,tooth,,ENA,PRJEB33848,ERS3636002,Ancient Metagenome - Host-associated,Homo sapiens,oral,,,,
Neukamm2020,2020,10.1186/s12915-020-00839-8,Abusir el-Meleq,29.24,31.1,Egypt,,,,Abusir1650,2800,10.1038/ncomms15694,,tooth,,ENA,PRJEB33848,ERS3635961,Ancient Metagenome - Host-associated,Homo sapiens,oral,,,,
Neukamm2020,2020,10.1186/s12915-020-00839-8,Abusir el-Meleq,29.24,31.1,Egypt,,,,Abusir1651,2200,10.1038/ncomms15694,,tooth,,ENA,PRJEB33848,ERS3636005,Ancient Metagenome - Host-associated,Homo sapiens,oral,,,,
Neukamm2020,2020,10.1186/s12915-020-00839-8,Abusir el-Meleq,29.24,31.1,Egypt,,,,Abusir1654,2300,10.1038/ncomms15694,,tooth,,ENA,PRJEB33848,ERS3635960,Ancient Metagenome - Host-associated,Homo sapiens,oral,,,,
Neukamm2020,2020,10.1186/s12915-020-00839-8,Abusir el-Meleq,29.24,31.1,Egypt,,,,Abusir1655,3100,10.1038/ncomms15694,,tooth,,ENA,PRJEB33848,ERS3635957,Ancient Metagenome - Host-associated,Homo sapiens,oral,,,,
Neukamm2020,2020,10.1186/s12915-020-00839-8,Abusir el-Meleq,29.24,31.1,Egypt,,,,Abusir1660,2200,10.1186/s12915-020-00839-8,,tooth,,ENA,PRJEB33848,ERS3636001,Ancient Metagenome - Host-associated,Homo sapiens,oral,,,,
Neukamm2020,2020,10.1186/s12915-020-00839-8,Abusir el-Meleq,29.24,31.1,Egypt,,,,Abusir1665,2000,10.1186/s12915-020-00839-8,,tooth,,ENA,PRJEB33848,ERS3636040,Ancient Metagenome - Host-associated,Homo sapiens,oral,,,,
Neukamm2020,2020,10.1186/s12915-020-00839-8,Abusir el-Meleq,29.24,31.1,Egypt,,,,Abusir1668,2200,10.1038/ncomms15694,,tooth,,ENA,PRJEB33848,ERS3636003,Ancient Metagenome - Host-associated,Homo sapiens,oral,,,,
Neukamm2020,2020,10.1186/s12915-020-00839-8,Abusir el-Meleq,29.24,31.1,Egypt,,,,Abusir1671,2100,10.1038/ncomms15694,,tooth,,ENA,PRJEB33848,ERS3636004,Ancient Metagenome - Host-associated,Homo sapiens,oral,,,,
Neukamm2020,2020,10.1186/s12915-020-00839-8,Abusir el-Meleq,29.24,31.1,Egypt,,,,Abusir1672,1900,10.1038/ncomms15694,,tooth,,ENA,PRJEB33848,ERS3636041,Ancient Metagenome - Host-associated,Homo sapiens,oral,,,,
Neukamm2020,2020,10.1186/s12915-020-00839-8,Abusir el-Meleq,29.24,31.1,Egypt,,,,Abusir1673,2600,10.1038/ncomms15694,,tooth,,ENA,PRJEB33848,ERS3635956,Ancient Metagenome - Host-associated,Homo sapiens,oral,,,,
Neukamm2020,2020,10.1186/s12915-020-00839-8,Abusir el-Meleq,29.24,31.1,Egypt,,,,Abusir3533,2600,10.1038/ncomms15694,,tooth,,ENA,PRJEB33848,ERS3635925,Ancient Metagenome - Host-associated,Homo sapiens,oral,,,,
Neukamm2020,2020,10.1186/s12915-020-00839-8,Abusir el-Meleq,29.24,31.1,Egypt,,,,Abusir3536,2000,10.1038/ncomms15694,,tooth,,ENA,PRJEB33848,ERS3636019,Ancient Metagenome - Host-associated,Homo sapiens,oral,,,,
Neukamm2020,2020,10.1186/s12915-020-00839-8,Abusir el-Meleq,29.24,31.1,Egypt,,,,Abusir3544,1500,10.1038/ncomms15694,,tooth,,ENA,PRJEB33848,ERS3636020,Ancient Metagenome - Host-associated,Homo sapiens,oral,,,,
Neukamm2020,2020,10.1186/s12915-020-00839-8,Abusir el-Meleq,29.24,31.1,Egypt,,,,Abusir3552,1600,10.1038/ncomms15694,,tooth,,ENA,PRJEB33848,ERS3636021,Ancient Metagenome - Host-associated,Homo sapiens,oral,,,,
Neukamm2020,2020,10.1186/s12915-020-00839-8,Abusir el-Meleq,29.24,31.1,Egypt,,,,Abusir3578,2200,10.1038/ncomms15694,,tooth,,ENA,PRJEB33848,ERS3635974,Ancient Metagenome - Host-associated,Homo sapiens,oral,,,,
Neukamm2020,2020,10.1186/s12915-020-00839-8,Abusir el-Meleq,29.24,31.1,Egypt,,,,Abusir3610,2200,10.1038/ncomms15694,,tooth,,ENA,PRJEB33848,ERS3635975,Ancient Metagenome - Host-associated,Homo sapiens,oral,,,,
Eerkens2018,2018,10.1016/j.ijpp.2018.05.001,"CA-SCL-919, Santa Clara County",37.3,-121.8,USA,,,,RN4-Calculus,400,10.1016/j.ijpp.2018.05.001,,dental calculus,,SRA,PRJNA377320,SRS2006287,Ancient Metagenome - Host-associated,Homo sapiens,oral,,,,
Eerkens2018,2018,10.1016/j.ijpp.2018.05.001,"CA-SCL-919, Santa Clara County",37.3,-121.8,USA,,,,RN1-Calculus,500,10.1016/j.ijpp.2018.05.001,,dental calculus,,SRA,PRJNA377320,SRS2006289,Ancient Metagenome - Host-associated,Homo sapiens,oral,,,,
Eerkens2018,2018,10.1016/j.ijpp.2018.05.001,"CA-SCL-919, Santa Clara County",37.3,-121.8,USA,,,,RN2-Calculus,400,10.1016/j.ijpp.2018.05.001,,dental calculus,,SRA,PRJNA377320,SRS2006288,Ancient Metagenome - Host-associated,Homo sapiens,oral,,,,
Eerkens2018,2018,10.1016/j.ijpp.2018.05.001,"CA-SCL-919, Santa Clara County",37.3,-121.8,USA,,,,RN3-Calculus,400,10.1016/j.ijpp.2018.05.001,,dental calculus,,SRA,PRJNA377320,SRS2006290,Ancient Metagenome - Host-associated,Homo sapiens,oral,,,,
Modi2020,2020,10.1007/s12520-019-00983-5,Porticus Octaviae (Rome),41.892,12.478,Italy,,,,P.O 108-7,900,10.1007/s12520-019-00983-5,,dental calculus,,SRA,PRJNA660212,SRS7296485,Ancient Metagenome - Host-associated,Homo sapiens,oral,,,,
Modi2020,2020,10.1007/s12520-019-00983-5,Porticus Octaviae (Rome),41.892,12.478,Italy,,,,P.O Z. US44,900,10.1007/s12520-019-00983-5,,dental calculus,,SRA,PRJNA660212,SRS7296487,Ancient Metagenome - Host-associated,Homo sapiens,oral,,,,
Modi2020,2020,10.1007/s12520-019-00983-5,Porticus Octaviae (Rome),41.892,12.478,Italy,,,,P.O 898-11,1000,10.1007/s12520-019-00983-5,,dental calculus,,SRA,PRJNA660212,SRS7296488,Ancient Metagenome - Host-associated,Homo sapiens,oral,,,,
Eisenhofer2020,2020,10.1098/rstb.2019.0578,Tokyo,35.71,139.78,Japan,,,,A18023_Japan_Edo_4,230,10.1098/rstb.2019.0578,,dental calculus,,SRA,PRJNA608555,SRS6212663,Ancient Metagenome - Host-associated,Homo sapiens,oral,,,,
Eisenhofer2020,2020,10.1098/rstb.2019.0578,Tokyo,35.71,139.78,Japan,,,,A18022_Japan_Edo_3,230,10.1098/rstb.2019.0578,,dental calculus,,SRA,PRJNA608555,SRS6212662,Ancient Metagenome - Host-associated,Homo sapiens,oral,,,,
Eisenhofer2020,2020,10.1098/rstb.2019.0578,Tokyo,35.71,139.78,Japan,,,,A18021_Japan_Edo_2,230,10.1098/rstb.2019.0578,,dental calculus,,SRA,PRJNA608555,SRS6212661,Ancient Metagenome - Host-associated,Homo sapiens,oral,,,,
Eisenhofer2020,2020,10.1098/rstb.2019.0578,Tokyo,35.71,139.78,Japan,,,,A18020_Japan_Edo_1,230,10.1098/rstb.2019.0578,,dental calculus,,SRA,PRJNA608555,SRS6212660,Ancient Metagenome - Host-associated,Homo sapiens,oral,,,,
Eisenhofer2020,2020,10.1098/rstb.2019.0578,Ebishima,38.83,141.18,Japan,,,,A18019_Japan_Jomon_5,2700,10.1098/rstb.2019.0578,,dental calculus,,SRA,PRJNA608555,SRS6212659,Ancient Metagenome - Host-associated,Homo sapiens,oral,,,,
Eisenhofer2020,2020,10.1098/rstb.2019.0578,Miyano,39.12,141.81,Japan,,,,A18018_Japan_Jomon_4,2700,10.1098/rstb.2019.0578,,dental calculus,,SRA,PRJNA608555,SRS6212658,Ancient Metagenome - Host-associated,Homo sapiens,oral,,,,
Eisenhofer2020,2020,10.1098/rstb.2019.0578,Miyano,39.12,141.81,Japan,,,,A18017_Japan_Jomon_3,2700,10.1098/rstb.2019.0578,,dental calculus,,SRA,PRJNA608555,SRS6212657,Ancient Metagenome - Host-associated,Homo sapiens,oral,,,,
Eisenhofer2020,2020,10.1098/rstb.2019.0578,Ikawazu,34.64,137.14,Japan,,,,A18016_Japan_Jomon_2,2700,10.1098/rstb.2019.0578,,dental calculus,,SRA,PRJNA608555,SRS6212656,Ancient Metagenome - Host-associated,Homo sapiens,oral,,,,
Eisenhofer2020,2020,10.1098/rstb.2019.0578,Tokyo,35.71,139.78,Japan,,,,A18033_Japan_Edo_10,230,10.1098/rstb.2019.0578,,dental calculus,,SRA,PRJNA608555,SRS6212655,Ancient Metagenome - Host-associated,Homo sapiens,oral,,,,
Eisenhofer2020,2020,10.1098/rstb.2019.0578,Tokyo,35.71,139.78,Japan,,,,A18032_Japan_Edo_9,230,10.1098/rstb.2019.0578,,dental calculus,,SRA,PRJNA608555,SRS6212654,Ancient Metagenome - Host-associated,Homo sapiens,oral,,,,
Eisenhofer2020,2020,10.1098/rstb.2019.0578,Tokyo,35.71,139.78,Japan,,,,A18027_Japan_Edo_8,230,10.1098/rstb.2019.0578,,dental calculus,,SRA,PRJNA608555,SRS6212652,Ancient Metagenome - Host-associated,Homo sapiens,oral,,,,
Eisenhofer2020,2020,10.1098/rstb.2019.0578,Tokyo,35.71,139.78,Japan,,,,A18026_Japan_Edo_7,230,10.1098/rstb.2019.0578,,dental calculus,,SRA,PRJNA608555,SRS6212651,Ancient Metagenome - Host-associated,Homo sapiens,oral,,,,
Eisenhofer2020,2020,10.1098/rstb.2019.0578,Tokyo,35.71,139.78,Japan,,,,A18025_Japan_Edo_6,230,10.1098/rstb.2019.0578,,dental calculus,,SRA,PRJNA608555,SRS6212650,Ancient Metagenome - Host-associated,Homo sapiens,oral,,,,
Eisenhofer2020,2020,10.1098/rstb.2019.0578,Tokyo,35.713,139.767,Japan,,,,A18024_Japan_Edo_5,230,10.1098/rstb.2019.0578,,dental calculus,,SRA,PRJNA608555,SRS6212649,Ancient Metagenome - Host-associated,Homo sapiens,oral,,,,
Eisenhofer2020,2020,10.1098/rstb.2019.0578,Miyano,39.12,141.81,Japan,,,,A18015_Japan_Jomon_1,2700,10.1098/rstb.2019.0578,,dental calculus,,SRA,PRJNA608555,SRS6212648,Ancient Metagenome - Host-associated,Homo sapiens,oral,,,,
Jacobson2020,2020,10.1098/rstb.2019.0586,Chan Chich,17.53,-89.11,Belize,,,,MAWB_15,1300,10.1098/rstb.2019.0586,,dental calculus,,SRA,PRJNA657275,SRS7212796,Ancient Metagenome - Host-associated,Homo sapiens,oral,,,,
Jacobson2020,2020,10.1098/rstb.2019.0586,Chan Chich,17.53,-89.11,Belize,,,,MAWB_12,1300,10.1098/rstb.2019.0586,,dental calculus,,SRA,PRJNA657275,SRS7212795,Ancient Metagenome - Host-associated,Homo sapiens,oral,,,,
Jacobson2020,2020,10.1098/rstb.2019.0586,Chan Chich,17.53,-89.11,Belize,,,,MAWB_11,1300,10.1098/rstb.2019.0586,,dental calculus,,SRA,PRJNA657275,SRS7212794,Ancient Metagenome - Host-associated,Homo sapiens,oral,,,,
Jacobson2020,2020,10.1098/rstb.2019.0586,Chan Chich,17.53,-89.11,Belize,,,,MAWB_10,1300,10.1098/rstb.2019.0586,,dental calculus,,SRA,PRJNA657275,SRS7212793,Ancient Metagenome - Host-associated,Homo sapiens,oral,,,,
Jacobson2020,2020,10.1098/rstb.2019.0586,Chan Chich,17.53,-89.11,Belize,,,,MAWB_6,1300,10.1098/rstb.2019.0586,,dental calculus,,SRA,PRJNA657275,SRS7212792,Ancient Metagenome - Host-associated,Homo sapiens,oral,,,,
Jacobson2020,2020,10.1098/rstb.2019.0586,Chan,17.53,-89.11,Belize,,,,MAWB_5,2000,10.1098/rstb.2019.0586,,dental calculus,,SRA,PRJNA657275,SRS7212791,Ancient Metagenome - Host-associated,Homo sapiens,oral,,,,
Jacobson2020,2020,10.1098/rstb.2019.0586,Chan,17.53,-89.11,Belize,,,,MAWB_3,1400,10.1098/rstb.2019.0586,,dental calculus,,SRA,PRJNA657275,SRS7212790,Ancient Metagenome - Host-associated,Homo sapiens,oral,,,,
Jacobson2020,2020,10.1098/rstb.2019.0586,Perdalba (Sardara),39.58,8.85,Italy,,,,SA_011,3600,10.1098/rstb.2019.0586,,dental calculus,,SRA,PRJNA657275,SRS7212789,Ancient Metagenome - Host-associated,Homo sapiens,oral,,,,
Jacobson2020,2020,10.1098/rstb.2019.0586,Perdalba (Sardara),39.58,8.85,Italy,,,,SA_010,3600,10.1098/rstb.2019.0586,,dental calculus,,SRA,PRJNA657275,SRS7212804,Ancient Metagenome - Host-associated,Homo sapiens,oral,,,,
Jacobson2020,2020,10.1098/rstb.2019.0586,Perdalba (Sardara),39.58,8.85,Italy,,,,SA_009,3600,10.1098/rstb.2019.0586,,dental calculus,,SRA,PRJNA657275,SRS7212803,Ancient Metagenome - Host-associated,Homo sapiens,oral,,,,
Jacobson2020,2020,10.1098/rstb.2019.0586,Capo Pecora (Arbus),39.448,8.391,Italy,,,,SA_008,3400,10.1098/rstb.2019.0586,,dental calculus,,SRA,PRJNA657275,SRS7212802,Ancient Metagenome - Host-associated,Homo sapiens,oral,,,,
Jacobson2020,2020,10.1098/rstb.2019.0586,Capo Pecora (Arbus),39.448,8.391,Italy,,,,SA_007,3400,10.1098/rstb.2019.0586,,dental calculus,,SRA,PRJNA657275,SRS7212801,Ancient Metagenome - Host-associated,Homo sapiens,oral,,,,
Jacobson2020,2020,10.1098/rstb.2019.0586,Capo Pecora (Arbus),39.448,8.391,Italy,,,,SA_006,3400,10.1098/rstb.2019.0586,,dental calculus,,SRA,PRJNA657275,SRS7212800,Ancient Metagenome - Host-associated,Homo sapiens,oral,,,,
Jacobson2020,2020,10.1098/rstb.2019.0586,Capo Pecora (Arbus),39.448,8.391,Italy,,,,SA_005,3400,10.1098/rstb.2019.0586,,dental calculus,,SRA,PRJNA657275,SRS7212799,Ancient Metagenome - Host-associated,Homo sapiens,oral,,,,
Jacobson2020,2020,10.1098/rstb.2019.0586,Lu Maccioni (Alghero),40.544,8.321,Italy,,,,SA_004,3000,10.1098/rstb.2019.0586,,dental calculus,,SRA,PRJNA657275,SRS7212798,Ancient Metagenome - Host-associated,Homo sapiens,oral,,,,
Jacobson2020,2020,10.1098/rstb.2019.0586,Lu Maccioni (Alghero),40.544,8.321,Italy,,,,SA_003,3000,10.1098/rstb.2019.0586,,dental calculus,,SRA,PRJNA657275,SRS7212797,Ancient Metagenome - Host-associated,Homo sapiens,oral,,,,
Jacobson2020,2020,10.1098/rstb.2019.0586,Lu Maccioni (Alghero),40.544,8.321,Italy,,,,SA_002,3000,10.1098/rstb.2019.0586,,dental calculus,,SRA,PRJNA657275,SRS7212788,Ancient Metagenome - Host-associated,Homo sapiens,oral,,,,
Jacobson2020,2020,10.1098/rstb.2019.0586,Lu Maccioni (Alghero),40.544,8.321,Italy,,,,SA_001,3000,10.1098/rstb.2019.0586,,dental calculus,,SRA,PRJNA657275,SRS7212787,Ancient Metagenome - Host-associated,Homo sapiens,oral,,,,
Williams2020,2020,10.1128/MRA.00850-20,"Medical Collection, American Museum of Natural History (New York)",40.781,-73.974,USA,,,,AMNH98137_Q01,100,10.1128/MRA.00850-20,,dental calculus,,SRA,PRJNA643812,SRS6939170,Ancient Metagenome - Host-associated,Homo sapiens,oral,,,,
Williams2020,2020,10.1128/MRA.00850-20,"Kodiak Island Collection, National Museum of Natural History (Washington D.C.)",38.891,-77.026,USA,,,,364459,100,10.1128/MRA.00850-20,,dental calculus,,SRA,PRJNA643812,SRS6939171,Ancient Metagenome - Host-associated,Homo sapiens,oral,,,,
Fotakis2020,2020,10.1098/rstb.2019.0584,"Library site, Trondheim",63.431,10.401,Norway,,,,SK92,400,10.1098/rstb.2019.0584,,dental calculus,,ENA,PRJEB37995,ERS5113011,Ancient Metagenome - Host-associated,Homo sapiens,oral,,,,
Philips2017,2017,10.1093/gigascience/gix044,Gniezno,52.538,17.597,Poland,,,,PCA0161,1000,10.1186/s12864-020-06810-9,,tooth,,SRA,PRJNA354503,SRS1815425,Ancient Metagenome - Host-associated,Homo sapiens,oral,,,,
Philips2017,2017,10.1093/gigascience/gix044,Gniezno,52.538,17.597,Poland,,,,PCA0162,900,10.1186/s12864-020-06810-9,,tooth,,SRA,PRJNA354503,SRS1815300,Ancient Metagenome - Host-associated,Homo sapiens,oral,,,,
Philips2017,2017,10.1093/gigascience/gix044,Kowalewko,52.699,17.605,Poland,,,,PCA0002,1800,10.1186/s12864-020-06810-9,,tooth,,SRA,PRJNA354503,SRS1815290,Ancient Metagenome - Host-associated,Homo sapiens,oral,,,,
Philips2017,2017,10.1093/gigascience/gix044,Kowalewko,52.699,17.605,Poland,,,,PCA0001,1800,10.1186/s12864-020-06810-9,,tooth,,SRA,PRJNA354503,SRS1815306,Ancient Metagenome - Host-associated,Homo sapiens,oral,,,,
Philips2017,2017,10.1093/gigascience/gix044,Kowalewko,52.699,17.605,Poland,,,,PCA0005,2000,10.1186/s12864-020-06810-9,,tooth,,SRA,PRJNA354503,SRS1815342,Ancient Metagenome - Host-associated,Homo sapiens,oral,,,,
Philips2017,2017,10.1093/gigascience/gix044,Kowalewko,52.699,17.605,Poland,,,,PCA0007,1800,10.1186/s12864-020-06810-9,,tooth,,SRA,PRJNA354503,SRS1815363,Ancient Metagenome - Host-associated,Homo sapiens,oral,,,,
Philips2017,2017,10.1093/gigascience/gix044,Kowalewko,52.699,17.605,Poland,,,,PCA0006,1800,10.1186/s12864-020-06810-9,,tooth,,SRA,PRJNA354503,SRS1815390,Ancient Metagenome - Host-associated,Homo sapiens,oral,,,,
Philips2017,2017,10.1093/gigascience/gix044,Kowalewko,52.699,17.605,Poland,,,,PCA0004,1800,10.1186/s12864-020-06810-9,,tooth,,SRA,PRJNA354503,SRS1815395,Ancient Metagenome - Host-associated,Homo sapiens,oral,,,,
Philips2017,2017,10.1093/gigascience/gix044,Kowalewko,52.699,17.605,Poland,,,,PCA0003,1800,10.1186/s12864-020-06810-9,,tooth,,SRA,PRJNA354503,SRS1815397,Ancient Metagenome - Host-associated,Homo sapiens,oral,,,,
Philips2017,2017,10.1093/gigascience/gix044,Kowalewko,52.699,17.605,Poland,,,,PCA0015,1900,10.1186/s12864-020-06810-9,,tooth,,SRA,PRJNA354503,SRS1815278,Ancient Metagenome - Host-associated,Homo sapiens,oral,,,,
Philips2017,2017,10.1093/gigascience/gix044,Kowalewko,52.699,17.605,Poland,,,,PCA0016,1800,10.1186/s12864-020-06810-9,,tooth,,SRA,PRJNA354503,SRS1815388,Ancient Metagenome - Host-associated,Homo sapiens,oral,,,,
Philips2017,2017,10.1093/gigascience/gix044,Kowalewko,52.699,17.605,Poland,,,,PCA0017,1800,10.1186/s12864-020-06810-9,,tooth,,SRA,PRJNA354503,SRS1815282,Ancient Metagenome - Host-associated,Homo sapiens,oral,,,,
Philips2017,2017,10.1093/gigascience/gix044,Kowalewko,52.699,17.605,Poland,,,,PCA0018,1800,10.1186/s12864-020-06810-9,,tooth,,SRA,PRJNA354503,SRS1815401,Ancient Metagenome - Host-associated,Homo sapiens,oral,,,,
Philips2017,2017,10.1093/gigascience/gix044,Kowalewko,52.699,17.605,Poland,,,,PCA0019,1800,10.1186/s12864-020-06810-9,,tooth,,SRA,PRJNA354503,SRS1815396,Ancient Metagenome - Host-associated,Homo sapiens,oral,,,,
Philips2017,2017,10.1093/gigascience/gix044,Kowalewko,52.699,17.605,Poland,,,,PCA0020,1900,10.1186/s12864-020-06810-9,,tooth,,SRA,PRJNA354503,SRS1815287,Ancient Metagenome - Host-associated,Homo sapiens,oral,,,,
Philips2017,2017,10.1093/gigascience/gix044,Kowalewko,52.699,17.605,Poland,,,,PCA0021,1800,10.1186/s12864-020-06810-9,,tooth,,SRA,PRJNA354503,SRS1815317,Ancient Metagenome - Host-associated,Homo sapiens,oral,,,,
Philips2017,2017,10.1093/gigascience/gix044,Kowalewko,52.699,17.605,Poland,,,,PCA0022,1800,10.1186/s12864-020-06810-9,,tooth,,SRA,PRJNA354503,SRS1815417,Ancient Metagenome - Host-associated,Homo sapiens,oral,,,,
Philips2017,2017,10.1093/gigascience/gix044,Kowalewko,52.699,17.605,Poland,,,,PCA0023,1900,10.1186/s12864-020-06810-9,,tooth,,SRA,PRJNA354503,SRS1815274,Ancient Metagenome - Host-associated,Homo sapiens,oral,,,,
Philips2017,2017,10.1093/gigascience/gix044,Kowalewko,52.699,17.605,Poland,,,,PCA0024,1800,10.1186/s12864-020-06810-9,,tooth,,SRA,PRJNA354503,SRS1815332,Ancient Metagenome - Host-associated,Homo sapiens,oral,,,,
Philips2017,2017,10.1093/gigascience/gix044,Kowalewko,52.699,17.605,Poland,,,,PCA0025,1800,10.1186/s12864-020-06810-9,,tooth,,SRA,PRJNA354503,SRS1815311,Ancient Metagenome - Host-associated,Homo sapiens,oral,,,,
Philips2017,2017,10.1093/gigascience/gix044,Kowalewko,52.699,17.605,Poland,,,,PCA0026,1900,10.1186/s12864-020-06810-9,,tooth,,SRA,PRJNA354503,SRS1815377,Ancient Metagenome - Host-associated,Homo sapiens,oral,,,,
Philips2017,2017,10.1093/gigascience/gix044,Kowalewko,52.699,17.605,Poland,,,,PCA0027,1800,10.1186/s12864-020-06810-9,,tooth,,SRA,PRJNA354503,SRS1815301,Ancient Metagenome - Host-associated,Homo sapiens,oral,,,,
Philips2017,2017,10.1093/gigascience/gix044,Kowalewko,52.699,17.605,Poland,,,,PCA0028,1800,10.1186/s12864-020-06810-9,,tooth,,SRA,PRJNA354503,SRS1815349,Ancient Metagenome - Host-associated,Homo sapiens,oral,,,,
Philips2017,2017,10.1093/gigascience/gix044,Kowalewko,52.699,17.605,Poland,,,,PCA0029,1900,10.1186/s12864-020-06810-9,,tooth,,SRA,PRJNA354503,SRS1815316,Ancient Metagenome - Host-associated,Homo sapiens,oral,,,,
Philips2017,2017,10.1093/gigascience/gix044,Kowalewko,52.699,17.605,Poland,,,,PCA0030,1900,10.1186/s12864-020-06810-9,,tooth,,SRA,PRJNA354503,SRS1815369,Ancient Metagenome - Host-associated,Homo sapiens,oral,,,,
Philips2017,2017,10.1093/gigascience/gix044,Kowalewko,52.699,17.605,Poland,,,,PCA0031,1900,10.1186/s12864-020-06810-9,,tooth,,SRA,PRJNA354503,SRS1815399,Ancient Metagenome - Host-associated,Homo sapiens,oral,,,,
Philips2017,2017,10.1093/gigascience/gix044,Kowalewko,52.699,17.605,Poland,,,,PCA0032,1800,10.1186/s12864-020-06810-9,,tooth,,SRA,PRJNA354503,SRS1815308,Ancient Metagenome - Host-associated,Homo sapiens,oral,,,,
Philips2017,2017,10.1093/gigascience/gix044,Kowalewko,52.699,17.605,Poland,,,,PCA0033,1800,10.1186/s12864-020-06810-9,,tooth,,SRA,PRJNA354503,SRS1815386,Ancient Metagenome - Host-associated,Homo sapiens,oral,,,,
Philips2017,2017,10.1093/gigascience/gix044,Kowalewko,52.699,17.605,Poland,,,,PCA0034,1900,10.1186/s12864-020-06810-9,,tooth,,SRA,PRJNA354503,SRS1815289,Ancient Metagenome - Host-associated,Homo sapiens,oral,,,,
Philips2017,2017,10.1093/gigascience/gix044,Kowalewko,52.699,17.605,Poland,,,,PCA0035,1900,10.1186/s12864-020-06810-9,,tooth,,SRA,PRJNA354503,SRS1815299,Ancient Metagenome - Host-associated,Homo sapiens,oral,,,,
Philips2017,2017,10.1093/gigascience/gix044,Kowalewko,52.699,17.605,Poland,,,,PCA0036,1900,10.1186/s12864-020-06810-9,,tooth,,SRA,PRJNA354503,SRS1815431,Ancient Metagenome - Host-associated,Homo sapiens,oral,,,,
Philips2017,2017,10.1093/gigascience/gix044,Kowalewko,52.699,17.605,Poland,,,,PCA0037,1800,10.1186/s12864-020-06810-9,,tooth,,SRA,PRJNA354503,SRS1815328,Ancient Metagenome - Host-associated,Homo sapiens,oral,,,,
Philips2017,2017,10.1093/gigascience/gix044,Kowalewko,52.699,17.605,Poland,,,,PCA0038,1800,10.1186/s12864-020-06810-9,,tooth,,SRA,PRJNA354503,SRS1815429,Ancient Metagenome - Host-associated,Homo sapiens,oral,,,,
Philips2017,2017,10.1093/gigascience/gix044,Kowalewko,52.699,17.605,Poland,,,,PCA0039,1900,10.1186/s12864-020-06810-9,,tooth,,SRA,PRJNA354503,SRS1815408,Ancient Metagenome - Host-associated,Homo sapiens,oral,,,,
Philips2017,2017,10.1093/gigascience/gix044,Kowalewko,52.699,17.605,Poland,,,,PCA0040,1900,10.1186/s12864-020-06810-9,,tooth,,SRA,PRJNA354503,SRS1815407,Ancient Metagenome - Host-associated,Homo sapiens,oral,,,,
Philips2017,2017,10.1093/gigascience/gix044,Kowalewko,52.699,17.605,Poland,,,,PCA0041,1900,10.1186/s12864-020-06810-9,,tooth,,SRA,PRJNA354503,SRS1815307,Ancient Metagenome - Host-associated,Homo sapiens,oral,,,,
Philips2017,2017,10.1093/gigascience/gix044,Kowalewko,52.699,17.605,Poland,,,,PCA0042,1900,10.1186/s12864-020-06810-9,,tooth,,SRA,PRJNA354503,SRS1815435,Ancient Metagenome - Host-associated,Homo sapiens,oral,,,,
Philips2017,2017,10.1093/gigascience/gix044,Kowalewko,52.699,17.605,Poland,,,,PCA0043,1800,10.1186/s12864-020-06810-9,,tooth,,SRA,PRJNA354503,SRS1815356,Ancient Metagenome - Host-associated,Homo sapiens,oral,,,,
Philips2017,2017,10.1093/gigascience/gix044,Kowalewko,52.699,17.605,Poland,,,,PCA0044,1800,10.1186/s12864-020-06810-9,,tooth,,SRA,PRJNA354503,SRS1815345,Ancient Metagenome - Host-associated,Homo sapiens,oral,,,,
Philips2017,2017,10.1093/gigascience/gix044,Kowalewko,52.699,17.605,Poland,,,,PCA0045,1900,10.1186/s12864-020-06810-9,,tooth,,SRA,PRJNA354503,SRS1815426,Ancient Metagenome - Host-associated,Homo sapiens,oral,,,,
Philips2017,2017,10.1093/gigascience/gix044,Kowalewko,52.699,17.605,Poland,,,,PCA0046,1900,10.1186/s12864-020-06810-9,,tooth,,SRA,PRJNA354503,SRS1815358,Ancient Metagenome - Host-associated,Homo sapiens,oral,,,,
Philips2017,2017,10.1093/gigascience/gix044,Kowalewko,52.699,17.605,Poland,,,,PCA0047,1900,10.1186/s12864-020-06810-9,,tooth,,SRA,PRJNA354503,SRS1815276,Ancient Metagenome - Host-associated,Homo sapiens,oral,,,,
Philips2017,2017,10.1093/gigascience/gix044,Kowalewko,52.699,17.605,Poland,,,,PCA0048,1800,10.1186/s12864-020-06810-9,,tooth,,SRA,PRJNA354503,SRS1815331,Ancient Metagenome - Host-associated,Homo sapiens,oral,,,,
Philips2017,2017,10.1093/gigascience/gix044,Kowalewko,52.699,17.605,Poland,,,,PCA0049,1900,10.1186/s12864-020-06810-9,,tooth,,SRA,PRJNA354503,SRS1815337,Ancient Metagenome - Host-associated,Homo sapiens,oral,,,,
Philips2017,2017,10.1093/gigascience/gix044,Kowalewko,52.699,17.605,Poland,,,,PCA0050,1900,10.1186/s12864-020-06810-9,,tooth,,SRA,PRJNA354503,SRS1815319,Ancient Metagenome - Host-associated,Homo sapiens,oral,,,,
Philips2017,2017,10.1093/gigascience/gix044,Kowalewko,52.699,17.605,Poland,,,,PCA0051,1900,10.1186/s12864-020-06810-9,,tooth,,SRA,PRJNA354503,SRS1815422,Ancient Metagenome - Host-associated,Homo sapiens,oral,,,,
Philips2017,2017,10.1093/gigascience/gix044,Kowalewko,52.699,17.605,Poland,,,,PCA0052,1900,10.1186/s12864-020-06810-9,,tooth,,SRA,PRJNA354503,SRS1815296,Ancient Metagenome - Host-associated,Homo sapiens,oral,,,,
Philips2017,2017,10.1093/gigascience/gix044,Kowalewko,52.699,17.605,Poland,,,,PCA0053,1800,10.1186/s12864-020-06810-9,,tooth,,SRA,PRJNA354503,SRS1815410,Ancient Metagenome - Host-associated,Homo sapiens,oral,,,,
Philips2017,2017,10.1093/gigascience/gix044,Kowalewko,52.699,17.605,Poland,,,,PCA0054,1900,10.1186/s12864-020-06810-9,,tooth,,SRA,PRJNA354503,SRS1815350,Ancient Metagenome - Host-associated,Homo sapiens,oral,,,,
Philips2017,2017,10.1093/gigascience/gix044,Kowalewko,52.699,17.605,Poland,,,,PCA0055,1900,10.1186/s12864-020-06810-9,,tooth,,SRA,PRJNA354503,SRS1815365,Ancient Metagenome - Host-associated,Homo sapiens,oral,,,,
Philips2017,2017,10.1093/gigascience/gix044,Kowalewko,52.699,17.605,Poland,,,,PCA0056,1800,10.1186/s12864-020-06810-9,,tooth,,SRA,PRJNA354503,SRS1815325,Ancient Metagenome - Host-associated,Homo sapiens,oral,,,,
Philips2017,2017,10.1093/gigascience/gix044,Kowalewko,52.699,17.605,Poland,,,,PCA0057,1900,10.1186/s12864-020-06810-9,,tooth,,SRA,PRJNA354503,SRS1815283,Ancient Metagenome - Host-associated,Homo sapiens,oral,,,,
Philips2017,2017,10.1093/gigascience/gix044,Kowalewko,52.699,17.605,Poland,,,,PCA0058,1800,10.1186/s12864-020-06810-9,,tooth,,SRA,PRJNA354503,SRS1815427,Ancient Metagenome - Host-associated,Homo sapiens,oral,,,,
Philips2017,2017,10.1093/gigascience/gix044,Kowalewko,52.699,17.605,Poland,,,,PCA0059,1900,10.1186/s12864-020-06810-9,,tooth,,SRA,PRJNA354503,SRS1815304,Ancient Metagenome - Host-associated,Homo sapiens,oral,,,,
Philips2017,2017,10.1093/gigascience/gix044,Kowalewko,52.699,17.605,Poland,,,,PCA0060,1800,10.1186/s12864-020-06810-9,,tooth,,SRA,PRJNA354503,SRS1815340,Ancient Metagenome - Host-associated,Homo sapiens,oral,,,,
Philips2017,2017,10.1093/gigascience/gix044,Kowalewko,52.699,17.605,Poland,,,,PCA0061,1800,10.1186/s12864-020-06810-9,,tooth,,SRA,PRJNA354503,SRS1815326,Ancient Metagenome - Host-associated,Homo sapiens,oral,,,,
Philips2017,2017,10.1093/gigascience/gix044,Kowalewko,52.699,17.605,Poland,,,,PCA0062,1800,10.1186/s12864-020-06810-9,,tooth,,SRA,PRJNA354503,SRS1815414,Ancient Metagenome - Host-associated,Homo sapiens,oral,,,,
Philips2017,2017,10.1093/gigascience/gix044,Kowalewko,52.699,17.605,Poland,,,,PCA0063,1900,10.1186/s12864-020-06810-9,,tooth,,SRA,PRJNA354503,SRS1815312,Ancient Metagenome - Host-associated,Homo sapiens,oral,,,,
Philips2017,2017,10.1093/gigascience/gix044,Kowalewko,52.699,17.605,Poland,,,,PCA0064,1800,10.1186/s12864-020-06810-9,,tooth,,SRA,PRJNA354503,SRS1815371,Ancient Metagenome - Host-associated,Homo sapiens,oral,,,,
Philips2017,2017,10.1093/gigascience/gix044,Kowalewko,52.699,17.605,Poland,,,,PCA0065,1800,10.1186/s12864-020-06810-9,,tooth,,SRA,PRJNA354503,SRS1815394,Ancient Metagenome - Host-associated,Homo sapiens,oral,,,,
Philips2017,2017,10.1093/gigascience/gix044,Kowalewko,52.699,17.605,Poland,,,,PCA0066,1900,10.1186/s12864-020-06810-9,,tooth,,SRA,PRJNA354503,SRS1815321,Ancient Metagenome - Host-associated,Homo sapiens,oral,,,,
Philips2017,2017,10.1093/gigascience/gix044,Kowalewko,52.699,17.605,Poland,,,,PCA0013,1800,10.1186/s12864-020-06810-9,,tooth,,SRA,PRJNA354503,SRS1815313,Ancient Metagenome - Host-associated,Homo sapiens,oral,,,,
Philips2017,2017,10.1093/gigascience/gix044,Kowalewko,52.699,17.605,Poland,,,,PCA0014,1800,10.1186/s12864-020-06810-9,,tooth,,SRA,PRJNA354503,SRS1815314,Ancient Metagenome - Host-associated,Homo sapiens,oral,,,,
Philips2017,2017,10.1093/gigascience/gix044,Łęgowo,54.226,18.642,Poland,,,,PCA0165,900,10.1186/s12864-020-06810-9,,tooth,,SRA,PRJNA354503,SRS1815298,Ancient Metagenome - Host-associated,Homo sapiens,oral,,,,
Philips2017,2017,10.1093/gigascience/gix044,Łęgowo,54.226,18.642,Poland,,,,PCA0166,900,10.1186/s12864-020-06810-9,,tooth,,SRA,PRJNA354503,SRS1815344,Ancient Metagenome - Host-associated,Homo sapiens,oral,,,,
Philips2017,2017,10.1093/gigascience/gix044,Łęgowo,54.226,18.642,Poland,,,,PCA0167,900,10.1186/s12864-020-06810-9,,tooth,,SRA,PRJNA354503,SRS1815421,Ancient Metagenome - Host-associated,Homo sapiens,oral,,,,
Philips2017,2017,10.1093/gigascience/gix044,Łęgowo,54.226,18.642,Poland,,,,PCA0168,1000,10.1186/s12864-020-06810-9,,tooth,,SRA,PRJNA354503,SRS1815273,Ancient Metagenome - Host-associated,Homo sapiens,oral,,,,
Philips2017,2017,10.1093/gigascience/gix044,Łęgowo,54.226,18.642,Poland,,,,PCA0169,900,10.1186/s12864-020-06810-9,,tooth,,SRA,PRJNA354503,SRS1815402,Ancient Metagenome - Host-associated,Homo sapiens,oral,,,,
Philips2017,2017,10.1093/gigascience/gix044,Łęgowo,54.226,18.642,Poland,,,,PCA0170,900,10.1186/s12864-020-06810-9,,tooth,,SRA,PRJNA354503,SRS1815411,Ancient Metagenome - Host-associated,Homo sapiens,oral,,,,
Philips2017,2017,10.1093/gigascience/gix044,Łęgowo,54.226,18.642,Poland,,,,PCA0171,900,10.1186/s12864-020-06810-9,,tooth,,SRA,PRJNA354503,SRS1815432,Ancient Metagenome - Host-associated,Homo sapiens,oral,,,,
Philips2017,2017,10.1093/gigascience/gix044,Łęgowo,54.226,18.642,Poland,,,,PCA0172,900,10.1186/s12864-020-06810-9,,tooth,,SRA,PRJNA354503,SRS1815346,Ancient Metagenome - Host-associated,Homo sapiens,oral,,,,
Philips2017,2017,10.1093/gigascience/gix044,Łęgowo,54.226,18.642,Poland,,,,PCA0173,900,10.1186/s12864-020-06810-9,,tooth,,SRA,PRJNA354503,SRS1815279,Ancient Metagenome - Host-associated,Homo sapiens,oral,,,,
Philips2017,2017,10.1093/gigascience/gix044,Markowice,52.313,17.215,Poland,,,,PCA0152,900,10.1186/s12864-020-06810-9,,tooth,,SRA,PRJNA354503,SRS1815348,Ancient Metagenome - Host-associated,Homo sapiens,oral,,,,
Philips2017,2017,10.1093/gigascience/gix044,Markowice,52.313,17.215,Poland,,,,PCA0153,900,10.1186/s12864-020-06810-9,,tooth,,SRA,PRJNA354503,SRS1815392,Ancient Metagenome - Host-associated,Homo sapiens,oral,,,,
Philips2017,2017,10.1093/gigascience/gix044,Markowice,52.313,17.215,Poland,,,,PCA0154,900,10.1186/s12864-020-06810-9,,tooth,,SRA,PRJNA354503,SRS1815400,Ancient Metagenome - Host-associated,Homo sapiens,oral,,,,
Philips2017,2017,10.1093/gigascience/gix044,Markowice,52.313,17.215,Poland,,,,PCA0155,1000,10.1186/s12864-020-06810-9,,tooth,,SRA,PRJNA354503,SRS1815294,Ancient Metagenome - Host-associated,Homo sapiens,oral,,,,
Philips2017,2017,10.1093/gigascience/gix044,Markowice,52.313,17.215,Poland,,,,PCA0156,1000,10.1186/s12864-020-06810-9,,tooth,,SRA,PRJNA354503,SRS1815424,Ancient Metagenome - Host-associated,Homo sapiens,oral,,,,
Philips2017,2017,10.1093/gigascience/gix044,Markowice,52.313,17.215,Poland,,,,PCA0157,900,10.1186/s12864-020-06810-9,,tooth,,SRA,PRJNA354503,SRS1815383,Ancient Metagenome - Host-associated,Homo sapiens,oral,,,,
Philips2017,2017,10.1093/gigascience/gix044,Markowice,52.313,17.215,Poland,,,,PCA0158,900,10.1186/s12864-020-06810-9,,tooth,,SRA,PRJNA354503,SRS1815413,Ancient Metagenome - Host-associated,Homo sapiens,oral,,,,
Philips2017,2017,10.1093/gigascience/gix044,Markowice,52.313,17.215,Poland,,,,PCA0159,1000,10.1186/s12864-020-06810-9,,tooth,,SRA,PRJNA354503,SRS1815303,Ancient Metagenome - Host-associated,Homo sapiens,oral,,,,
Philips2017,2017,10.1093/gigascience/gix044,Masłomęcz,50.722,23.892,Poland,,,,PCA0088,1700,10.1186/s12864-020-06810-9,,tooth,,SRA,PRJNA354503,SRS1815293,Ancient Metagenome - Host-associated,Homo sapiens,oral,,,,
Philips2017,2017,10.1093/gigascience/gix044,Masłomęcz,50.722,23.892,Poland,,,,PCA0097,1700,10.1186/s12864-020-06810-9,,tooth,,SRA,PRJNA354503,SRS1815285,Ancient Metagenome - Host-associated,Homo sapiens,oral,,,,
Philips2017,2017,10.1093/gigascience/gix044,Masłomęcz,50.722,23.892,Poland,,,,PCA0098,1700,10.1186/s12864-020-06810-9,,tooth,,SRA,PRJNA354503,SRS1815391,Ancient Metagenome - Host-associated,Homo sapiens,oral,,,,
Philips2017,2017,10.1093/gigascience/gix044,Masłomęcz,50.722,23.892,Poland,,,,PCA0099,1700,10.1186/s12864-020-06810-9,,tooth,,SRA,PRJNA354503,SRS1815409,Ancient Metagenome - Host-associated,Homo sapiens,oral,,,,
Philips2017,2017,10.1093/gigascience/gix044,Masłomęcz,50.722,23.892,Poland,,,,PCA0100,1700,10.1186/s12864-020-06810-9,,tooth,,SRA,PRJNA354503,SRS1815354,Ancient Metagenome - Host-associated,Homo sapiens,oral,,,,
Philips2017,2017,10.1093/gigascience/gix044,Masłomęcz,50.722,23.892,Poland,,,,PCA0101,1700,10.1186/s12864-020-06810-9,,tooth,,SRA,PRJNA354503,SRS1815374,Ancient Metagenome - Host-associated,Homo sapiens,oral,,,,
Philips2017,2017,10.1093/gigascience/gix044,Masłomęcz,50.722,23.892,Poland,,,,PCA0102,1700,10.1186/s12864-020-06810-9,,tooth,,SRA,PRJNA354503,SRS1815320,Ancient Metagenome - Host-associated,Homo sapiens,oral,,,,
Philips2017,2017,10.1093/gigascience/gix044,Masłomęcz,50.722,23.892,Poland,,,,PCA0103,1700,10.1186/s12864-020-06810-9,,tooth,,SRA,PRJNA354503,SRS1815428,Ancient Metagenome - Host-associated,Homo sapiens,oral,,,,
Philips2017,2017,10.1093/gigascience/gix044,Masłomęcz,50.722,23.892,Poland,,,,PCA0104,1700,10.1186/s12864-020-06810-9,,tooth,,SRA,PRJNA354503,SRS1815367,Ancient Metagenome - Host-associated,Homo sapiens,oral,,,,
Philips2017,2017,10.1093/gigascience/gix044,Masłomęcz,50.722,23.892,Poland,,,,PCA0105,1700,10.1186/s12864-020-06810-9,,tooth,,SRA,PRJNA354503,SRS1815277,Ancient Metagenome - Host-associated,Homo sapiens,oral,,,,
Philips2017,2017,10.1093/gigascience/gix044,Masłomęcz,50.722,23.892,Poland,,,,PCA0106,1700,10.1186/s12864-020-06810-9,,tooth,,SRA,PRJNA354503,SRS1815323,Ancient Metagenome - Host-associated,Homo sapiens,oral,,,,
Philips2017,2017,10.1093/gigascience/gix044,Masłomęcz,50.722,23.892,Poland,,,,PCA0089,1700,10.1186/s12864-020-06810-9,,tooth,,SRA,PRJNA354503,SRS1815310,Ancient Metagenome - Host-associated,Homo sapiens,oral,,,,
Philips2017,2017,10.1093/gigascience/gix044,Masłomęcz,50.722,23.892,Poland,,,,PCA0107,1700,10.1186/s12864-020-06810-9,,tooth,,SRA,PRJNA354503,SRS1815430,Ancient Metagenome - Host-associated,Homo sapiens,oral,,,,
Philips2017,2017,10.1093/gigascience/gix044,Masłomęcz,50.722,23.892,Poland,,,,PCA0108,1700,10.1186/s12864-020-06810-9,,tooth,,SRA,PRJNA354503,SRS1815305,Ancient Metagenome - Host-associated,Homo sapiens,oral,,,,
Philips2017,2017,10.1093/gigascience/gix044,Masłomęcz,50.722,23.892,Poland,,,,PCA0109,1700,10.1186/s12864-020-06810-9,,tooth,,SRA,PRJNA354503,SRS1815360,Ancient Metagenome - Host-associated,Homo sapiens,oral,,,,
Philips2017,2017,10.1093/gigascience/gix044,Masłomęcz,50.722,23.892,Poland,,,,PCA0110,1700,10.1186/s12864-020-06810-9,,tooth,,SRA,PRJNA354503,SRS1815339,Ancient Metagenome - Host-associated,Homo sapiens,oral,,,,
Philips2017,2017,10.1093/gigascience/gix044,Masłomęcz,50.722,23.892,Poland,,,,PCA0111,1700,10.1186/s12864-020-06810-9,,tooth,,SRA,PRJNA354503,SRS1815382,Ancient Metagenome - Host-associated,Homo sapiens,oral,,,,
Philips2017,2017,10.1093/gigascience/gix044,Masłomęcz,50.722,23.892,Poland,,,,PCA0112,1700,10.1186/s12864-020-06810-9,,tooth,,SRA,PRJNA354503,SRS1815333,Ancient Metagenome - Host-associated,Homo sapiens,oral,,,,
Philips2017,2017,10.1093/gigascience/gix044,Masłomęcz,50.722,23.892,Poland,,,,PCA0113,1700,10.1186/s12864-020-06810-9,,tooth,,SRA,PRJNA354503,SRS1815412,Ancient Metagenome - Host-associated,Homo sapiens,oral,,,,
Philips2017,2017,10.1093/gigascience/gix044,Masłomęcz,50.722,23.892,Poland,,,,PCA0114,1700,10.1186/s12864-020-06810-9,,tooth,,SRA,PRJNA354503,SRS1815368,Ancient Metagenome - Host-associated,Homo sapiens,oral,,,,
Philips2017,2017,10.1093/gigascience/gix044,Masłomęcz,50.722,23.892,Poland,,,,PCA0090,1700,10.1186/s12864-020-06810-9,,tooth,,SRA,PRJNA354503,SRS1815375,Ancient Metagenome - Host-associated,Homo sapiens,oral,,,,
Philips2017,2017,10.1093/gigascience/gix044,Masłomęcz,50.722,23.892,Poland,,,,PCA0091,1700,10.1186/s12864-020-06810-9,,tooth,,SRA,PRJNA354503,SRS1815420,Ancient Metagenome - Host-associated,Homo sapiens,oral,,,,
Philips2017,2017,10.1093/gigascience/gix044,Masłomęcz,50.722,23.892,Poland,,,,PCA0092,1700,10.1186/s12864-020-06810-9,,tooth,,SRA,PRJNA354503,SRS1815352,Ancient Metagenome - Host-associated,Homo sapiens,oral,,,,
Philips2017,2017,10.1093/gigascience/gix044,Masłomęcz,50.722,23.892,Poland,,,,PCA0093,1700,10.1186/s12864-020-06810-9,,tooth,,SRA,PRJNA354503,SRS1815329,Ancient Metagenome - Host-associated,Homo sapiens,oral,,,,
Philips2017,2017,10.1093/gigascience/gix044,Masłomęcz,50.722,23.892,Poland,,,,PCA0094,1700,10.1186/s12864-020-06810-9,,tooth,,SRA,PRJNA354503,SRS1815355,Ancient Metagenome - Host-associated,Homo sapiens,oral,,,,
Philips2017,2017,10.1093/gigascience/gix044,Masłomęcz,50.722,23.892,Poland,,,,PCA0095,1700,10.1186/s12864-020-06810-9,,tooth,,SRA,PRJNA354503,SRS1815271,Ancient Metagenome - Host-associated,Homo sapiens,oral,,,,
Philips2017,2017,10.1093/gigascience/gix044,Masłomęcz,50.722,23.892,Poland,,,,PCA0096,1700,10.1186/s12864-020-06810-9,,tooth,,SRA,PRJNA354503,SRS1815318,Ancient Metagenome - Host-associated,Homo sapiens,oral,,,,
Philips2017,2017,10.1093/gigascience/gix044,Niemcza,50.719,16.835,Poland,,,,PCA0115,1000,10.1186/s12864-020-06810-9,,tooth,,SRA,PRJNA354503,SRS1815416,Ancient Metagenome - Host-associated,Homo sapiens,oral,,,,
Philips2017,2017,10.1093/gigascience/gix044,Niemcza,50.719,16.835,Poland,,,,PCA0124,1000,10.1186/s12864-020-06810-9,,tooth,,SRA,PRJNA354503,SRS1815415,Ancient Metagenome - Host-associated,Homo sapiens,oral,,,,
Philips2017,2017,10.1093/gigascience/gix044,Niemcza,50.719,16.835,Poland,,,,PCA0125,1000,10.1186/s12864-020-06810-9,,tooth,,SRA,PRJNA354503,SRS1815351,Ancient Metagenome - Host-associated,Homo sapiens,oral,,,,
Philips2017,2017,10.1093/gigascience/gix044,Niemcza,50.719,16.835,Poland,,,,PCA0126,1000,10.1186/s12864-020-06810-9,,tooth,,SRA,PRJNA354503,SRS1815322,Ancient Metagenome - Host-associated,Homo sapiens,oral,,,,
Philips2017,2017,10.1093/gigascience/gix044,Niemcza,50.719,16.835,Poland,,,,PCA0127,1000,10.1186/s12864-020-06810-9,,tooth,,SRA,PRJNA354503,SRS1815353,Ancient Metagenome - Host-associated,Homo sapiens,oral,,,,
Philips2017,2017,10.1093/gigascience/gix044,Niemcza,50.719,16.835,Poland,,,,PCA0128,1000,10.1186/s12864-020-06810-9,,tooth,,SRA,PRJNA354503,SRS1815297,Ancient Metagenome - Host-associated,Homo sapiens,oral,,,,
Philips2017,2017,10.1093/gigascience/gix044,Niemcza,50.719,16.835,Poland,,,,PCA0129,1000,10.1186/s12864-020-06810-9,,tooth,,SRA,PRJNA354503,SRS1815284,Ancient Metagenome - Host-associated,Homo sapiens,oral,,,,
Philips2017,2017,10.1093/gigascience/gix044,Niemcza,50.719,16.835,Poland,,,,PCA0130,1000,10.1186/s12864-020-06810-9,,tooth,,SRA,PRJNA354503,SRS1815324,Ancient Metagenome - Host-associated,Homo sapiens,oral,,,,
Philips2017,2017,10.1093/gigascience/gix044,Niemcza,50.719,16.835,Poland,,,,PCA0131,1000,10.1186/s12864-020-06810-9,,tooth,,SRA,PRJNA354503,SRS1815378,Ancient Metagenome - Host-associated,Homo sapiens,oral,,,,
Philips2017,2017,10.1093/gigascience/gix044,Niemcza,50.719,16.835,Poland,,,,PCA0132,1000,10.1186/s12864-020-06810-9,,tooth,,SRA,PRJNA354503,SRS1815387,Ancient Metagenome - Host-associated,Homo sapiens,oral,,,,
Philips2017,2017,10.1093/gigascience/gix044,Niemcza,50.719,16.835,Poland,,,,PCA0133,1000,10.1186/s12864-020-06810-9,,tooth,,SRA,PRJNA354503,SRS1815347,Ancient Metagenome - Host-associated,Homo sapiens,oral,,,,
Philips2017,2017,10.1093/gigascience/gix044,Niemcza,50.719,16.835,Poland,,,,PCA0116,1000,10.1186/s12864-020-06810-9,,tooth,,SRA,PRJNA354503,SRS1815398,Ancient Metagenome - Host-associated,Homo sapiens,oral,,,,
Philips2017,2017,10.1093/gigascience/gix044,Niemcza,50.719,16.835,Poland,,,,PCA0134,1000,10.1186/s12864-020-06810-9,,tooth,,SRA,PRJNA354503,SRS1815364,Ancient Metagenome - Host-associated,Homo sapiens,oral,,,,
Philips2017,2017,10.1093/gigascience/gix044,Niemcza,50.719,16.835,Poland,,,,PCA0135,1000,10.1186/s12864-020-06810-9,,tooth,,SRA,PRJNA354503,SRS1815404,Ancient Metagenome - Host-associated,Homo sapiens,oral,,,,
Philips2017,2017,10.1093/gigascience/gix044,Niemcza,50.719,16.835,Poland,,,,PCA0136,1000,10.1186/s12864-020-06810-9,,tooth,,SRA,PRJNA354503,SRS1815338,Ancient Metagenome - Host-associated,Homo sapiens,oral,,,,
Philips2017,2017,10.1093/gigascience/gix044,Niemcza,50.719,16.835,Poland,,,,PCA0137,1000,10.1186/s12864-020-06810-9,,tooth,,SRA,PRJNA354503,SRS1815291,Ancient Metagenome - Host-associated,Homo sapiens,oral,,,,
Philips2017,2017,10.1093/gigascience/gix044,Niemcza,50.719,16.835,Poland,,,,PCA0138,1000,10.1186/s12864-020-06810-9,,tooth,,SRA,PRJNA354503,SRS1815372,Ancient Metagenome - Host-associated,Homo sapiens,oral,,,,
Philips2017,2017,10.1093/gigascience/gix044,Niemcza,50.719,16.835,Poland,,,,PCA0139,1000,10.1186/s12864-020-06810-9,,tooth,,SRA,PRJNA354503,SRS1815393,Ancient Metagenome - Host-associated,Homo sapiens,oral,,,,
Philips2017,2017,10.1093/gigascience/gix044,Niemcza,50.719,16.835,Poland,,,,PCA0140,1000,10.1186/s12864-020-06810-9,,tooth,,SRA,PRJNA354503,SRS1815280,Ancient Metagenome - Host-associated,Homo sapiens,oral,,,,
Philips2017,2017,10.1093/gigascience/gix044,Niemcza,50.719,16.835,Poland,,,,PCA0141,1000,10.1186/s12864-020-06810-9,,tooth,,SRA,PRJNA354503,SRS1815376,Ancient Metagenome - Host-associated,Homo sapiens,oral,,,,
Philips2017,2017,10.1093/gigascience/gix044,Niemcza,50.719,16.835,Poland,,,,PCA0142,1000,10.1186/s12864-020-06810-9,,tooth,,SRA,PRJNA354503,SRS1815359,Ancient Metagenome - Host-associated,Homo sapiens,oral,,,,
Philips2017,2017,10.1093/gigascience/gix044,Niemcza,50.719,16.835,Poland,,,,PCA0143,1000,10.1186/s12864-020-06810-9,,tooth,,SRA,PRJNA354503,SRS1815419,Ancient Metagenome - Host-associated,Homo sapiens,oral,,,,
Philips2017,2017,10.1093/gigascience/gix044,Niemcza,50.719,16.835,Poland,,,,PCA0117,1000,10.1186/s12864-020-06810-9,,tooth,,SRA,PRJNA354503,SRS1815418,Ancient Metagenome - Host-associated,Homo sapiens,oral,,,,
Philips2017,2017,10.1093/gigascience/gix044,Niemcza,50.719,16.835,Poland,,,,PCA0144,1000,10.1186/s12864-020-06810-9,,tooth,,SRA,PRJNA354503,SRS1815379,Ancient Metagenome - Host-associated,Homo sapiens,oral,,,,
Philips2017,2017,10.1093/gigascience/gix044,Niemcza,50.719,16.835,Poland,,,,PCA0145,1000,10.1186/s12864-020-06810-9,,tooth,,SRA,PRJNA354503,SRS1815335,Ancient Metagenome - Host-associated,Homo sapiens,oral,,,,
Philips2017,2017,10.1093/gigascience/gix044,Niemcza,50.719,16.835,Poland,,,,PCA0146,1000,10.1186/s12864-020-06810-9,,tooth,,SRA,PRJNA354503,SRS1815292,Ancient Metagenome - Host-associated,Homo sapiens,oral,,,,
Philips2017,2017,10.1093/gigascience/gix044,Niemcza,50.719,16.835,Poland,,,,PCA0147,1000,10.1186/s12864-020-06810-9,,tooth,,SRA,PRJNA354503,SRS1815309,Ancient Metagenome - Host-associated,Homo sapiens,oral,,,,
Philips2017,2017,10.1093/gigascience/gix044,Niemcza,50.719,16.835,Poland,,,,PCA0148,1000,10.1186/s12864-020-06810-9,,tooth,,SRA,PRJNA354503,SRS1815272,Ancient Metagenome - Host-associated,Homo sapiens,oral,,,,
Philips2017,2017,10.1093/gigascience/gix044,Niemcza,50.719,16.835,Poland,,,,PCA0149,1000,10.1186/s12864-020-06810-9,,tooth,,SRA,PRJNA354503,SRS1815380,Ancient Metagenome - Host-associated,Homo sapiens,oral,,,,
Philips2017,2017,10.1093/gigascience/gix044,Niemcza,50.719,16.835,Poland,,,,PCA0150,1000,10.1186/s12864-020-06810-9,,tooth,,SRA,PRJNA354503,SRS1815275,Ancient Metagenome - Host-associated,Homo sapiens,oral,,,,
Philips2017,2017,10.1093/gigascience/gix044,Niemcza,50.719,16.835,Poland,,,,PCA0151,1000,10.1186/s12864-020-06810-9,,tooth,,SRA,PRJNA354503,SRS1815286,Ancient Metagenome - Host-associated,Homo sapiens,oral,,,,
Philips2017,2017,10.1093/gigascience/gix044,Niemcza,50.719,16.835,Poland,,,,PCA0118,1000,10.1186/s12864-020-06810-9,,tooth,,SRA,PRJNA354503,SRS1815343,Ancient Metagenome - Host-associated,Homo sapiens,oral,,,,
Philips2017,2017,10.1093/gigascience/gix044,Niemcza,50.719,16.835,Poland,,,,PCA0119,1000,10.1186/s12864-020-06810-9,,tooth,,SRA,PRJNA354503,SRS1815385,Ancient Metagenome - Host-associated,Homo sapiens,oral,,,,
Philips2017,2017,10.1093/gigascience/gix044,Niemcza,50.719,16.835,Poland,,,,PCA0120,1000,10.1186/s12864-020-06810-9,,tooth,,SRA,PRJNA354503,SRS1815434,Ancient Metagenome - Host-associated,Homo sapiens,oral,,,,
Philips2017,2017,10.1093/gigascience/gix044,Niemcza,50.719,16.835,Poland,,,,PCA0121,1000,10.1186/s12864-020-06810-9,,tooth,,SRA,PRJNA354503,SRS1815357,Ancient Metagenome - Host-associated,Homo sapiens,oral,,,,
Philips2017,2017,10.1093/gigascience/gix044,Niemcza,50.719,16.835,Poland,,,,PCA0122,1000,10.1186/s12864-020-06810-9,,tooth,,SRA,PRJNA354503,SRS1815384,Ancient Metagenome - Host-associated,Homo sapiens,oral,,,,
Philips2017,2017,10.1093/gigascience/gix044,Niemcza,50.719,16.835,Poland,,,,PCA0123,1000,10.1186/s12864-020-06810-9,,tooth,,SRA,PRJNA354503,SRS1815405,Ancient Metagenome - Host-associated,Homo sapiens,oral,,,,
Philips2017,2017,10.1093/gigascience/gix044,Sowinki,52.211,16.893,Poland,,,,PCA0067,900,10.1186/s12864-020-06810-9,,tooth,,SRA,PRJNA354503,SRS1815288,Ancient Metagenome - Host-associated,Homo sapiens,oral,,,,
Philips2017,2017,10.1093/gigascience/gix044,Sowinki,52.211,16.893,Poland,,,,PCA0076,900,10.1186/s12864-020-06810-9,,tooth,,SRA,PRJNA354503,SRS1815361,Ancient Metagenome - Host-associated,Homo sapiens,oral,,,,
Philips2017,2017,10.1093/gigascience/gix044,Sowinki,52.211,16.893,Poland,,,,PCA0077,900,10.1186/s12864-020-06810-9,,tooth,,SRA,PRJNA354503,SRS1815370,Ancient Metagenome - Host-associated,Homo sapiens,oral,,,,
Philips2017,2017,10.1093/gigascience/gix044,Sowinki,52.211,16.893,Poland,,,,PCA0078,900,10.1186/s12864-020-06810-9,,tooth,,SRA,PRJNA354503,SRS1815406,Ancient Metagenome - Host-associated,Homo sapiens,oral,,,,
Philips2017,2017,10.1093/gigascience/gix044,Sowinki,52.211,16.893,Poland,,,,PCA0079,900,10.1186/s12864-020-06810-9,,tooth,,SRA,PRJNA354503,SRS1815281,Ancient Metagenome - Host-associated,Homo sapiens,oral,,,,
Philips2017,2017,10.1093/gigascience/gix044,Sowinki,52.211,16.893,Poland,,,,PCA0080,900,10.1186/s12864-020-06810-9,,tooth,,SRA,PRJNA354503,SRS1815423,Ancient Metagenome - Host-associated,Homo sapiens,oral,,,,
Philips2017,2017,10.1093/gigascience/gix044,Sowinki,52.211,16.893,Poland,,,,PCA0081,900,10.1186/s12864-020-06810-9,,tooth,,SRA,PRJNA354503,SRS1815341,Ancient Metagenome - Host-associated,Homo sapiens,oral,,,,
Philips2017,2017,10.1093/gigascience/gix044,Sowinki,52.211,16.893,Poland,,,,PCA0082,900,10.1186/s12864-020-06810-9,,tooth,,SRA,PRJNA354503,SRS1815362,Ancient Metagenome - Host-associated,Homo sapiens,oral,,,,
Philips2017,2017,10.1093/gigascience/gix044,Sowinki,52.211,16.893,Poland,,,,PCA0083,900,10.1186/s12864-020-06810-9,,tooth,,SRA,PRJNA354503,SRS1815302,Ancient Metagenome - Host-associated,Homo sapiens,oral,,,,
Philips2017,2017,10.1093/gigascience/gix044,Sowinki,52.211,16.893,Poland,,,,PCA0084,900,10.1186/s12864-020-06810-9,,tooth,,SRA,PRJNA354503,SRS1815327,Ancient Metagenome - Host-associated,Homo sapiens,oral,,,,
Philips2017,2017,10.1093/gigascience/gix044,Sowinki,52.211,16.893,Poland,,,,PCA0085,900,10.1186/s12864-020-06810-9,,tooth,,SRA,PRJNA354503,SRS1815381,Ancient Metagenome - Host-associated,Homo sapiens,oral,,,,
Philips2017,2017,10.1093/gigascience/gix044,Sowinki,52.211,16.893,Poland,,,,PCA0068,900,10.1186/s12864-020-06810-9,,tooth,,SRA,PRJNA354503,SRS1815330,Ancient Metagenome - Host-associated,Homo sapiens,oral,,,,
Philips2017,2017,10.1093/gigascience/gix044,Sowinki,52.211,16.893,Poland,,,,PCA0086,900,10.1186/s12864-020-06810-9,,tooth,,SRA,PRJNA354503,SRS1815315,Ancient Metagenome - Host-associated,Homo sapiens,oral,,,,
Philips2017,2017,10.1093/gigascience/gix044,Sowinki,52.211,16.893,Poland,,,,PCA0087,900,10.1186/s12864-020-06810-9,,tooth,,SRA,PRJNA354503,SRS1815403,Ancient Metagenome - Host-associated,Homo sapiens,oral,,,,
Philips2017,2017,10.1093/gigascience/gix044,Sowinki,52.211,16.893,Poland,,,,PCA0069,900,10.1186/s12864-020-06810-9,,tooth,,SRA,PRJNA354503,SRS1815389,Ancient Metagenome - Host-associated,Homo sapiens,oral,,,,
Philips2017,2017,10.1093/gigascience/gix044,Sowinki,52.211,16.893,Poland,,,,PCA0070,900,10.1186/s12864-020-06810-9,,tooth,,SRA,PRJNA354503,SRS1815366,Ancient Metagenome - Host-associated,Homo sapiens,oral,,,,
Philips2017,2017,10.1093/gigascience/gix044,Sowinki,52.211,16.893,Poland,,,,PCA0071,900,10.1186/s12864-020-06810-9,,tooth,,SRA,PRJNA354503,SRS1815433,Ancient Metagenome - Host-associated,Homo sapiens,oral,,,,
Philips2017,2017,10.1093/gigascience/gix044,Sowinki,52.211,16.893,Poland,,,,PCA0072,900,10.1186/s12864-020-06810-9,,tooth,,SRA,PRJNA354503,SRS1815336,Ancient Metagenome - Host-associated,Homo sapiens,oral,,,,
Philips2017,2017,10.1093/gigascience/gix044,Sowinki,52.211,16.893,Poland,,,,PCA0073,900,10.1186/s12864-020-06810-9,,tooth,,SRA,PRJNA354503,SRS1815334,Ancient Metagenome - Host-associated,Homo sapiens,oral,,,,
Philips2017,2017,10.1093/gigascience/gix044,Sowinki,52.211,16.893,Poland,,,,PCA0074,900,10.1186/s12864-020-06810-9,,tooth,,SRA,PRJNA354503,SRS1815373,Ancient Metagenome - Host-associated,Homo sapiens,oral,,,,
Philips2017,2017,10.1093/gigascience/gix044,Sowinki,52.211,16.893,Poland,,,,PCA0075,900,10.1186/s12864-020-06810-9,,tooth,,SRA,PRJNA354503,SRS1815295,Ancient Metagenome - Host-associated,Homo sapiens,oral,,,,
Kazarina2021,2021,10.3390/genes12020309,"St. Gertrude’s Church, Riga",56.958,24.121,Latvia,,,,ZA_10C,400,10.3390/genes12020309,,dental calculus,,ENA,PRJEB40382,ERS5073264,Ancient Metagenome - Host-associated,Homo sapiens,oral,,,,
Kazarina2021,2021,10.3390/genes12020309,"St. John’s Church, Cesis",57.312,25.272,Latvia,,,,ZA_11C,400,10.3390/genes12020309,,dental calculus,,ENA,PRJEB40382,ERS5073265,Ancient Metagenome - Host-associated,Homo sapiens,oral,,,,
Kazarina2021,2021,10.3390/genes12020309,"St. John’s Church, Cesis",57.312,25.272,Latvia,,,,ZA_12C,400,10.3390/genes12020309,,dental calculus,,ENA,PRJEB40382,ERS5073266,Ancient Metagenome - Host-associated,Homo sapiens,oral,,,,
Kazarina2021,2021,10.3390/genes12020309,"Dom Square, Riga",56.949,24.104,Latvia,,,,ZA_1C,500,10.3390/genes12020309,,dental calculus,,ENA,PRJEB40382,ERS5073256,Ancient Metagenome - Host-associated,Homo sapiens,oral,,,,
Kazarina2021,2021,10.3390/genes12020309,"Church of the Holy Trinity, Roman Catholic Church, Kuldiga",56.968,21.969,Latvia,,,,ZA_20C,400,10.3390/genes12020309,,dental calculus,,ENA,PRJEB40382,ERS5073267,Ancient Metagenome - Host-associated,Homo sapiens,oral,,,,
Kazarina2021,2021,10.3390/genes12020309,"Church of the Holy Trinity, Roman Catholic Church, Kuldiga",56.968,21.969,Latvia,,,,ZA_22C,400,10.3390/genes12020309,,dental calculus,,ENA,PRJEB40382,ERS5073268,Ancient Metagenome - Host-associated,Homo sapiens,oral,,,,
Kazarina2021,2021,10.3390/genes12020309,"St. Trinity's Church, Jelgava",56.652,23.729,Latvia,,,,ZA_29C,400,10.3390/genes12020309,,dental calculus,,ENA,PRJEB40382,ERS5073269,Ancient Metagenome - Host-associated,Homo sapiens,oral,,,,
Kazarina2021,2021,10.3390/genes12020309,"Dom Square, Riga",56.949,24.104,Latvia,,,,ZA_3C,400,10.3390/genes12020309,,dental calculus,,ENA,PRJEB40382,ERS5073257,Ancient Metagenome - Host-associated,Homo sapiens,oral,,,,
Kazarina2021,2021,10.3390/genes12020309,"St. Peter’s Church, Riga",56.947,24.109,Latvia,,,,ZA_4C,400,10.3390/genes12020309,,dental calculus,,ENA,PRJEB40382,ERS5073258,Ancient Metagenome - Host-associated,Homo sapiens,oral,,,,
Kazarina2021,2021,10.3390/genes12020309,"St. Peter’s Church, Riga",56.947,24.109,Latvia,,,,ZA_5C,400,10.3390/genes12020309,,dental calculus,,ENA,PRJEB40382,ERS5073259,Ancient Metagenome - Host-associated,Homo sapiens,oral,,,,
Kazarina2021,2021,10.3390/genes12020309,"St. Peter’s Church, Riga",56.947,24.109,Latvia,,,,ZA_6C,400,10.3390/genes12020309,,dental calculus,,ENA,PRJEB40382,ERS5073260,Ancient Metagenome - Host-associated,Homo sapiens,oral,,,,
Kazarina2021,2021,10.3390/genes12020309,"St. Gertrude’s Church, Riga",56.958,24.121,Latvia,,,,ZA_7C,400,10.3390/genes12020309,,dental calculus,,ENA,PRJEB40382,ERS5073261,Ancient Metagenome - Host-associated,Homo sapiens,oral,,,,
Kazarina2021,2021,10.3390/genes12020309,"St. Gertrude’s Church, Riga",56.958,24.121,Latvia,,,,ZA_8C,400,10.3390/genes12020309,,dental calculus,,ENA,PRJEB40382,ERS5073262,Ancient Metagenome - Host-associated,Homo sapiens,oral,,,,
Kazarina2021,2021,10.3390/genes12020309,"St. Gertrude’s Church, Riga",56.958,24.121,Latvia,,,,ZA_9C,400,10.3390/genes12020309,,dental calculus,,ENA,PRJEB40382,ERS5073263,Ancient Metagenome - Host-associated,Homo sapiens,oral,,,,
Kazarina2021,2021,10.3390/genes12020309,"St. Gertrude’s Church, Riga",56.958,24.121,Latvia,,,,ZA_C22,400,10.3390/genes12020309,,dental calculus,,ENA,PRJEB40382,ERS5073270,Ancient Metagenome - Host-associated,Homo sapiens,oral,,,,
SeguinOrlando2021,2021,10.1016/j.cub.2020.12.015,Mont-Aimé hypogée I,48.858,3.996,France,,,,1H04,4400,10.1016/j.cub.2020.12.015,,tooth,,ENA,PRJEB41240,ERS5359126,Ancient Metagenome - Host-associated,Homo sapiens,oral,,,,
SeguinOrlando2021,2021,10.1016/j.cub.2020.12.015,Mont-Aimé hypogée I,48.858,3.996,France,,,,1H06,4500,10.1016/j.cub.2020.12.015,,tooth,,ENA,PRJEB41240,ERS5359127,Ancient Metagenome - Host-associated,Homo sapiens,oral,,,,
SeguinOrlando2021,2021,10.1016/j.cub.2020.12.015,Mont-Aimé hypogée I,48.858,3.996,France,,,,1H07,4500,10.1016/j.cub.2020.12.015,,tooth,,ENA,PRJEB41240,ERS5359128,Ancient Metagenome - Host-associated,Homo sapiens,oral,,,,
SeguinOrlando2021,2021,10.1016/j.cub.2020.12.015,Mont-Aimé hypogée I,48.858,3.996,France,,,,1H13,4400,10.1016/j.cub.2020.12.015,,tooth,,ENA,PRJEB41240,ERS5359129,Ancient Metagenome - Host-associated,Homo sapiens,oral,,,,
SeguinOrlando2021,2021,10.1016/j.cub.2020.12.015,Mont-Aimé hypogée I,48.858,3.996,France,,,,1H14,4500,10.1016/j.cub.2020.12.015,,tooth,,ENA,PRJEB41240,ERS5359130,Ancient Metagenome - Host-associated,Homo sapiens,oral,,,,
SeguinOrlando2021,2021,10.1016/j.cub.2020.12.015,Mont-Aimé hypogée I,48.858,3.996,France,,,,2H06,4500,10.1016/j.cub.2020.12.015,,tooth,,ENA,PRJEB41240,ERS5359131,Ancient Metagenome - Host-associated,Homo sapiens,oral,,,,
SeguinOrlando2021,2021,10.1016/j.cub.2020.12.015,Mont-Aimé hypogée II,48.858,3.995,France,,,,2H07,4500,10.1016/j.cub.2020.12.015,,tooth,,ENA,PRJEB41240,ERS5359132,Ancient Metagenome - Host-associated,Homo sapiens,oral,,,,
SeguinOrlando2021,2021,10.1016/j.cub.2020.12.015,Mont-Aimé hypogée II,48.858,3.995,France,,,,2H10,4500,10.1016/j.cub.2020.12.015,,tooth,,ENA,PRJEB41240,ERS5359133,Ancient Metagenome - Host-associated,Homo sapiens,oral,,,,
SeguinOrlando2021,2021,10.1016/j.cub.2020.12.015,Mont-Aimé hypogée II,48.858,3.995,France,,,,2H11,4500,10.1016/j.cub.2020.12.015,,tooth,,ENA,PRJEB41240,ERS5359134,Ancient Metagenome - Host-associated,Homo sapiens,oral,,,,
SeguinOrlando2021,2021,10.1016/j.cub.2020.12.015,Mont-Aimé hypogée II,48.858,3.995,France,,,,2H17,4500,10.1016/j.cub.2020.12.015,,tooth,,ENA,PRJEB41240,ERS5359135,Ancient Metagenome - Host-associated,Homo sapiens,oral,,,,
FellowsYates2021,2021,10.1073/pnas.2021655118,Ometepe Island,11.41,-85.53,Nicaragua,,,,OME002.A,200,10.1073/pnas.2021655118,,dental calculus,,ENA,PRJEB34569,ERS3774378,Ancient Metagenome - Host-associated,Alouatta palliata,oral,,,,
FellowsYates2021,2021,10.1073/pnas.2021655118,Ometepe Island,11.41,-85.53,Nicaragua,,,,OME003.A,200,10.1073/pnas.2021655118,,dental calculus,,ENA,PRJEB34569,ERS3774379,Ancient Metagenome - Host-associated,Alouatta palliata,oral,,,,
FellowsYates2021,2021,10.1073/pnas.2021655118,Ometepe Island,11.41,-85.53,Nicaragua,,,,OME005.A,200,10.1073/pnas.2021655118,,dental calculus,,ENA,PRJEB34569,ERS3774380,Ancient Metagenome - Host-associated,Alouatta palliata,oral,,,,
FellowsYates2021,2021,10.1073/pnas.2021655118,Ometepe Island,11.41,-85.53,Nicaragua,,,,OME007.A,200,10.1073/pnas.2021655118,,dental calculus,,ENA,PRJEB34569,ERS3774381,Ancient Metagenome - Host-associated,Alouatta palliata,oral,,,,
FellowsYates2021,2021,10.1073/pnas.2021655118,Ometepe Island,11.41,-85.53,Nicaragua,,,,OME009.A,200,10.1073/pnas.2021655118,,dental calculus,,ENA,PRJEB34569,ERS3774382,Ancient Metagenome - Host-associated,Alouatta palliata,oral,,,,
FellowsYates2021,2021,10.1073/pnas.2021655118,Mount Karisimbi,-1.5,29.45,Democratic Republic of the Congo,,,,MTK001.A,200,10.1073/pnas.2021655118,,dental calculus,,ENA,PRJEB34569,ERS3774383,Ancient Metagenome - Host-associated,Gorilla beringei beringei,oral,,,,
FellowsYates2021,2021,10.1073/pnas.2021655118,Mount Mikeno,-1.46,29.42,Democratic Republic of the Congo,,,,MTM001.A,200,10.1073/pnas.2021655118,,dental calculus,,ENA,PRJEB34569,ERS3774384,Ancient Metagenome - Host-associated,Gorilla beringei beringei,oral,,,,
FellowsYates2021,2021,10.1073/pnas.2021655118,Mount Mikeno,-1.46,29.42,Democratic Republic of the Congo,,,,MTM002.A,200,10.1073/pnas.2021655118,,dental calculus,,ENA,PRJEB34569,ERS3774385,Ancient Metagenome - Host-associated,Gorilla beringei beringei,oral,,,,
FellowsYates2021,2021,10.1073/pnas.2021655118,Mount Mikeno,-1.46,29.42,Democratic Republic of the Congo,,,,MTM003.A,200,10.1073/pnas.2021655118,,dental calculus,,ENA,PRJEB34569,ERS3774386,Ancient Metagenome - Host-associated,Gorilla beringei beringei,oral,,,,
FellowsYates2021,2021,10.1073/pnas.2021655118,Mount Mikeno,-1.46,29.42,Democratic Republic of the Congo,,,,MTM004.A,200,10.1073/pnas.2021655118,,dental calculus,,ENA,PRJEB34569,ERS3774387,Ancient Metagenome - Host-associated,Gorilla beringei beringei,oral,,,,
FellowsYates2021,2021,10.1073/pnas.2021655118,Mount Mikeno,-1.46,29.42,Democratic Republic of the Congo,,,,MTM005.A,200,10.1073/pnas.2021655118,,dental calculus,,ENA,PRJEB34569,ERS3774388,Ancient Metagenome - Host-associated,Gorilla beringei beringei,oral,,,,
FellowsYates2021,2021,10.1073/pnas.2021655118,Mount Mikeno,-1.46,29.42,Democratic Republic of the Congo,,,,MTM006.A,200,10.1073/pnas.2021655118,,dental calculus,,ENA,PRJEB34569,ERS3774389,Ancient Metagenome - Host-associated,Gorilla beringei beringei,oral,,,,
FellowsYates2021,2021,10.1073/pnas.2021655118,Mount Mikeno,-1.46,29.42,Democratic Republic of the Congo,,,,MTM008.A,200,10.1073/pnas.2021655118,,dental calculus,,ENA,PRJEB34569,ERS3774390,Ancient Metagenome - Host-associated,Gorilla beringei beringei,oral,,,,
FellowsYates2021,2021,10.1073/pnas.2021655118,Mount Mikeno,-1.46,29.42,Democratic Republic of the Congo,,,,MTM009.A,200,10.1073/pnas.2021655118,,dental calculus,,ENA,PRJEB34569,ERS3774391,Ancient Metagenome - Host-associated,Gorilla beringei beringei,oral,,,,
FellowsYates2021,2021,10.1073/pnas.2021655118,Mount Mikeno,-1.46,29.42,Democratic Republic of the Congo,,,,MTM011.A,200,10.1073/pnas.2021655118,,dental calculus,,ENA,PRJEB34569,ERS3774392,Ancient Metagenome - Host-associated,Gorilla beringei beringei,oral,,,,
FellowsYates2021,2021,10.1073/pnas.2021655118,Mount Mikeno,-1.46,29.42,Democratic Republic of the Congo,,,,MTM012.A,200,10.1073/pnas.2021655118,,dental calculus,,ENA,PRJEB34569,ERS3774393,Ancient Metagenome - Host-associated,Gorilla beringei beringei,oral,,,,
FellowsYates2021,2021,10.1073/pnas.2021655118,Mount Mikeno,-1.46,29.42,Democratic Republic of the Congo,,,,MTM013.A,200,10.1073/pnas.2021655118,,dental calculus,,ENA,PRJEB34569,ERS3774394,Ancient Metagenome - Host-associated,Gorilla beringei beringei,oral,,,,
FellowsYates2021,2021,10.1073/pnas.2021655118,Mount Sabyinyo,-1.5,29.45,Democratic Republic of the Congo,,,,MTS001.A,200,10.1073/pnas.2021655118,,dental calculus,,ENA,PRJEB34569,ERS3774395,Ancient Metagenome - Host-associated,Gorilla beringei beringei,oral,,,,
FellowsYates2021,2021,10.1073/pnas.2021655118,Mount Sabyinyo,-1.5,29.45,Democratic Republic of the Congo,,,,MTS002.A,200,10.1073/pnas.2021655118,,dental calculus,,ENA,PRJEB34569,ERS3774396,Ancient Metagenome - Host-associated,Gorilla beringei beringei,oral,,,,
FellowsYates2021,2021,10.1073/pnas.2021655118,Mount Sabyinyo,-1.5,29.45,Democratic Republic of the Congo,,,,MTS003.A,200,10.1073/pnas.2021655118,,dental calculus,,ENA,PRJEB34569,ERS3774397,Ancient Metagenome - Host-associated,Gorilla beringei beringei,oral,,,,
FellowsYates2021,2021,10.1073/pnas.2021655118,Mount Mikeno,-1.46,29.42,Democratic Republic of the Congo,,,,MTM010.A,200,10.1073/pnas.2021655118,,dental calculus,,ENA,PRJEB34569,ERS3774398,Ancient Metagenome - Host-associated,Gorilla gorilla gorilla,oral,,,,
FellowsYates2021,2021,10.1073/pnas.2021655118,Abong Mbong,3.98,13.18,Cameroon,,,,ABM006.A,200,10.1073/pnas.2021655118,,dental calculus,,ENA,PRJEB34569,ERS3774399,Ancient Metagenome - Host-associated,Gorilla gorilla gorilla,oral,,,,
FellowsYates2021,2021,10.1073/pnas.2021655118,Djaposten,3.41,13.53,Cameroon,,,,DJA002.A,200,10.1073/pnas.2021655118,,dental calculus,,ENA,PRJEB34569,ERS3774400,Ancient Metagenome - Host-associated,Gorilla gorilla gorilla,oral,,,,
FellowsYates2021,2021,10.1073/pnas.2021655118,Ebolwa,2.91,11.15,Cameroon,,,,EBO001.A,200,10.1073/pnas.2021655118,,dental calculus,,ENA,PRJEB34569,ERS3774401,Ancient Metagenome - Host-associated,Gorilla gorilla gorilla,oral,,,,
FellowsYates2021,2021,10.1073/pnas.2021655118,Ebolwa,2.91,11.15,Cameroon,,,,EBO003.A,200,10.1073/pnas.2021655118,,dental calculus,,ENA,PRJEB34569,ERS3774402,Ancient Metagenome - Host-associated,Gorilla gorilla gorilla,oral,,,,
FellowsYates2021,2021,10.1073/pnas.2021655118,Not specified,,,Democratic Republic of the Congo,,,,GDC002.A,200,10.1073/pnas.2021655118,,dental calculus,,ENA,PRJEB34569,ERS3774403,Ancient Metagenome - Host-associated,Gorilla gorilla gorilla,oral,,,,
FellowsYates2021,2021,10.1073/pnas.2021655118,Not specified,,,Democratic Republic of the Congo,,,,GDC004.A,200,10.1073/pnas.2021655118,,dental calculus,,ENA,PRJEB34569,ERS3774404,Ancient Metagenome - Host-associated,Gorilla gorilla gorilla,oral,,,,
FellowsYates2021,2021,10.1073/pnas.2021655118,Not specified,,,Democratic Republic of the Congo,,,,GDC005.A,200,10.1073/pnas.2021655118,,dental calculus,,ENA,PRJEB34569,ERS3774405,Ancient Metagenome - Host-associated,Gorilla gorilla gorilla,oral,,,,
FellowsYates2021,2021,10.1073/pnas.2021655118,Lubero,1.45,25.27,Democratic Republic of the Congo,,,,LOB001.A,200,10.1073/pnas.2021655118,,dental calculus,,ENA,PRJEB34569,ERS3774406,Ancient Metagenome - Host-associated,Gorilla beringei graueri,oral,,,,
FellowsYates2021,2021,10.1073/pnas.2021655118,Bitule,-0.56,27.03,Democratic Republic of the Congo,,,,BIT001.A,200,10.1073/pnas.2021655118,,dental calculus,,ENA,PRJEB34569,ERS3774407,Ancient Metagenome - Host-associated,Gorilla beringei graueri,oral,,,,
FellowsYates2021,2021,10.1073/pnas.2021655118,Foret de Maniema,,,Democratic Republic of the Congo,,,,FDM001.A,200,10.1073/pnas.2021655118,,dental calculus,,ENA,PRJEB34569,ERS3774408,Ancient Metagenome - Host-associated,Gorilla beringei graueri,oral,,,,
FellowsYates2021,2021,10.1073/pnas.2021655118,Ibatsero,-0.06,29.16,Democratic Republic of the Congo,,,,IBA001.A,200,10.1073/pnas.2021655118,,dental calculus,,ENA,PRJEB34569,ERS3774409,Ancient Metagenome - Host-associated,Gorilla beringei graueri,oral,,,,
FellowsYates2021,2021,10.1073/pnas.2021655118,Ibatsero,-0.06,29.16,Democratic Republic of the Congo,,,,IBA002.A,200,10.1073/pnas.2021655118,,dental calculus,,ENA,PRJEB34569,ERS3774410,Ancient Metagenome - Host-associated,Gorilla beringei graueri,oral,,,,
FellowsYates2021,2021,10.1073/pnas.2021655118,Walikale,,,Democratic Republic of the Congo,,,,WAL001.A,200,10.1073/pnas.2021655118,,dental calculus,,ENA,PRJEB34569,ERS3774411,Ancient Metagenome - Host-associated,Gorilla beringei graueri,oral,,,,
FellowsYates2021,2021,10.1073/pnas.2021655118,Nimba,,,Liberia,,,,CDC005.A,200,10.1073/pnas.2021655118,,dental calculus,,ENA,PRJEB34569,ERS3774412,Ancient Metagenome - Host-associated,Pan troglodytes verus,oral,,,,
FellowsYates2021,2021,10.1073/pnas.2021655118,Nimba,,,Liberia,,,,CDC006.A,200,10.1073/pnas.2021655118,,dental calculus,,ENA,PRJEB34569,ERS3774413,Ancient Metagenome - Host-associated,Pan troglodytes verus,oral,,,,
FellowsYates2021,2021,10.1073/pnas.2021655118,Nimba,,,Liberia,,,,CDC007.A,200,10.1073/pnas.2021655118,,dental calculus,,ENA,PRJEB34569,ERS3774414,Ancient Metagenome - Host-associated,Pan troglodytes verus,oral,,,,
FellowsYates2021,2021,10.1073/pnas.2021655118,Nimba,,,Liberia,,,,CDC008.A,200,10.1073/pnas.2021655118,,dental calculus,,ENA,PRJEB34569,ERS3774415,Ancient Metagenome - Host-associated,Pan troglodytes verus,oral,,,,
FellowsYates2021,2021,10.1073/pnas.2021655118,Nimba,,,Liberia,,,,CDC009.A,200,10.1073/pnas.2021655118,,dental calculus,,ENA,PRJEB34569,ERS3774416,Ancient Metagenome - Host-associated,Pan troglodytes verus,oral,,,,
FellowsYates2021,2021,10.1073/pnas.2021655118,Nimba,,,Liberia,,,,CDC010.A,200,10.1073/pnas.2021655118,,dental calculus,,ENA,PRJEB34569,ERS3774417,Ancient Metagenome - Host-associated,Pan troglodytes verus,oral,,,,
FellowsYates2021,2021,10.1073/pnas.2021655118,Nimba,,,Liberia,,,,CDC011.A,200,10.1073/pnas.2021655118,,dental calculus,,ENA,PRJEB34569,ERS3774418,Ancient Metagenome - Host-associated,Pan troglodytes verus,oral,,,,
FellowsYates2021,2021,10.1073/pnas.2021655118,"Kanyawara, Kibale National Park",0.48,30.38,Uganda,,,,KNP001.A,200,10.1073/pnas.2021655118,,dental calculus,,ENA,PRJEB34569,ERS3774419,Ancient Metagenome - Host-associated,Pan troglodytes schweinfurthii,oral,,,,
FellowsYates2021,2021,10.1073/pnas.2021655118,"Kanyawara, Kibale National Park",0.48,30.38,Uganda,,,,KNP003.A,200,10.1073/pnas.2021655118,,dental calculus,,ENA,PRJEB34569,ERS3774420,Ancient Metagenome - Host-associated,Pan troglodytes schweinfurthii,oral,,,,
FellowsYates2021,2021,10.1073/pnas.2021655118,"Kanyawara, Kibale National Park",0.48,30.38,Uganda,,,,KNP004.A,200,10.1073/pnas.2021655118,,dental calculus,,ENA,PRJEB34569,ERS3774421,Ancient Metagenome - Host-associated,Pan troglodytes schweinfurthii,oral,,,,
FellowsYates2021,2021,10.1073/pnas.2021655118,"Ngogo, Kibale National Park",0.48,30.38,Uganda,,,,KNP005.A,200,10.1073/pnas.2021655118,,dental calculus,,ENA,PRJEB34569,ERS3774422,Ancient Metagenome - Host-associated,Pan troglodytes schweinfurthii,oral,,,,
FellowsYates2021,2021,10.1073/pnas.2021655118,"Kanyanchu, Kibale National Park",0.48,30.38,Uganda,,,,KNP006.A,200,10.1073/pnas.2021655118,,dental calculus,,ENA,PRJEB34569,ERS3774423,Ancient Metagenome - Host-associated,Pan troglodytes schweinfurthii,oral,,,,
FellowsYates2021,2021,10.1073/pnas.2021655118,"Kanyawara, Kibale National Park",0.48,30.38,Uganda,,,,KNP007.A,200,10.1073/pnas.2021655118,,dental calculus,,ENA,PRJEB34569,ERS3774424,Ancient Metagenome - Host-associated,Pan troglodytes schweinfurthii,oral,,,,
FellowsYates2021,2021,10.1073/pnas.2021655118,"Kanyawara, Kibale National Park",0.48,30.38,Uganda,,,,KNP009.A,200,10.1073/pnas.2021655118,,dental calculus,,ENA,PRJEB34569,ERS3774425,Ancient Metagenome - Host-associated,Pan troglodytes schweinfurthii,oral,,,,
FellowsYates2021,2021,10.1073/pnas.2021655118,Abong Mbong,3.98,13.18,Cameroon,,,,ABM007.A,200,10.1073/pnas.2021655118,,dental calculus,,ENA,PRJEB34569,ERS3774426,Ancient Metagenome - Host-associated,Pan troglodytes ellioti,oral,,,,
FellowsYates2021,2021,10.1073/pnas.2021655118,Abong Mbong,3.98,13.18,Cameroon,,,,ABM008.A,200,10.1073/pnas.2021655118,,dental calculus,,ENA,PRJEB34569,ERS3774427,Ancient Metagenome - Host-associated,Pan troglodytes ellioti,oral,,,,
FellowsYates2021,2021,10.1073/pnas.2021655118,Djaposten,3.41,13.53,Cameroon,,,,DJA006.A,200,10.1073/pnas.2021655118,,dental calculus,,ENA,PRJEB34569,ERS3774428,Ancient Metagenome - Host-associated,Pan troglodytes ellioti,oral,,,,
FellowsYates2021,2021,10.1073/pnas.2021655118,Djaposten,3.41,13.53,Cameroon,,,,DJA007.A,200,10.1073/pnas.2021655118,,dental calculus,,ENA,PRJEB34569,ERS3774429,Ancient Metagenome - Host-associated,Pan troglodytes ellioti,oral,,,,
FellowsYates2021,2021,10.1073/pnas.2021655118,Ebolwa,2.91,11.15,Cameroon,,,,EBO008.A,200,10.1073/pnas.2021655118,,dental calculus,,ENA,PRJEB34569,ERS3774430,Ancient Metagenome - Host-associated,Pan troglodytes ellioti,oral,,,,
FellowsYates2021,2021,10.1073/pnas.2021655118,Ebolwa,2.91,11.15,Cameroon,,,,EBO009.A,200,10.1073/pnas.2021655118,,dental calculus,,ENA,PRJEB34569,ERS3774431,Ancient Metagenome - Host-associated,Pan troglodytes ellioti,oral,,,,
FellowsYates2021,2021,10.1073/pnas.2021655118,Banyoles,42.119,2.766,Spain,,,,BAN001.A,66000,10.1073/pnas.2021655118,,dental calculus,,ENA,PRJEB34569,ERS3774432,Ancient Metagenome - Host-associated,Homo sapiens neanderthalensis,oral,,,,
FellowsYates2021,2021,10.1073/pnas.2021655118,Fumane Cave,45.591,10.905,Italy,,,,FUM001.A,49000,10.1073/pnas.2021655118,,dental calculus,,ENA,PRJEB34569,ERS3774433,Ancient Metagenome - Host-associated,Homo sapiens neanderthalensis,oral,,,,
FellowsYates2021,2021,10.1073/pnas.2021655118,Fumane Cave,45.591,10.905,Italy,,,,FUM002.A,48000,10.1073/pnas.2021655118,,dental calculus,,ENA,PRJEB34569,ERS3774434,Ancient Metagenome - Host-associated,Homo sapiens neanderthalensis,oral,,,,
FellowsYates2021,2021,10.1073/pnas.2021655118,Fumane Cave,45.591,10.905,Italy,,,,FUM003.A,48000,10.1073/pnas.2021655118,,dental calculus,,ENA,PRJEB34569,ERS3774435,Ancient Metagenome - Host-associated,Homo sapiens neanderthalensis,oral,,,,
FellowsYates2021,2021,10.1073/pnas.2021655118,De Nadale Cave,45.442,11.518,Italy,,,,GDN001.A,70000,10.1073/pnas.2021655118,,dental calculus,,ENA,PRJEB34569,ERS3774436,Ancient Metagenome - Host-associated,Homo sapiens neanderthalensis,oral,,,,
FellowsYates2021,2021,10.1073/pnas.2021655118,De Nadale Cave,45.442,11.518,Italy,,,,GDN001.B,70000,10.1073/pnas.2021655118,,dental calculus,,ENA,PRJEB34569,ERS3774437,Ancient Metagenome - Host-associated,Homo sapiens neanderthalensis,oral,,,,
FellowsYates2021,2021,10.1073/pnas.2021655118,"Goyet, Troisième caverne",50.433,5.0,Belgium,,,,GOY005.A,42800,10.1073/pnas.2021655118,,dental calculus,,ENA,PRJEB34569,ERS3774438,Ancient Metagenome - Host-associated,Homo sapiens neanderthalensis,oral,,,,
FellowsYates2021,2021,10.1073/pnas.2021655118,"Goyet, Troisième caverne",50.433,5.0,Belgium,,,,GOY006.A,42800,10.1073/pnas.2021655118,,dental calculus,,ENA,PRJEB34569,ERS3774439,Ancient Metagenome - Host-associated,Homo sapiens neanderthalensis,oral,,,,
FellowsYates2021,2021,10.1073/pnas.2021655118,La Güelga,43.314,-5.066,Spain,,,,GUE001.A,44000,10.1073/pnas.2021655118,,dental calculus,,ENA,PRJEB34569,ERS3774440,Ancient Metagenome - Host-associated,Homo sapiens neanderthalensis,oral,,,,
FellowsYates2021,2021,10.1073/pnas.2021655118,Pesturina Cave,43.166,21.9,Serbia,,,,PES001.B,102000,10.1073/pnas.2021655118,,dental calculus,,ENA,PRJEB34569,ERS3774441,Ancient Metagenome - Host-associated,Homo sapiens neanderthalensis,oral,,,,
FellowsYates2021,2021,10.1073/pnas.2021655118,Sima de las Palomas del Cabezo Gordo,37.743,-0.953,Spain,,,,SPM001.A,55000,10.1073/pnas.2021655118,,dental calculus,,ENA,PRJEB34569,ERS3774442,Ancient Metagenome - Host-associated,Homo sapiens neanderthalensis,oral,,,,
FellowsYates2021,2021,10.1073/pnas.2021655118,Sima de las Palomas del Cabezo Gordo,37.743,-0.953,Spain,,,,SPM002.A,55000,10.1073/pnas.2021655118,,dental calculus,,ENA,PRJEB34569,ERS3774443,Ancient Metagenome - Host-associated,Homo sapiens neanderthalensis,oral,,,,
FellowsYates2021,2021,10.1073/pnas.2021655118,Cueva de Valdegoba,42.541,-0.086,Spain,,,,VLD001.A,48000,10.1073/pnas.2021655118,,dental calculus,,ENA,PRJEB34569,ERS3774444,Ancient Metagenome - Host-associated,Homo sapiens neanderthalensis,oral,,,,
FellowsYates2021,2021,10.1073/pnas.2021655118,Cueva del Boquete de Zafarraya,36.951,-4.127,Spain,,,,ZAF001.A,46000,10.1073/pnas.2021655118,,dental calculus,,ENA,PRJEB34569,ERS3774445,Ancient Metagenome - Host-associated,Homo sapiens neanderthalensis,oral,,,,
FellowsYates2021,2021,10.1073/pnas.2021655118,Oakhurst,-33.9,22.5,South Africa,,,,OAK001.A,5500,10.1073/pnas.2021655118,,dental calculus,,ENA,PRJEB34569,ERS3774446,Ancient Metagenome - Host-associated,Homo sapiens,oral,,,,
FellowsYates2021,2021,10.1073/pnas.2021655118,Oakhurst,-33.9,22.5,South Africa,,,,OAK002.A,6100,10.1073/pnas.2021655118,,dental calculus,,ENA,PRJEB34569,ERS3774447,Ancient Metagenome - Host-associated,Homo sapiens,oral,,,,
FellowsYates2021,2021,10.1073/pnas.2021655118,Oakhurst,-33.9,22.5,South Africa,,,,OAK003.A,6200,10.1073/pnas.2021655118,,dental calculus,,ENA,PRJEB34569,ERS3774448,Ancient Metagenome - Host-associated,Homo sapiens,oral,,,,
FellowsYates2021,2021,10.1073/pnas.2021655118,Oakhurst,-33.9,22.5,South Africa,,,,OAK004.A,6400,10.1073/pnas.2021655118,,dental calculus,,ENA,PRJEB34569,ERS3774449,Ancient Metagenome - Host-associated,Homo sapiens,oral,,,,
FellowsYates2021,2021,10.1073/pnas.2021655118,Oakhurst,-33.9,22.5,South Africa,,,,OAK005.A,7500,10.1073/pnas.2021655118,,dental calculus,,ENA,PRJEB34569,ERS3774450,Ancient Metagenome - Host-associated,Homo sapiens,oral,,,,
FellowsYates2021,2021,10.1073/pnas.2021655118,Taforalt (Grotte des Pigeons),34.814,-2.404,Morocco,,,,TAF008.B,14500,10.1073/pnas.2021655118,,dental calculus,,ENA,PRJEB34569,ERS3774451,Ancient Metagenome - Host-associated,Homo sapiens,oral,,,,
FellowsYates2021,2021,10.1073/pnas.2021655118,Taforalt (Grotte des Pigeons),34.814,-2.404,Morocco,,,,TAF016.B,14500,10.1073/pnas.2021655118,,dental calculus,,ENA,PRJEB34569,ERS3774452,Ancient Metagenome - Host-associated,Homo sapiens,oral,,,,
FellowsYates2021,2021,10.1073/pnas.2021655118,Taforalt (Grotte des Pigeons),34.814,-2.404,Morocco,,,,TAF017.A,14500,10.1073/pnas.2021655118,,dental calculus,,ENA,PRJEB34569,ERS3774453,Ancient Metagenome - Host-associated,Homo sapiens,oral,,,,
FellowsYates2021,2021,10.1073/pnas.2021655118,Taforalt (Grotte des Pigeons),34.814,-2.404,Morocco,,,,TAF017.C,14500,10.1073/pnas.2021655118,,dental calculus,,ENA,PRJEB34569,ERS3774454,Ancient Metagenome - Host-associated,Homo sapiens,oral,,,,
FellowsYates2021,2021,10.1073/pnas.2021655118,Taforalt (Grotte des Pigeons),34.814,-2.404,Morocco,,,,TAF017.E,14500,10.1073/pnas.2021655118,,dental calculus,,ENA,PRJEB34569,ERS3774455,Ancient Metagenome - Host-associated,Homo sapiens,oral,,,,
FellowsYates2021,2021,10.1073/pnas.2021655118,Taforalt (Grotte des Pigeons),34.814,-2.404,Morocco,,,,TAF018.A,14500,10.1073/pnas.2021655118,,dental calculus,,ENA,PRJEB34569,ERS3774456,Ancient Metagenome - Host-associated,Homo sapiens,oral,,,,
FellowsYates2021,2021,10.1073/pnas.2021655118,Taforalt (Grotte des Pigeons),34.814,-2.404,Morocco,,,,TAF018.B,14500,10.1073/pnas.2021655118,,dental calculus,,ENA,PRJEB34569,ERS3774457,Ancient Metagenome - Host-associated,Homo sapiens,oral,,,,
FellowsYates2021,2021,10.1073/pnas.2021655118,El Collado,38.919,-0.121,Spain,,,,ECO002.B,9500,10.1073/pnas.2021655118,,dental calculus,,ENA,PRJEB34569,ERS3774458,Ancient Metagenome - Host-associated,Homo sapiens,oral,,,,
FellowsYates2021,2021,10.1073/pnas.2021655118,El Collado,38.919,-0.121,Spain,,,,ECO002.C,9500,10.1073/pnas.2021655118,,dental calculus,,ENA,PRJEB34569,ERS3774459,Ancient Metagenome - Host-associated,Homo sapiens,oral,,,,
FellowsYates2021,2021,10.1073/pnas.2021655118,El Collado,38.919,-0.121,Spain,,,,ECO004.B,9300,10.1073/pnas.2021655118,,dental calculus,,ENA,PRJEB34569,ERS3774460,Ancient Metagenome - Host-associated,Homo sapiens,oral,,,,
FellowsYates2021,2021,10.1073/pnas.2021655118,El Collado,38.919,-0.121,Spain,,,,ECO004.C,9300,10.1073/pnas.2021655118,,dental calculus,,ENA,PRJEB34569,ERS3774461,Ancient Metagenome - Host-associated,Homo sapiens,oral,,,,
FellowsYates2021,2021,10.1073/pnas.2021655118,El Collado,38.919,-0.121,Spain,,,,ECO006.B,9300,10.1073/pnas.2021655118,,dental calculus,,ENA,PRJEB34569,ERS3774462,Ancient Metagenome - Host-associated,Homo sapiens,oral,,,,
FellowsYates2021,2021,10.1073/pnas.2021655118,El Collado,38.919,-0.121,Spain,,,,ECO010.B,9000,10.1073/pnas.2021655118,,dental calculus,,ENA,PRJEB34569,ERS3774463,Ancient Metagenome - Host-associated,Homo sapiens,oral,,,,
FellowsYates2021,2021,10.1073/pnas.2021655118,El Mirón,38.919,-0.121,Spain,,,,EMN001.A,18700,10.1073/pnas.2021655118,,dental calculus,,ENA,PRJEB34569,ERS3774464,Ancient Metagenome - Host-associated,Homo sapiens,oral,,,,
FellowsYates2021,2021,10.1073/pnas.2021655118,Mota,7.29,37.47,Ethiopia,,,,MOA001.A,4500,10.1073/pnas.2021655118,,dental calculus,,ENA,PRJEB34569,ERS3774465,Ancient Metagenome - Host-associated,Homo sapiens,oral,,,,
FellowsYates2021,2021,10.1073/pnas.2021655118,Dolní Věstonice II,48.883,16.65,Czechia,,,,DLV001.A,31000,10.1073/pnas.2021655118,,dental calculus,,ENA,PRJEB34569,ERS3774466,Ancient Metagenome - Host-associated,Homo sapiens,oral,,,,
FellowsYates2021,2021,10.1073/pnas.2021655118,Dolní Věstonice II,48.883,16.650086,Czechia,,,,DLV002.A,31000,10.1073/pnas.2021655118,,dental calculus,,ENA,PRJEB34569,ERS3774467,Ancient Metagenome - Host-associated,Homo sapiens,oral,,,,
FellowsYates2021,2021,10.1073/pnas.2021655118,Größe Ofnethöhle,48.818,10.45,Germany,,,,OFN001.A,9200,10.1073/pnas.2021655118,,dental calculus,,ENA,PRJEB34569,ERS3774468,Ancient Metagenome - Host-associated,Homo sapiens,oral,,,,
FellowsYates2021,2021,10.1073/pnas.2021655118,Pavlov I,48.873,16.672,Czechia,,,,PLV001.A,29500,10.1073/pnas.2021655118,,dental calculus,,ENA,PRJEB34569,ERS3774469,Ancient Metagenome - Host-associated,Homo sapiens,oral,,,,
FellowsYates2021,2021,10.1073/pnas.2021655118,Grotte de Rigney,47.383,6.166,France,,,,RIG001.A,15400,10.1073/pnas.2021655118,,dental calculus,,ENA,PRJEB34569,ERS3774470,Ancient Metagenome - Host-associated,Homo sapiens,oral,,,,
FellowsYates2021,2021,10.1073/pnas.2021655118,Essaouira (Mogador),31.51,-9.76,Morocco,,,,ESA003.A,300,10.1073/pnas.2021655118,,dental calculus,,ENA,PRJEB34569,ERS3774471,Ancient Metagenome - Host-associated,Homo sapiens,oral,,,,
FellowsYates2021,2021,10.1073/pnas.2021655118,Essaouira (Mogador),31.51,-9.76,Morocco,,,,ESA004.A,300,10.1073/pnas.2021655118,,dental calculus,,ENA,PRJEB34569,ERS3774472,Ancient Metagenome - Host-associated,Homo sapiens,oral,,,,
FellowsYates2021,2021,10.1073/pnas.2021655118,Essaouira (Mogador),31.51,-9.76,Morocco,,,,ESA006.A,300,10.1073/pnas.2021655118,,dental calculus,,ENA,PRJEB34569,ERS3774473,Ancient Metagenome - Host-associated,Homo sapiens,oral,,,,
FellowsYates2021,2021,10.1073/pnas.2021655118,Essaouira (Mogador),31.51,-9.76,Morocco,,,,ESA007.A,300,10.1073/pnas.2021655118,,dental calculus,,ENA,PRJEB34569,ERS3774474,Ancient Metagenome - Host-associated,Homo sapiens,oral,,,,
FellowsYates2021,2021,10.1073/pnas.2021655118,Essaouira (Mogador),31.51,-9.76,Morocco,,,,ESA008.A,300,10.1073/pnas.2021655118,,dental calculus,,ENA,PRJEB34569,ERS3774475,Ancient Metagenome - Host-associated,Homo sapiens,oral,,,,
FellowsYates2021,2021,10.1073/pnas.2021655118,Unknown (Basque Pyranees region),43.04,-2.67,Spain,,,,BSQ001.A,200,10.1073/pnas.2021655118,,dental calculus,,ENA,PRJEB34569,ERS3774476,Ancient Metagenome - Host-associated,Homo sapiens,oral,,,,
FellowsYates2021,2021,10.1073/pnas.2021655118,"Lisbon Metropolitan Area, Portugal",31.51,-9.76,Portugal,,,,LIS001.A,300,10.1073/pnas.2021655118,,dental calculus,,ENA,PRJEB34569,ERS3774477,Ancient Metagenome - Host-associated,Homo sapiens,oral,,,,
FellowsYates2021,2021,10.1073/pnas.2021655118,"Lisbon Metropolitan Area, Portugal",31.51,-9.76,Portugal,,,,LIS002.A,300,10.1073/pnas.2021655118,,dental calculus,,ENA,PRJEB34569,ERS3774478,Ancient Metagenome - Host-associated,Homo sapiens,oral,,,,
FellowsYates2021,2021,10.1073/pnas.2021655118,"Lisbon Metropolitan Area, Portugal",31.51,-9.76,Portugal,,,,LIS003.A,300,10.1073/pnas.2021655118,,dental calculus,,ENA,PRJEB34569,ERS3774479,Ancient Metagenome - Host-associated,Homo sapiens,oral,,,,
FellowsYates2021,2021,10.1073/pnas.2021655118,Polyoak,-34.03,18.46,South Africa,,,,PYK001.A,200,10.1073/pnas.2021655118,,dental calculus,,ENA,PRJEB34569,ERS3774480,Ancient Metagenome - Host-associated,Homo sapiens,oral,,,,
FellowsYates2021,2021,10.1073/pnas.2021655118,Polyoak,-34.03,18.46,South Africa,,,,PYK002.A,200,10.1073/pnas.2021655118,,dental calculus,,ENA,PRJEB34569,ERS3774481,Ancient Metagenome - Host-associated,Homo sapiens,oral,,,,
FellowsYates2021,2021,10.1073/pnas.2021655118,Polyoak,-34.03,18.46,South Africa,,,,PYK003.A,200,10.1073/pnas.2021655118,,dental calculus,,ENA,PRJEB34569,ERS3774482,Ancient Metagenome - Host-associated,Homo sapiens,oral,,,,
FellowsYates2021,2021,10.1073/pnas.2021655118,Polyoak,-34.03,18.46,South Africa,,,,PYK004.A,200,10.1073/pnas.2021655118,,dental calculus,,ENA,PRJEB34569,ERS3774483,Ancient Metagenome - Host-associated,Homo sapiens,oral,,,,
FellowsYates2021,2021,10.1073/pnas.2021655118,Polyoak,-34.03,18.46,South Africa,,,,PYK005.A,200,10.1073/pnas.2021655118,,dental calculus,,ENA,PRJEB34569,ERS3774484,Ancient Metagenome - Host-associated,Homo sapiens,oral,,,,
Farrer2021,2021,10.1038/s41598-021-86100-w,Jewbury,53.962,-1.075,United Kingdom,,,,Jewbury8809,800,10.1038/nature21674,,dental calculus,,SRA,PRJNA688065,SRS7967587,Ancient Metagenome - Host-associated,Homo sapiens,oral,,,,
Farrer2021,2021,10.1038/s41598-021-86100-w,Jewbury,53.962,-1.075,United Kingdom,,,,Jewbury8810,800,10.1038/nature21674,,dental calculus,,SRA,PRJNA688065,SRS7967568,Ancient Metagenome - Host-associated,Homo sapiens,oral,,,,
Farrer2021,2021,10.1038/s41598-021-86100-w,Jewbury,53.962,-1.075,United Kingdom,,,,Jewbury8811,800,10.1038/nature21674,,dental calculus,,SRA,PRJNA688065,SRS7967579,Ancient Metagenome - Host-associated,Homo sapiens,oral,,,,
Farrer2021,2021,10.1038/s41598-021-86100-w,Jewbury,53.962,-1.075,United Kingdom,,,,Jewbury8813,800,10.1038/nature21674,,dental calculus,,SRA,PRJNA688065,SRS7967581,Ancient Metagenome - Host-associated,Homo sapiens,oral,,,,
Farrer2021,2021,10.1038/s41598-021-86100-w,Jewbury,53.962,-1.075,United Kingdom,,,,Jewbury8815,800,10.1038/nature21674,,dental calculus,,SRA,PRJNA688065,SRS7967572,Ancient Metagenome - Host-associated,Homo sapiens,oral,,,,
Farrer2021,2021,10.1038/s41598-021-86100-w,Jewbury,53.962,-1.075,United Kingdom,,,,Jewbury8816,800,10.1038/nature21674,,dental calculus,,SRA,PRJNA688065,SRS7967582,Ancient Metagenome - Host-associated,Homo sapiens,oral,,,,
Farrer2021,2021,10.1038/s41598-021-86100-w,Jewbury,53.962,-1.075,United Kingdom,,,,Jewbury8818,800,10.1038/nature21674,,dental calculus,,SRA,PRJNA688065,SRS7967586,Ancient Metagenome - Host-associated,Homo sapiens,oral,,,,
Farrer2021,2021,10.1038/s41598-021-86100-w,Jewbury,53.962,-1.075,United Kingdom,,,,Jewbury8819,800,10.1038/nature21674,,dental calculus,,SRA,PRJNA688065,SRS7967583,Ancient Metagenome - Host-associated,Homo sapiens,oral,,,,
Farrer2021,2021,10.1038/s41598-021-86100-w,Jewbury,53.962,-1.075,United Kingdom,,,,Jewbury8820,800,10.1038/nature21674,,dental calculus,,SRA,PRJNA688065,SRS7967584,Ancient Metagenome - Host-associated,Homo sapiens,oral,,,,
Farrer2021,2021,10.1038/s41598-021-86100-w,Jewbury,53.962,-1.075,United Kingdom,,,,Jewbury8822,800,10.1038/nature21674,,dental calculus,,SRA,PRJNA688065,SRS7967573,Ancient Metagenome - Host-associated,Homo sapiens,oral,,,,
Farrer2021,2021,10.1038/s41598-021-86100-w,Jewbury,53.962,-1.075,United Kingdom,,,,Jewbury8825,800,10.1038/nature21674,,dental calculus,,SRA,PRJNA688065,SRS7967588,Ancient Metagenome - Host-associated,Homo sapiens,oral,,,,
Farrer2021,2021,10.1038/s41598-021-86100-w,Jewbury,53.962,-1.075,United Kingdom,,,,Jewbury8826,800,10.1038/nature21674,,dental calculus,,SRA,PRJNA688065,SRS7967589,Ancient Metagenome - Host-associated,Homo sapiens,oral,,,,
Farrer2021,2021,10.1038/s41598-021-86100-w,Jewbury,53.962,-1.075,United Kingdom,,,,Jewbury8827,800,10.1038/nature21674,,dental calculus,,SRA,PRJNA688065,SRS7967560,Ancient Metagenome - Host-associated,Homo sapiens,oral,,,,
Farrer2021,2021,10.1038/s41598-021-86100-w,Jewbury,53.962,-1.075,United Kingdom,,,,Jewbury8829,800,10.1038/nature21674,,dental calculus,,SRA,PRJNA688065,SRS7967561,Ancient Metagenome - Host-associated,Homo sapiens,oral,,,,
Farrer2021,2021,10.1038/s41598-021-86100-w,Jewbury,53.962,-1.075,United Kingdom,,,,Jewbury8830,800,10.1038/nature21674,,dental calculus,,SRA,PRJNA688065,SRS7967574,Ancient Metagenome - Host-associated,Homo sapiens,oral,,,,
Farrer2021,2021,10.1038/s41598-021-86100-w,Jewbury,53.962,-1.075,United Kingdom,,,,Jewbury8831,800,10.1038/nature21674,,dental calculus,,SRA,PRJNA688065,SRS7967562,Ancient Metagenome - Host-associated,Homo sapiens,oral,,,,
Farrer2021,2021,10.1038/s41598-021-86100-w,Jewbury,53.962,-1.075,United Kingdom,,,,Jewbury8833,800,10.1038/nature21674,,dental calculus,,SRA,PRJNA688065,SRS7967563,Ancient Metagenome - Host-associated,Homo sapiens,oral,,,,
Farrer2021,2021,10.1038/s41598-021-86100-w,Jewbury,53.962,-1.075,United Kingdom,,,,Jewbury8834,800,10.1038/nature21674,,dental calculus,,SRA,PRJNA688065,SRS7967564,Ancient Metagenome - Host-associated,Homo sapiens,oral,,,,
Farrer2021,2021,10.1038/s41598-021-86100-w,Jewbury,53.962,-1.075,United Kingdom,,,,Jewbury8835,800,10.1038/nature21674,,dental calculus,,SRA,PRJNA688065,SRS7967575,Ancient Metagenome - Host-associated,Homo sapiens,oral,,,,
Farrer2021,2021,10.1038/s41598-021-86100-w,Jewbury,53.962,-1.075,United Kingdom,,,,Jewbury8838,800,10.1038/nature21674,,dental calculus,,SRA,PRJNA688065,SRS7967576,Ancient Metagenome - Host-associated,Homo sapiens,oral,,,,
Farrer2021,2021,10.1038/s41598-021-86100-w,Jewbury,53.962,-1.075,United Kingdom,,,,Jewbury8839,800,10.1038/nature21674,,dental calculus,,SRA,PRJNA688065,SRS7967577,Ancient Metagenome - Host-associated,Homo sapiens,oral,,,,
Farrer2021,2021,10.1038/s41598-021-86100-w,Jewbury,53.962,-1.075,United Kingdom,,,,Jewbury8840,800,10.1038/nature21674,,dental calculus,,SRA,PRJNA688065,SRS7967565,Ancient Metagenome - Host-associated,Homo sapiens,oral,,,,
Farrer2021,2021,10.1038/s41598-021-86100-w,Jewbury,53.962,-1.075,United Kingdom,,,,Jewbury8843,800,10.1038/nature21674,,dental calculus,,SRA,PRJNA688065,SRS7967566,Ancient Metagenome - Host-associated,Homo sapiens,oral,,,,
Farrer2021,2021,10.1038/s41598-021-86100-w,Jewbury,53.962,-1.075,United Kingdom,,,,Jewbury8844,800,10.1038/nature21674,,dental calculus,,SRA,PRJNA688065,SRS7967567,Ancient Metagenome - Host-associated,Homo sapiens,oral,,,,
Farrer2021,2021,10.1038/s41598-021-86100-w,Jewbury,53.962,-1.075,United Kingdom,,,,Jewbury8855,800,10.1038/nature21674,,dental calculus,,SRA,PRJNA688065,SRS7967569,Ancient Metagenome - Host-associated,Homo sapiens,oral,,,,
Farrer2021,2021,10.1038/s41598-021-86100-w,Jewbury,53.962,-1.075,United Kingdom,,,,Jewbury8856,800,10.1038/nature21674,,dental calculus,,SRA,PRJNA688065,SRS7967570,Ancient Metagenome - Host-associated,Homo sapiens,oral,,,,
Farrer2021,2021,10.1038/s41598-021-86100-w,Jewbury,53.962,-1.075,United Kingdom,,,,Jewbury8857,800,10.1038/nature21674,,dental calculus,,SRA,PRJNA688065,SRS7967571,Ancient Metagenome - Host-associated,Homo sapiens,oral,,,,
Ottoni2021,2021,10.1073/pnas.2102116118,Ajmana,44.59,22.67,Serbia,,,,AJ9,7100,10.1073/pnas.2102116118,,dental calculus,,ENA,PRJEB44313,ERS6256708,Ancient Metagenome - Host-associated,Homo sapiens,oral,,,,
Ottoni2021,2021,10.1073/pnas.2102116118,Climente,44.6,22.25,Romania,,,,CL2,12600,10.1073/pnas.2102116118,,dental calculus,,ENA,PRJEB44313,ERS6256709,Ancient Metagenome - Host-associated,Homo sapiens,oral,,,,
Ottoni2021,2021,10.1073/pnas.2102116118,Grotta Continenza,41.96,13.56,Italy,,,,CT10 / GC 2,8300,10.1073/pnas.2102116118,,dental calculus,,ENA,PRJEB44313,ERS6256720,Ancient Metagenome - Host-associated,Homo sapiens,oral,,,,
Ottoni2021,2021,10.1073/pnas.2102116118,Grotta Continenza,41.96,13.56,Italy,,,,CT11 / GC 66,13800,10.1073/pnas.2102116118,,dental calculus,,ENA,PRJEB44313,ERS6256721,Ancient Metagenome - Host-associated,Homo sapiens,oral,,,,
Ottoni2021,2021,10.1073/pnas.2102116118,Grotta Continenza,41.96,13.56,Italy,,,,CT13 / GC 74,8300,10.1073/pnas.2102116118,,dental calculus,,ENA,PRJEB44313,ERS6256722,Ancient Metagenome - Host-associated,Homo sapiens,oral,,,,
Ottoni2021,2021,10.1073/pnas.2102116118,Grotta Continenza,41.96,13.56,Italy,,,,CT17 / GC 67,13800,10.1073/pnas.2102116118,,dental calculus,,ENA,PRJEB44313,ERS6256723,Ancient Metagenome - Host-associated,Homo sapiens,oral,,,,
Ottoni2021,2021,10.1073/pnas.2102116118,Grotta Continenza,41.96,13.56,Italy,,,,CT2 / GC 36 A,11600,10.1073/pnas.2102116118,,dental calculus,,ENA,PRJEB44313,ERS6256714,Ancient Metagenome - Host-associated,Homo sapiens,oral,,,,
Ottoni2021,2021,10.1073/pnas.2102116118,Grotta Continenza,41.96,13.56,Italy,,,,CT4 / GC 61 L,1150,10.1073/pnas.2102116118,,dental calculus,,ENA,PRJEB44313,ERS6256716,Ancient Metagenome - Host-associated,Homo sapiens,oral,,,,
Ottoni2021,2021,10.1073/pnas.2102116118,Grotta Continenza,41.96,13.56,Italy,,,,CT5 / GC 59,10600,10.1073/pnas.2102116118,,dental calculus,,ENA,PRJEB44313,ERS6256717,Ancient Metagenome - Host-associated,Homo sapiens,oral,,,,
Ottoni2021,2021,10.1073/pnas.2102116118,Grotta Continenza,41.96,13.56,Italy,,,,CT7 / GC 65,14800,10.1073/pnas.2102116118,,dental calculus,,ENA,PRJEB44313,ERS6256718,Ancient Metagenome - Host-associated,Homo sapiens,oral,,,,
Ottoni2021,2021,10.1073/pnas.2102116118,Grotta Continenza,41.96,13.56,Italy,,,,CT8 / GC 10 H,14800,10.1073/pnas.2102116118,,dental calculus,,ENA,PRJEB44313,ERS6256719,Ancient Metagenome - Host-associated,Homo sapiens,oral,,,,
Ottoni2021,2021,10.1073/pnas.2102116118,Vlasac,44.53,22.05,Serbia,,,,H53,7000,10.1073/pnas.2102116118,,dental calculus,,ENA,PRJEB44313,ERS6256699,Ancient Metagenome - Host-associated,Homo sapiens,oral,,,,
Ottoni2021,2021,10.1073/pnas.2102116118,Vlasac,44.53,22.05,Serbia,,,,H64,8100,10.1073/pnas.2102116118,,dental calculus,,ENA,PRJEB44313,ERS6256700,Ancient Metagenome - Host-associated,Homo sapiens,oral,,,,
Ottoni2021,2021,10.1073/pnas.2102116118,Hajdučka Vodenica,44.636,22.3,Serbia,,,,HV16,7500,10.1073/pnas.2102116118,,dental calculus,,ENA,PRJEB44313,ERS6256705,Ancient Metagenome - Host-associated,Homo sapiens,oral,,,,
Ottoni2021,2021,10.1073/pnas.2102116118,Hajdučka Vodenica,44.636,22.3,Serbia,,,,HV29,8200,10.1073/pnas.2102116118,,dental calculus,,ENA,PRJEB44313,ERS6256706,Ancient Metagenome - Host-associated,Homo sapiens,oral,,,,
Ottoni2021,2021,10.1073/pnas.2102116118,Arene Candide,44.162,8.328,Italy,,,,LG10b / AC IX BB,5800,10.1073/pnas.2102116118,,dental calculus,,ENA,PRJEB44313,ERS6256727,Ancient Metagenome - Host-associated,Homo sapiens,oral,,,,
Ottoni2021,2021,10.1073/pnas.2102116118,Arma dell'Aquila,44.2,8.33,Italy,,,,LG20b / AQ 1 ZAM,5800,10.1073/pnas.2102116118,,dental calculus,,ENA,PRJEB44313,ERS6256728,Ancient Metagenome - Host-associated,Homo sapiens,oral,,,,
Ottoni2021,2021,10.1073/pnas.2102116118,Arma dell'Aquila,44.2,8.33,Italy,,,,LG21a / AQ 1 RICH,6300,10.1073/pnas.2102116118,,dental calculus,,ENA,PRJEB44313,ERS6256729,Ancient Metagenome - Host-associated,Homo sapiens,oral,,,,
Ottoni2021,2021,10.1073/pnas.2102116118,Arene Candide,44.162,8.328,Italy,,,,LG3b / AC T1 Tinè,5700,10.1073/pnas.2102116118,,dental calculus,,ENA,PRJEB44313,ERS6256724,Ancient Metagenome - Host-associated,Homo sapiens,oral,,,,
Ottoni2021,2021,10.1073/pnas.2102116118,Arene Candide,44.162,8.328,Italy,,,,LG7b / AC V BB,5800,10.1073/pnas.2102116118,,dental calculus,,ENA,PRJEB44313,ERS6256725,Ancient Metagenome - Host-associated,Homo sapiens,oral,,,,
Ottoni2021,2021,10.1073/pnas.2102116118,Arene Candide,44.162,8.328,Italy,,,,LG8b / AC VII BB,5800,10.1073/pnas.2102116118,,dental calculus,,ENA,PRJEB44313,ERS6256726,Ancient Metagenome - Host-associated,Homo sapiens,oral,,,,
Ottoni2021,2021,10.1073/pnas.2102116118,Lepenski Vir,44.557,22.026,Serbia,,,,LV20,10300,10.1073/pnas.2102116118,,dental calculus,,ENA,PRJEB44313,ERS6256687,Ancient Metagenome - Host-associated,Homo sapiens,oral,,,,
Ottoni2021,2021,10.1073/pnas.2102116118,Lepenski Vir,44.557,22.026,Serbia,,,,LV29,400,10.1073/pnas.2102116118,,dental calculus,,ENA,PRJEB44313,ERS6256688,Ancient Metagenome - Host-associated,Homo sapiens,oral,,,,
Ottoni2021,2021,10.1073/pnas.2102116118,Lepenski Vir,44.557,22.026,Serbia,,,,LV32a,7300,10.1073/pnas.2102116118,,dental calculus,,ENA,PRJEB44313,ERS6256689,Ancient Metagenome - Host-associated,Homo sapiens,oral,,,,
Ottoni2021,2021,10.1073/pnas.2102116118,Lepenski Vir,44.557,22.026,Serbia,,,,LV50,9500,10.1073/pnas.2102116118,,dental calculus,,ENA,PRJEB44313,ERS6256690,Ancient Metagenome - Host-associated,Homo sapiens,oral,,,,
Ottoni2021,2021,10.1073/pnas.2102116118,Lepenski Vir,44.557,22.026,Serbia,,,,LV8,7100,10.1073/pnas.2102116118,,dental calculus,,ENA,PRJEB44313,ERS6256686,Ancient Metagenome - Host-associated,Homo sapiens,oral,,,,
Ottoni2021,2021,10.1073/pnas.2102116118,Padina,44.5,22.416,Serbia,,,,PAD12,7500,10.1073/pnas.2102116118,,dental calculus,,ENA,PRJEB44313,ERS6256692,Ancient Metagenome - Host-associated,Homo sapiens,oral,,,,
Ottoni2021,2021,10.1073/pnas.2102116118,Padina,44.6,22.0,Serbia,,,,PAD16,9300,10.1073/pnas.2102116118,,dental calculus,,ENA,PRJEB44313,ERS6256693,Ancient Metagenome - Host-associated,Homo sapiens,oral,,,,
Ottoni2021,2021,10.1073/pnas.2102116118,Padina,44.6,22.0,Serbia,,,,PAD18B,9700,10.1073/pnas.2102116118,,dental calculus,,ENA,PRJEB44313,ERS6256711,Ancient Metagenome - Host-associated,Homo sapiens,oral,,,,
Ottoni2021,2021,10.1073/pnas.2102116118,Padina,44.6,22.0,Serbia,,,,PAD20,7500,10.1073/pnas.2102116118,,dental calculus,,ENA,PRJEB44313,ERS6256694,Ancient Metagenome - Host-associated,Homo sapiens,oral,,,,
Ottoni2021,2021,10.1073/pnas.2102116118,Padina,44.6,22.0,Serbia,,,,PAD25,7500,10.1073/pnas.2102116118,,dental calculus,,ENA,PRJEB44313,ERS6256695,Ancient Metagenome - Host-associated,Homo sapiens,oral,,,,
Ottoni2021,2021,10.1073/pnas.2102116118,Padina,44.6,22.0,Serbia,,,,PAD26,7500,10.1073/pnas.2102116118,,dental calculus,,ENA,PRJEB44313,ERS6256696,Ancient Metagenome - Host-associated,Homo sapiens,oral,,,,
Ottoni2021,2021,10.1073/pnas.2102116118,Padina,44.6,22.0,Serbia,,,,PAD30,8800,10.1073/pnas.2102116118,,dental calculus,,ENA,PRJEB44313,ERS6256697,Ancient Metagenome - Host-associated,Homo sapiens,oral,,,,
Ottoni2021,2021,10.1073/pnas.2102116118,Padina,44.6,22.0,Serbia,,,,PAD9,9900,10.1073/pnas.2102116118,,dental calculus,,ENA,PRJEB44313,ERS6256691,Ancient Metagenome - Host-associated,Homo sapiens,oral,,,,
Ottoni2021,2021,10.1073/pnas.2102116118,Schela Cladovi,44.62,22.61,Romania,,,,SC13,7400,10.1073/pnas.2102116118,,dental calculus,,ENA,PRJEB44313,ERS6256713,Ancient Metagenome - Host-associated,Homo sapiens,oral,,,,
Ottoni2021,2021,10.1073/pnas.2102116118,Schela Cladovi,44.62,22.61,Romania,,,,SC2,7400,10.1073/pnas.2102116118,,dental calculus,,ENA,PRJEB44313,ERS6256712,Ancient Metagenome - Host-associated,Homo sapiens,oral,,,,
Ottoni2021,2021,10.1073/pnas.2102116118,Vlakno,44.0,15.05,Croatia,,,,VK1,9500,10.1073/pnas.2102116118,,dental calculus,,ENA,PRJEB44313,ERS6256707,Ancient Metagenome - Host-associated,Homo sapiens,oral,,,,
Ottoni2021,2021,10.1073/pnas.2102116118,Vlasac,44.53,22.05,Serbia,,,,VL43,7600,10.1073/pnas.2102116118,,dental calculus,,ENA,PRJEB44313,ERS6256701,Ancient Metagenome - Host-associated,Homo sapiens,oral,,,,
Ottoni2021,2021,10.1073/pnas.2102116118,Vlasac,44.53,22.05,Serbia,,,,VL44,7600,10.1073/pnas.2102116118,,dental calculus,,ENA,PRJEB44313,ERS6256698,Ancient Metagenome - Host-associated,Homo sapiens,oral,,,,
Ottoni2021,2021,10.1073/pnas.2102116118,Vlasac,44.53,22.05,Serbia,,,,VL45,8100,10.1073/pnas.2102116118,,dental calculus,,ENA,PRJEB44313,ERS6256702,Ancient Metagenome - Host-associated,Homo sapiens,oral,,,,
Ottoni2021,2021,10.1073/pnas.2102116118,Vlasac,44.53,22.05,Serbia,,,,VL48,7600,10.1073/pnas.2102116118,,dental calculus,,ENA,PRJEB44313,ERS6256703,Ancient Metagenome - Host-associated,Homo sapiens,oral,,,,
Ottoni2021,2021,10.1073/pnas.2102116118,Vlasac,44.53,22.05,Serbia,,,,VL70,7600,10.1073/pnas.2102116118,,dental calculus,,ENA,PRJEB44313,ERS6256704,Ancient Metagenome - Host-associated,Homo sapiens,oral,,,,
Brealey2021,2021,10.1016/j.cub.2021.08.010,Östbodarna,62.731,15.319,Sweden,,,,Ua011,100,10.1016/j.cub.2021.08.010,,dental calculus,,ENA,PRJEB42014,ERS6955104,Ancient Metagenome - Host-associated,Ursus arctos,oral,,,,
Brealey2021,2021,10.1016/j.cub.2021.08.010,Avaträsk,64.339,16.283,Sweden,,,,Ua012,100,10.1016/j.cub.2021.08.010,,dental calculus,,ENA,PRJEB42014,ERS6955105,Ancient Metagenome - Host-associated,Ursus arctos,oral,,,,
Brealey2021,2021,10.1016/j.cub.2021.08.010,Espnäset - Skalsberget,,,Sweden,,,,Ua020,100,10.1016/j.cub.2021.08.010,,dental calculus,,ENA,PRJEB42014,ERS6955161,Ancient Metagenome - Host-associated,Ursus arctos,oral,,,,
Brealey2021,2021,10.1016/j.cub.2021.08.010,"Gäddede, Gussvattnet",64.447,14.316551,Sweden,,,,Ua021,100,10.1016/j.cub.2021.08.010,,dental calculus,,ENA,PRJEB42014,ERS6955106,Ancient Metagenome - Host-associated,Ursus arctos,oral,,,,
Brealey2021,2021,10.1016/j.cub.2021.08.010,Arjeplog,67.0,21.0,Sweden,,,,Ua022,100,10.1016/j.cub.2021.08.010,,dental calculus,,ENA,PRJEB42014,ERS6955107,Ancient Metagenome - Host-associated,Ursus arctos,oral,,,,
Brealey2021,2021,10.1016/j.cub.2021.08.010,Stensele,65.066,17.156,Sweden,,,,Ua023,100,10.1016/j.cub.2021.08.010,,dental calculus,,ENA,PRJEB42014,ERS6955108,Ancient Metagenome - Host-associated,Ursus arctos,oral,,,,
Brealey2021,2021,10.1016/j.cub.2021.08.010,Dalarna,60.6,14.5,Sweden,,,,Ua024,100,10.1016/j.cub.2021.08.010,,dental calculus,,ENA,PRJEB42014,ERS6955109,Ancient Metagenome - Host-associated,Ursus arctos,oral,,,,
Brealey2021,2021,10.1016/j.cub.2021.08.010,Navarnäsberget,,,Sweden,,,,Ua026,100,10.1016/j.cub.2021.08.010,,dental calculus,,ENA,PRJEB42014,ERS6955162,Ancient Metagenome - Host-associated,Ursus arctos,oral,,,,
Brealey2021,2021,10.1016/j.cub.2021.08.010,"Jekelberget (Lekelvare), South of",,,Sweden,,,,Ua028,100,10.1016/j.cub.2021.08.010,,dental calculus,,ENA,PRJEB42014,ERS6955163,Ancient Metagenome - Host-associated,Ursus arctos,oral,,,,
Brealey2021,2021,10.1016/j.cub.2021.08.010,Stora Sjöfallet,,,Sweden,,,,Ua029,100,10.1016/j.cub.2021.08.010,,dental calculus,,ENA,PRJEB42014,ERS6955164,Ancient Metagenome - Host-associated,Ursus arctos,oral,,,,
Brealey2021,2021,10.1016/j.cub.2021.08.010,Röström,,,Sweden,,,,Ua032,100,10.1016/j.cub.2021.08.010,,dental calculus,,ENA,PRJEB42014,ERS6955165,Ancient Metagenome - Host-associated,Ursus arctos,oral,,,,
Brealey2021,2021,10.1016/j.cub.2021.08.010,Dalarna,,,Sweden,,,,Ua033,100,10.1016/j.cub.2021.08.010,,dental calculus,,ENA,PRJEB42014,ERS6955166,Ancient Metagenome - Host-associated,Ursus arctos,oral,,,,
Brealey2021,2021,10.1016/j.cub.2021.08.010,Förikalven,62.075,13.818,Sweden,,,,Ua034,100,10.1016/j.cub.2021.08.010,,dental calculus,,ENA,PRJEB42014,ERS6955110,Ancient Metagenome - Host-associated,Ursus arctos,oral,,,,
Brealey2021,2021,10.1016/j.cub.2021.08.010,"Storejen, 5km E",,,Sweden,,,,Ua035,100,10.1016/j.cub.2021.08.010,,dental calculus,,ENA,PRJEB42014,ERS6955167,Ancient Metagenome - Host-associated,Ursus arctos,oral,,,,
Brealey2021,2021,10.1016/j.cub.2021.08.010,Hede,62.418,13.511,Sweden,,,,Ua036,100,10.1016/j.cub.2021.08.010,,dental calculus,,ENA,PRJEB42014,ERS6955111,Ancient Metagenome - Host-associated,Ursus arctos,oral,,,,
Brealey2021,2021,10.1016/j.cub.2021.08.010,Stortjärnhållan,,,Sweden,,,,Ua037,100,10.1016/j.cub.2021.08.010,,dental calculus,,ENA,PRJEB42014,ERS6955168,Ancient Metagenome - Host-associated,Ursus arctos,oral,,,,
Brealey2021,2021,10.1016/j.cub.2021.08.010,Lule Lappmark,67.0,21.5,Sweden,,,,Ua038,100,10.1016/j.cub.2021.08.010,,dental calculus,,ENA,PRJEB42014,ERS6955112,Ancient Metagenome - Host-associated,Ursus arctos,oral,,,,
Brealey2021,2021,10.1016/j.cub.2021.08.010,Rautojaure,67.416,20.015,Sweden,,,,Ua040,100,10.1016/j.cub.2021.08.010,,dental calculus,,ENA,PRJEB42014,ERS6955113,Ancient Metagenome - Host-associated,Ursus arctos,oral,,,,
Brealey2021,2021,10.1016/j.cub.2021.08.010,Röström,,,Sweden,,,,Ua042,100,10.1016/j.cub.2021.08.010,,dental calculus,,ENA,PRJEB42014,ERS6955169,Ancient Metagenome - Host-associated,Ursus arctos,oral,,,,
Brealey2021,2021,10.1016/j.cub.2021.08.010,"Linsäll 30 km NW,Lillhärdal",62.161,13.883,Sweden,,,,Ua043,100,10.1016/j.cub.2021.08.010,,dental calculus,,ENA,PRJEB42014,ERS6955114,Ancient Metagenome - Host-associated,Ursus arctos,oral,,,,
Brealey2021,2021,10.1016/j.cub.2021.08.010,Lampisenpää,66.594,23.861,Sweden,,,,Ua044,100,10.1016/j.cub.2021.08.010,,dental calculus,,ENA,PRJEB42014,ERS6955115,Ancient Metagenome - Host-associated,Ursus arctos,oral,,,,
Brealey2021,2021,10.1016/j.cub.2021.08.010,Lövviksberget,64.115,16.203,Sweden,,,,Ua045,100,10.1016/j.cub.2021.08.010,,dental calculus,,ENA,PRJEB42014,ERS6955116,Ancient Metagenome - Host-associated,Ursus arctos,oral,,,,
Brealey2021,2021,10.1016/j.cub.2021.08.010,Murjek,66.482,20.881,Sweden,,,,Ua046,100,10.1016/j.cub.2021.08.010,,dental calculus,,ENA,PRJEB42014,ERS6955117,Ancient Metagenome - Host-associated,Ursus arctos,oral,,,,
Brealey2021,2021,10.1016/j.cub.2021.08.010,Norra Skärvången,63.812,14.381,Sweden,,,,Ua049,100,10.1016/j.cub.2021.08.010,,dental calculus,,ENA,PRJEB42014,ERS6955118,Ancient Metagenome - Host-associated,Ursus arctos,oral,,,,
Brealey2021,2021,10.1016/j.cub.2021.08.010,Svenstavik,62.767,14.436,Sweden,,,,Ua050,100,10.1016/j.cub.2021.08.010,,dental calculus,,ENA,PRJEB42014,ERS6955119,Ancient Metagenome - Host-associated,Ursus arctos,oral,,,,
Brealey2021,2021,10.1016/j.cub.2021.08.010,Dalarna,60.6,15.0,Sweden,,,,Ua052,100,10.1016/j.cub.2021.08.010,,dental calculus,,ENA,PRJEB42014,ERS6955120,Ancient Metagenome - Host-associated,Ursus arctos,oral,,,,
Brealey2021,2021,10.1016/j.cub.2021.08.010,Harrsjön,,,Sweden,,,,Ua053,100,10.1016/j.cub.2021.08.010,,dental calculus,,ENA,PRJEB42014,ERS6955170,Ancient Metagenome - Host-associated,Ursus arctos,oral,,,,
Brealey2021,2021,10.1016/j.cub.2021.08.010,Tjäderbrännan,,,Sweden,,,,Ua054,100,10.1016/j.cub.2021.08.010,,dental calculus,,ENA,PRJEB42014,ERS6955171,Ancient Metagenome - Host-associated,Ursus arctos,oral,,,,
Brealey2021,2021,10.1016/j.cub.2021.08.010,Gravberget,,,Sweden,,,,Ua055,100,10.1016/j.cub.2021.08.010,,dental calculus,,ENA,PRJEB42014,ERS6955172,Ancient Metagenome - Host-associated,Ursus arctos,oral,,,,
Brealey2021,2021,10.1016/j.cub.2021.08.010,"Lillhärdal, Olingskog, 15km W",61.676,14.006,Sweden,,,,Ua057,100,10.1016/j.cub.2021.08.010,,dental calculus,,ENA,PRJEB42014,ERS6955121,Ancient Metagenome - Host-associated,Ursus arctos,oral,,,,
Brealey2021,2021,10.1016/j.cub.2021.08.010,Lule Lappmark,67.0,22.0,Sweden,,,,Ua060,100,10.1016/j.cub.2021.08.010,,dental calculus,,ENA,PRJEB42014,ERS6955122,Ancient Metagenome - Host-associated,Ursus arctos,oral,,,,
Brealey2021,2021,10.1016/j.cub.2021.08.010,Lövviksberget,,,Sweden,,,,Ua061,100,10.1016/j.cub.2021.08.010,,dental calculus,,ENA,PRJEB42014,ERS6955173,Ancient Metagenome - Host-associated,Ursus arctos,oral,,,,
Brealey2021,2021,10.1016/j.cub.2021.08.010,"Kåbdalis, 5 km South of",66.153,19.998,Sweden,,,,Ua062,100,10.1016/j.cub.2021.08.010,,dental calculus,,ENA,PRJEB42014,ERS6955123,Ancient Metagenome - Host-associated,Ursus arctos,oral,,,,
Brealey2021,2021,10.1016/j.cub.2021.08.010,"Pajala,60 km N,Parkajoki",,,Sweden,,,,Ua063,100,10.1016/j.cub.2021.08.010,,dental calculus,,ENA,PRJEB42014,ERS6955174,Ancient Metagenome - Host-associated,Ursus arctos,oral,,,,
Brealey2021,2021,10.1016/j.cub.2021.08.010,"Risede, 3 km NW (Klumpdalen)",64.396,15.134,Sweden,,,,Ua064,100,10.1016/j.cub.2021.08.010,,dental calculus,,ENA,PRJEB42014,ERS6955124,Ancient Metagenome - Host-associated,Ursus arctos,oral,,,,
Brealey2021,2021,10.1016/j.cub.2021.08.010,Bursjöberget,,,Sweden,,,,Ua065,100,10.1016/j.cub.2021.08.010,,dental calculus,,ENA,PRJEB42014,ERS6955175,Ancient Metagenome - Host-associated,Ursus arctos,oral,,,,
Brealey2021,2021,10.1016/j.cub.2021.08.010,Jokkmokk,,,Sweden,,,,Ua066,100,10.1016/j.cub.2021.08.010,,dental calculus,,ENA,PRJEB42014,ERS6955160,Ancient Metagenome - Host-associated,Ursus arctos,oral,,,,
Brealey2021,2021,10.1016/j.cub.2021.08.010,Stortjärnhållan,61.598,12.911,Sweden,,,,Ua067,100,10.1016/j.cub.2021.08.010,,dental calculus,,ENA,PRJEB42014,ERS6955125,Ancient Metagenome - Host-associated,Ursus arctos,oral,,,,
Brealey2021,2021,10.1016/j.cub.2021.08.010,Nordanstig,62.056,16.883,Sweden,,,,Ua068,100,10.1016/j.cub.2021.08.010,,dental calculus,,ENA,PRJEB42014,ERS6955103,Ancient Metagenome - Host-associated,Ursus arctos,oral,,,,
Brealey2021,2021,10.1016/j.cub.2021.08.010,"Orsa finnmark, Råberg",61.528,14.492,Sweden,,,,Ua069,100,10.1016/j.cub.2021.08.010,,dental calculus,,ENA,PRJEB42014,ERS6955126,Ancient Metagenome - Host-associated,Ursus arctos,oral,,,,
Brealey2021,2021,10.1016/j.cub.2021.08.010,"Bössbo, 1.5 km W",,,Sweden,,,,Ua071,100,10.1016/j.cub.2021.08.010,,dental calculus,,ENA,PRJEB42014,ERS6955176,Ancient Metagenome - Host-associated,Ursus arctos,oral,,,,
Brealey2021,2021,10.1016/j.cub.2021.08.010,Remmen,62.0158,14.691,Sweden,,,,Ua072,100,10.1016/j.cub.2021.08.010,,dental calculus,,ENA,PRJEB42014,ERS6955127,Ancient Metagenome - Host-associated,Ursus arctos,oral,,,,
Brealey2021,2021,10.1016/j.cub.2021.08.010,Dalarna,60.6,15.5,Sweden,,,,Ua073,100,10.1016/j.cub.2021.08.010,,dental calculus,,ENA,PRJEB42014,ERS6955128,Ancient Metagenome - Host-associated,Ursus arctos,oral,,,,
Brealey2021,2021,10.1016/j.cub.2021.08.010,Rannsundsvålen,62.298,13.126,Sweden,,,,Ua074,100,10.1016/j.cub.2021.08.010,,dental calculus,,ENA,PRJEB42014,ERS6955129,Ancient Metagenome - Host-associated,Ursus arctos,oral,,,,
Brealey2021,2021,10.1016/j.cub.2021.08.010,Harrsjön,,,Sweden,,,,Ua075,100,10.1016/j.cub.2021.08.010,,dental calculus,,ENA,PRJEB42014,ERS6955177,Ancient Metagenome - Host-associated,Ursus arctos,oral,,,,
Brealey2021,2021,10.1016/j.cub.2021.08.010,Stor-Gillersåsen,61.709,14.019,Sweden,,,,Ua077,100,10.1016/j.cub.2021.08.010,,dental calculus,,ENA,PRJEB42014,ERS6955130,Ancient Metagenome - Host-associated,Ursus arctos,oral,,,,
Brealey2021,2021,10.1016/j.cub.2021.08.010,Fjäsko fäbod,61.355,14.351,Sweden,,,,Ua079,100,10.1016/j.cub.2021.08.010,,dental calculus,,ENA,PRJEB42014,ERS6955131,Ancient Metagenome - Host-associated,Ursus arctos,oral,,,,
Brealey2021,2021,10.1016/j.cub.2021.08.010,"Vilhelmina, Vilhelmina (s:n)",,,Sweden,,,,Ua082,100,10.1016/j.cub.2021.08.010,,dental calculus,,ENA,PRJEB42014,ERS6955178,Ancient Metagenome - Host-associated,Ursus arctos,oral,,,,
Brealey2021,2021,10.1016/j.cub.2021.08.010,"Rättvik, Boda-Bingsjö",61.024,15.638,Sweden,,,,Ua083,100,10.1016/j.cub.2021.08.010,,dental calculus,,ENA,PRJEB42014,ERS6955132,Ancient Metagenome - Host-associated,Ursus arctos,oral,,,,
Brealey2021,2021,10.1016/j.cub.2021.08.010,Teune,67.033,18.974,Sweden,,,,Ua084,100,10.1016/j.cub.2021.08.010,,dental calculus,,ENA,PRJEB42014,ERS6955133,Ancient Metagenome - Host-associated,Ursus arctos,oral,,,,
Brealey2021,2021,10.1016/j.cub.2021.08.010,Oresjön,61.66,14.512,Sweden,,,,Ua088,100,10.1016/j.cub.2021.08.010,,dental calculus,,ENA,PRJEB42014,ERS6955134,Ancient Metagenome - Host-associated,Ursus arctos,oral,,,,
Brealey2021,2021,10.1016/j.cub.2021.08.010,"Hoting, 5 km W, v343",64.113,16.195,Sweden,,,,Ua089,100,10.1016/j.cub.2021.08.010,,dental calculus,,ENA,PRJEB42014,ERS6955135,Ancient Metagenome - Host-associated,Ursus arctos,oral,,,,
Brealey2021,2021,10.1016/j.cub.2021.08.010,"Granberget, Pärlmyrflon",64.31,15.901,Sweden,,,,Ua090,100,10.1016/j.cub.2021.08.010,,dental calculus,,ENA,PRJEB42014,ERS6955136,Ancient Metagenome - Host-associated,Ursus arctos,oral,,,,
Brealey2021,2021,10.1016/j.cub.2021.08.010,Hykjeberget,61.268,14.196,Sweden,,,,Ua091,100,10.1016/j.cub.2021.08.010,,dental calculus,,ENA,PRJEB42014,ERS6955137,Ancient Metagenome - Host-associated,Ursus arctos,oral,,,,
Brealey2021,2021,10.1016/j.cub.2021.08.010,Mora socken,61.007,14.541,Sweden,,,,Ua095,100,10.1016/j.cub.2021.08.010,,dental calculus,,ENA,PRJEB42014,ERS6955138,Ancient Metagenome - Host-associated,Ursus arctos,oral,,,,
Brealey2021,2021,10.1016/j.cub.2021.08.010,Klövsjö,62.528,14.194,Sweden,,,,Ua096,100,10.1016/j.cub.2021.08.010,,dental calculus,,ENA,PRJEB42014,ERS6955139,Ancient Metagenome - Host-associated,Ursus arctos,oral,,,,
Brealey2021,2021,10.1016/j.cub.2021.08.010,"Linsell-Hede,Sånfjället",62.259,13.361,Sweden,,,,Ua097,100,10.1016/j.cub.2021.08.010,,dental calculus,,ENA,PRJEB42014,ERS6955140,Ancient Metagenome - Host-associated,Ursus arctos,oral,,,,
Brealey2021,2021,10.1016/j.cub.2021.08.010,Floj,61.27,13.413,Sweden,,,,Ua098,100,10.1016/j.cub.2021.08.010,,dental calculus,,ENA,PRJEB42014,ERS6955141,Ancient Metagenome - Host-associated,Ursus arctos,oral,,,,
Brealey2021,2021,10.1016/j.cub.2021.08.010,Lövviksberget,,,Sweden,,,,Ua100,100,10.1016/j.cub.2021.08.010,,dental calculus,,ENA,PRJEB42014,ERS6955179,Ancient Metagenome - Host-associated,Ursus arctos,oral,,,,
Brealey2021,2021,10.1016/j.cub.2021.08.010,"Noppikoski, Kvarnberget",,,Sweden,,,,Ua101,100,10.1016/j.cub.2021.08.010,,dental calculus,,ENA,PRJEB42014,ERS6955180,Ancient Metagenome - Host-associated,Ursus arctos,oral,,,,
Brealey2021,2021,10.1016/j.cub.2021.08.010,"Kangos, Hukanmaa",67.579,22.755,Sweden,,,,Ua104,100,10.1016/j.cub.2021.08.010,,dental calculus,,ENA,PRJEB42014,ERS6955142,Ancient Metagenome - Host-associated,Ursus arctos,oral,,,,
Brealey2021,2021,10.1016/j.cub.2021.08.010,"Ljusdal. Hennan-Ramsjö, jvg",62.022,15.896,Sweden,,,,Ua105,100,10.1016/j.cub.2021.08.010,,dental calculus,,ENA,PRJEB42014,ERS6955143,Ancient Metagenome - Host-associated,Ursus arctos,oral,,,,
Brealey2021,2021,10.1016/j.cub.2021.08.010,"Gällivare, Lina älv",67.272,20.216,Sweden,,,,Ua106,100,10.1016/j.cub.2021.08.010,,dental calculus,,ENA,PRJEB42014,ERS6955144,Ancient Metagenome - Host-associated,Ursus arctos,oral,,,,
Brealey2021,2021,10.1016/j.cub.2021.08.010,"Gimo, Malsättra",60.088,18.386,Sweden,,,,Ua107,100,10.1016/j.cub.2021.08.010,,dental calculus,,ENA,PRJEB42014,ERS6955145,Ancient Metagenome - Host-associated,Ursus arctos,oral,,,,
Brealey2021,2021,10.1016/j.cub.2021.08.010,Lule Lappmark,67.0,22.5,Sweden,,,,Ua108,100,10.1016/j.cub.2021.08.010,,dental calculus,,ENA,PRJEB42014,ERS6955146,Ancient Metagenome - Host-associated,Ursus arctos,oral,,,,
Brealey2021,2021,10.1016/j.cub.2021.08.010,"Älvsbyn, Laduberg",65.715,21.094,Sweden,,,,Ua112,100,10.1016/j.cub.2021.08.010,,dental calculus,,ENA,PRJEB42014,ERS6955147,Ancient Metagenome - Host-associated,Ursus arctos,oral,,,,
Brealey2021,2021,10.1016/j.cub.2021.08.010,Dalstuga,61.025,15.636,Sweden,,,,Ua117,100,10.1016/j.cub.2021.08.010,,dental calculus,,ENA,PRJEB42014,ERS6955148,Ancient Metagenome - Host-associated,Ursus arctos,oral,,,,
Brealey2021,2021,10.1016/j.cub.2021.08.010,Tandsjöborg,61.706,14.718,Sweden,,,,Ua119,100,10.1016/j.cub.2021.08.010,,dental calculus,,ENA,PRJEB42014,ERS6955149,Ancient Metagenome - Host-associated,Ursus arctos,oral,,,,
Brealey2021,2021,10.1016/j.cub.2021.08.010,"Bollnäs, Sörbo, Båtböle",61.312,16.232,Sweden,,,,Ua121,100,10.1016/j.cub.2021.08.010,,dental calculus,,ENA,PRJEB42014,ERS6955150,Ancient Metagenome - Host-associated,Ursus arctos,oral,,,,
Brealey2021,2021,10.1016/j.cub.2021.08.010,"Lillhärdal, Lövhögen",61.901,13.378,Sweden,,,,Ua125,100,10.1016/j.cub.2021.08.010,,dental calculus,,ENA,PRJEB42014,ERS6955151,Ancient Metagenome - Host-associated,Ursus arctos,oral,,,,
Brealey2021,2021,10.1016/j.cub.2021.08.010,"Marsliden, Marsfjället, Offerskalet",65.154,15.513,Sweden,,,,Ua127,100,10.1016/j.cub.2021.08.010,,dental calculus,,ENA,PRJEB42014,ERS6955152,Ancient Metagenome - Host-associated,Ursus arctos,oral,,,,
Brealey2021,2021,10.1016/j.cub.2021.08.010,"Luttun, Luttunjaure",66.346,18.569,Sweden,,,,Ua128,100,10.1016/j.cub.2021.08.010,,dental calculus,,ENA,PRJEB42014,ERS6955153,Ancient Metagenome - Host-associated,Ursus arctos,oral,,,,
Brealey2021,2021,10.1016/j.cub.2021.08.010,"Sveg, Tandsjöborg",61.692,14.569,Sweden,,,,Ua129,100,10.1016/j.cub.2021.08.010,,dental calculus,,ENA,PRJEB42014,ERS6955154,Ancient Metagenome - Host-associated,Ursus arctos,oral,,,,
Brealey2021,2021,10.1016/j.cub.2021.08.010,Espnäset - Skalsberget,64.05,15.474,Sweden,,,,Ua130,100,10.1016/j.cub.2021.08.010,,dental calculus,,ENA,PRJEB42014,ERS6955155,Ancient Metagenome - Host-associated,Ursus arctos,oral,,,,
Brealey2021,2021,10.1016/j.cub.2021.08.010,Förikalven,62.075,13.818,Sweden,,,,Ua131,100,10.1016/j.cub.2021.08.010,,dental calculus,,ENA,PRJEB42014,ERS6955156,Ancient Metagenome - Host-associated,Ursus arctos,oral,,,,
Brealey2021,2021,10.1016/j.cub.2021.08.010,"Särna, Nordomsjön",61.724,13.12,Sweden,,,,Ua133,100,10.1016/j.cub.2021.08.010,,dental calculus,,ENA,PRJEB42014,ERS6955157,Ancient Metagenome - Host-associated,Ursus arctos,oral,,,,
Brealey2021,2021,10.1016/j.cub.2021.08.010,"Bredbyn,Hädanberg, Hemsjö, 3km NV",63.585,18.016,Sweden,,,,Ua134,100,10.1016/j.cub.2021.08.010,,dental calculus,,ENA,PRJEB42014,ERS6955158,Ancient Metagenome - Host-associated,Ursus arctos,oral,,,,
Brealey2021,2021,10.1016/j.cub.2021.08.010,"Bollnäs, Svartbo",,,Sweden,,,,Ua135,100,10.1016/j.cub.2021.08.010,,dental calculus,,ENA,PRJEB42014,ERS6955181,Ancient Metagenome - Host-associated,Ursus arctos,oral,,,,
Brealey2021,2021,10.1016/j.cub.2021.08.010,"Säitevare, Svertik",66.528,18.071,Sweden,,,,Ua136,100,10.1016/j.cub.2021.08.010,,dental calculus,,ENA,PRJEB42014,ERS6955159,Ancient Metagenome - Host-associated,Ursus arctos,oral,,,,
Granehall2021,2021,10.1186/s40168-021-01132-8,"Adige valley (Trentino), La Vela",46.13,11.09,Italy,,,,2081,6800,10.1016/j.quaint.2013.07.052,,dental calculus,,ENA,PRJEB43389,ERS6205384,Ancient Metagenome - Host-associated,Homo sapiens,oral,,,,
Granehall2021,2021,10.1186/s40168-021-01132-8,"Adige valley (Trentino), Solteri",46.09,11.12,Italy,,,,2082,4800,10.1016/j.quaint.2013.07.052,,dental calculus,,ENA,PRJEB43389,ERS6205385,Ancient Metagenome - Host-associated,Homo sapiens,oral,,,,
Granehall2021,2021,10.1186/s40168-021-01132-8,"Adige valley (Trentino), Solteri",46.09,11.12,Italy,,,,2083,4800,10.1016/j.quaint.2013.07.052,,dental calculus,,ENA,PRJEB43389,ERS6205386,Ancient Metagenome - Host-associated,Homo sapiens,oral,,,,
Granehall2021,2021,10.1186/s40168-021-01132-8,"Adige valley (Trentino), Solteri",46.09,11.12,Italy,,,,2084,4800,10.1016/j.quaint.2013.07.052,,dental calculus,,ENA,PRJEB43389,ERS6205387,Ancient Metagenome - Host-associated,Homo sapiens,oral,,,,
Granehall2021,2021,10.1186/s40168-021-01132-8,"Adige valley (Trentino), Romagnano Loc. III",46.0,11.09,Italy,,,,2086,3900,10.1016/j.quaint.2013.07.052,,dental calculus,,ENA,PRJEB43389,ERS6205388,Ancient Metagenome - Host-associated,Homo sapiens,oral,,,,
Granehall2021,2021,10.1186/s40168-021-01132-8,"Adige valley (Trentino), Romagnano Loc. III",46.0,11.09,Italy,,,,2087,3900,10.1016/j.quaint.2013.07.052,,dental calculus,,ENA,PRJEB43389,ERS6205389,Ancient Metagenome - Host-associated,Homo sapiens,oral,,,,
Granehall2021,2021,10.1186/s40168-021-01132-8,"Adige valley (Trentino), Appiano San Paolo Castelvecchio/Eppan St. Paul Altenburg",46.471,11.267,Italy,,,,2089,1300,10.1016/j.quaint.2013.07.052,,dental calculus,,ENA,PRJEB43389,ERS6205390,Ancient Metagenome - Host-associated,Homo sapiens,oral,,,,
Granehall2021,2021,10.1186/s40168-021-01132-8,"Adige valley (Trentino), Montagna Pinzano/Montan Pinzon",46.32,11.29,Italy,,,,2090,1300,10.1016/j.quaint.2013.07.052,,dental calculus,,ENA,PRJEB43389,ERS6205391,Ancient Metagenome - Host-associated,Homo sapiens,oral,,,,
Granehall2021,2021,10.1186/s40168-021-01132-8,"Adige valley (Trentino), Terlano/Terlan",46.53,11.26,Italy,,,,2091,1300,10.1016/j.quaint.2013.07.052,,dental calculus,,ENA,PRJEB43389,ERS6205392,Ancient Metagenome - Host-associated,Homo sapiens,oral,,,,
Granehall2021,2021,10.1186/s40168-021-01132-8,"Merano basin, Nalles Gebreid/Nals Gebreid",46.45,11.21,Italy,,,,2092,1300,10.1016/j.quaint.2013.07.052,,dental calculus,,ENA,PRJEB43389,ERS6205393,Ancient Metagenome - Host-associated,Homo sapiens,oral,,,,
Granehall2021,2021,10.1186/s40168-021-01132-8,"Merano basin, Castel Tirolo/Schloss Tirol",46.694,11.144,Italy,,,,2093,1300,10.1016/j.quaint.2013.07.052,,dental calculus,,ENA,PRJEB43389,ERS6205394,Ancient Metagenome - Host-associated,Homo sapiens,oral,,,,
Granehall2021,2021,10.1186/s40168-021-01132-8,"Merano basin, Castel Tirolo/Schloss Tirol",46.69,11.14,Italy,,,,2094,1300,10.1016/j.quaint.2013.07.052,,dental calculus,,ENA,PRJEB43389,ERS6205395,Ancient Metagenome - Host-associated,Homo sapiens,oral,,,,
Granehall2021,2021,10.1186/s40168-021-01132-8,"Merano basin, Castel Tirolo/Schloss Tirol",46.69,11.14,Italy,,,,2095,1300,10.1016/j.quaint.2013.07.052,,dental calculus,,ENA,PRJEB43389,ERS6205396,Ancient Metagenome - Host-associated,Homo sapiens,oral,,,,
Granehall2021,2021,10.1186/s40168-021-01132-8,"Venosta valley, Tanas",46.64,10.67,Italy,,,,2096,1300,10.1016/j.quaint.2013.07.052,,dental calculus,,ENA,PRJEB43389,ERS6205397,Ancient Metagenome - Host-associated,Homo sapiens,oral,,,,
Granehall2021,2021,10.1186/s40168-021-01132-8,"Venosta valley, Malles Burgusio Santo Stefano/Mals St.Stefan ob Burgeis",46.7,10.52,Italy,,,,2097,1300,10.1016/j.quaint.2013.07.052,,dental calculus,,ENA,PRJEB43389,ERS6205398,Ancient Metagenome - Host-associated,Homo sapiens,oral,,,,
Granehall2021,2021,10.1186/s40168-021-01132-8,"Venosta valley, Malles Burgusio Santo Stefano/Mals St.Stefan ob Burgeis",46.7,10.52,Italy,,,,2099,1300,10.1016/j.quaint.2013.07.052,,dental calculus,,ENA,PRJEB43389,ERS6205399,Ancient Metagenome - Host-associated,Homo sapiens,oral,,,,
Granehall2021,2021,10.1186/s40168-021-01132-8,"Venosta valley, Malles Burgusio Santo Stefano/Mals St.Stefan ob Burgeis",46.7,10.52,Italy,,,,2100,1300,10.1016/j.quaint.2013.07.052,,dental calculus,,ENA,PRJEB43389,ERS6205400,Ancient Metagenome - Host-associated,Homo sapiens,oral,,,,
Granehall2021,2021,10.1186/s40168-021-01132-8,"Isarco valley, Bressanone Elvas necropoli 17/Brixen Elvas",46.73,11.67,Italy,,,,2102,1300,10.1016/j.quaint.2013.07.052,,dental calculus,,ENA,PRJEB43389,ERS6205401,Ancient Metagenome - Host-associated,Homo sapiens,oral,,,,
Granehall2021,2021,10.1186/s40168-021-01132-8,"Isarco valley, Bressanone Elvas necropoli 17/Brixen Elvas",46.73,11.67,Italy,,,,2103,1300,10.1016/j.quaint.2013.07.052,,dental calculus,,ENA,PRJEB43389,ERS6205402,Ancient Metagenome - Host-associated,Homo sapiens,oral,,,,
Granehall2021,2021,10.1186/s40168-021-01132-8,"Isarco valley, Bressanone Elvas necropoli 17/Brixen Elvas",46.73,11.67,Italy,,,,2104,1300,10.1016/j.quaint.2013.07.052,,dental calculus,,ENA,PRJEB43389,ERS6205403,Ancient Metagenome - Host-associated,Homo sapiens,oral,,,,
Kazarina2021b,2021,10.1016/j.jasrep.2021.103213,"St. Gertrude’s Church, Riga",56.958,24.121,Latvia,,,,T2,400,10.1016/j.jasrep.2021.103213,,tooth,,ENA,PRJEB47251,"ERS7283094,ERS7283095",Ancient Metagenome - Host-associated,Homo sapiens,oral,,,,
Kazarina2021b,2021,10.1016/j.jasrep.2021.103213,"St. Gertrude’s Church, Riga",56.958,24.121,Latvia,,,,T3,400,10.1016/j.jasrep.2021.103213,,tooth,,ENA,PRJEB47251,"ERS7283096,ERS7283097",Ancient Metagenome - Host-associated,Homo sapiens,oral,,,,
Kazarina2021b,2021,10.1016/j.jasrep.2021.103213,"St. Gertrude’s Church, Riga",56.958,24.121,Latvia,,,,T9,400,10.1016/j.jasrep.2021.103213,,tooth,,ENA,PRJEB47251,"ERS7283098,ERS7283099",Ancient Metagenome - Host-associated,Homo sapiens,oral,,,,
Kazarina2021b,2021,10.1016/j.jasrep.2021.103213,"Dom Square, Riga",56.949,24.104,Latvia,,,,TZA3,400,10.1016/j.jasrep.2021.103213,,tooth,,ENA,PRJEB47251,"ERS7283100,ERS7283101",Ancient Metagenome - Host-associated,Homo sapiens,oral,,,,
Kazarina2021b,2021,10.1016/j.jasrep.2021.103213,"St. Peter’s Church, Riga",56.947,24.109,Latvia,,,,TZA4,500,10.1016/j.jasrep.2021.103213,,tooth,,ENA,PRJEB47251,"ERS7283102,ERS7283103",Ancient Metagenome - Host-associated,Homo sapiens,oral,,,,
Modi2021,2021,10.1016/j.quaint.2021.12.003,Ponte San Pietro (Ischia di Castro),42.527,11.601,Italy,,,,PsP_6417,3400,10.1016/j.quaint.2021.12.003,,dental calculus,,SRA,PRJNA739881,SRS9263819,Ancient Metagenome - Host-associated,Homo sapiens,oral,,,,
Modi2021,2021,10.1016/j.quaint.2021.12.003,Ponte San Pietro (Ischia di Castro),42.527,11.601,Italy,,,,PsP_6416,3400,10.1016/j.quaint.2021.12.003,,dental calculus,,SRA,PRJNA739881,SRS9263820,Ancient Metagenome - Host-associated,Homo sapiens,oral,,,,
Modi2021,2021,10.1016/j.quaint.2021.12.003,Ponte San Pietro (Ischia di Castro),42.527,11.601,Italy,,,,PsP_6410,3400,10.1016/j.quaint.2021.12.003,,dental calculus,,SRA,PRJNA739881,SRS9263818,Ancient Metagenome - Host-associated,Homo sapiens,oral,,,,
Modi2021,2021,10.1016/j.quaint.2021.12.003,Ponte San Pietro (Ischia di Castro),42.527,11.601,Italy,,,,PsP_6408,3400,10.1016/j.quaint.2021.12.003,,dental calculus,,SRA,PRJNA739881,SRS9263822,Ancient Metagenome - Host-associated,Homo sapiens,oral,,,,
Modi2021,2021,10.1016/j.quaint.2021.12.003,Ponte San Pietro (Ischia di Castro),42.527,11.601,Italy,,,,PsP_6407,3400,10.1016/j.quaint.2021.12.003,,dental calculus,,SRA,PRJNA739881,SRS9263817,Ancient Metagenome - Host-associated,Homo sapiens,oral,,,,
Modi2021,2021,10.1016/j.quaint.2021.12.003,Ponte San Pietro (Ischia di Castro),42.527,11.601,Italy,,,,PsP_6405,3400,10.1016/j.quaint.2021.12.003,,dental calculus,,SRA,PRJNA739881,SRS9263816,Ancient Metagenome - Host-associated,Homo sapiens,oral,,,,
Scorrano2022,2022,10.1038/s42003-022-04190-2,San Teodoro Cave,38.049,14.591,Italy,,,,San Teodoro 3,14900,10.1038/s42003-022-04190-2,,dental calculus,,ENA,PRJEB55789,ERS13439323,Ancient Metagenome - Host-associated,Homo sapiens,oral,,,,
Scorrano2022,2022,10.1038/s42003-022-04190-2,San Teodoro Cave,38.049,14.591,Italy,,,,San Teodoro 5,14900,10.1038/s42003-022-04190-2,,dental calculus,,ENA,PRJEB55789,ERS13439324,Ancient Metagenome - Host-associated,Homo sapiens,oral,,,,
Fagernas2022,2022,10.1093/femsmc/xtac006,Camino del Molino,38.102,-1.865,Spain,,,,CDM041.G,4700,10.1093/femsmc/xtac006,,dental calculus,,ENA,PRJEB46022,ERS6636085,Ancient Metagenome - Host-associated,Homo sapiens,oral,,,,
Fagernas2022,2022,10.1093/femsmc/xtac006,Camino del Molino,38.102,-1.865,Spain,,,,CDM041.K,4700,10.1093/femsmc/xtac006,,dental calculus,,ENA,PRJEB46022,ERS6636086,Ancient Metagenome - Host-associated,Homo sapiens,oral,,,,
Fagernas2022,2022,10.1093/femsmc/xtac006,Camino del Molino,38.102,-1.865,Spain,,,,CDM041.U,4700,10.1093/femsmc/xtac006,,dental calculus,,ENA,PRJEB46022,ERS6636087,Ancient Metagenome - Host-associated,Homo sapiens,oral,,,,
Fagernas2022,2022,10.1093/femsmc/xtac006,Camino del Molino,38.102,-1.865,Spain,,,,CDM041.V,4700,10.1093/femsmc/xtac006,,dental calculus,,ENA,PRJEB46022,ERS6636088,Ancient Metagenome - Host-associated,Homo sapiens,oral,,,,
Fagernas2022,2022,10.1093/femsmc/xtac006,Camino del Molino,38.102,-1.865,Spain,,,,CDM041.Y,4700,10.1093/femsmc/xtac006,,dental calculus,,ENA,PRJEB46022,ERS6636089,Ancient Metagenome - Host-associated,Homo sapiens,oral,,,,
Fagernas2022,2022,10.1093/femsmc/xtac006,Camino del Molino,38.102,-1.865,Spain,,,,CDM042.C,4700,10.1093/femsmc/xtac006,,dental calculus,,ENA,PRJEB46022,ERS6636090,Ancient Metagenome - Host-associated,Homo sapiens,oral,,,,
Fagernas2022,2022,10.1093/femsmc/xtac006,Camino del Molino,38.102,-1.865,Spain,,,,CDM042.E,4700,10.1093/femsmc/xtac006,,dental calculus,,ENA,PRJEB46022,ERS6636091,Ancient Metagenome - Host-associated,Homo sapiens,oral,,,,
Fagernas2022,2022,10.1093/femsmc/xtac006,Camino del Molino,38.102,-1.865,Spain,,,,CDM042.G,4700,10.1093/femsmc/xtac006,,dental calculus,,ENA,PRJEB46022,ERS6636092,Ancient Metagenome - Host-associated,Homo sapiens,oral,,,,
Fagernas2022,2022,10.1093/femsmc/xtac006,Camino del Molino,38.102,-1.865,Spain,,,,CDM042.H,4700,10.1093/femsmc/xtac006,,dental calculus,,ENA,PRJEB46022,ERS6636093,Ancient Metagenome - Host-associated,Homo sapiens,oral,,,,
Fagernas2022,2022,10.1093/femsmc/xtac006,Camino del Molino,38.102,-1.865,Spain,,,,CDM042.M,4700,10.1093/femsmc/xtac006,,dental calculus,,ENA,PRJEB46022,ERS6636094,Ancient Metagenome - Host-associated,Homo sapiens,oral,,,,
Fagernas2022,2022,10.1093/femsmc/xtac006,Camino del Molino,38.102,-1.865,Spain,,,,CDM042.P,4700,10.1093/femsmc/xtac006,,dental calculus,,ENA,PRJEB46022,ERS6636095,Ancient Metagenome - Host-associated,Homo sapiens,oral,,,,
Fagernas2022,2022,10.1093/femsmc/xtac006,Camino del Molino,38.102,-1.865,Spain,,,,CDM042.Q,4700,10.1093/femsmc/xtac006,,dental calculus,,ENA,PRJEB46022,ERS6636096,Ancient Metagenome - Host-associated,Homo sapiens,oral,,,,
Fagernas2022,2022,10.1093/femsmc/xtac006,Camino del Molino,38.102,-1.865,Spain,,,,CDM042.U,4700,10.1093/femsmc/xtac006,,dental calculus,,ENA,PRJEB46022,ERS6636097,Ancient Metagenome - Host-associated,Homo sapiens,oral,,,,
Fagernas2022,2022,10.1093/femsmc/xtac006,Camino del Molino,38.102,-1.865,Spain,,,,CDM042.W,4700,10.1093/femsmc/xtac006,,dental calculus,,ENA,PRJEB46022,ERS6636098,Ancient Metagenome - Host-associated,Homo sapiens,oral,,,,
Fagernas2022,2022,10.1093/femsmc/xtac006,Camino del Molino,38.102,-1.865,Spain,,,,CDM043.L,4700,10.1093/femsmc/xtac006,,dental calculus,,ENA,PRJEB46022,ERS6636099,Ancient Metagenome - Host-associated,Homo sapiens,oral,,,,
Fagernas2022,2022,10.1093/femsmc/xtac006,Camino del Molino,38.102,-1.865,Spain,,,,CDM043.P,4700,10.1093/femsmc/xtac006,,dental calculus,,ENA,PRJEB46022,ERS6636100,Ancient Metagenome - Host-associated,Homo sapiens,oral,,,,
Fagernas2022,2022,10.1093/femsmc/xtac006,Camino del Molino,38.102,-1.865,Spain,,,,CDM043.T,4700,10.1093/femsmc/xtac006,,dental calculus,,ENA,PRJEB46022,ERS6636101,Ancient Metagenome - Host-associated,Homo sapiens,oral,,,,
Fagernas2022,2022,10.1093/femsmc/xtac006,Camino del Molino,38.102,-1.865,Spain,,,,CDM043.U,4700,10.1093/femsmc/xtac006,,dental calculus,,ENA,PRJEB46022,ERS6636102,Ancient Metagenome - Host-associated,Homo sapiens,oral,,,,
Fagernas2022,2022,10.1093/femsmc/xtac006,Camino del Molino,38.102,-1.865,Spain,,,,CDM043.X,4700,10.1093/femsmc/xtac006,,dental calculus,,ENA,PRJEB46022,ERS6636103,Ancient Metagenome - Host-associated,Homo sapiens,oral,,,,
Fagernas2022,2022,10.1093/femsmc/xtac006,Camino del Molino,38.102,-1.865,Spain,,,,CDM043.Y,4700,10.1093/femsmc/xtac006,,dental calculus,,ENA,PRJEB46022,ERS6636104,Ancient Metagenome - Host-associated,Homo sapiens,oral,,,,
Fagernas2022,2022,10.1093/femsmc/xtac006,Camino del Molino,38.102,-1.865,Spain,,,,CDM045.F,4700,10.1093/femsmc/xtac006,,dental calculus,,ENA,PRJEB46022,ERS6636105,Ancient Metagenome - Host-associated,Homo sapiens,oral,,,,
Fagernas2022,2022,10.1093/femsmc/xtac006,Camino del Molino,38.102,-1.865,Spain,,,,CDM045.G,4700,10.1093/femsmc/xtac006,,dental calculus,,ENA,PRJEB46022,ERS6636106,Ancient Metagenome - Host-associated,Homo sapiens,oral,,,,
Fagernas2022,2022,10.1093/femsmc/xtac006,Camino del Molino,38.102,-1.865,Spain,,,,CDM045.H,4700,10.1093/femsmc/xtac006,,dental calculus,,ENA,PRJEB46022,ERS6636107,Ancient Metagenome - Host-associated,Homo sapiens,oral,,,,
Fagernas2022,2022,10.1093/femsmc/xtac006,Camino del Molino,38.102,-1.865,Spain,,,,CDM045.I,4700,10.1093/femsmc/xtac006,,dental calculus,,ENA,PRJEB46022,ERS6636108,Ancient Metagenome - Host-associated,Homo sapiens,oral,,,,
Fagernas2022,2022,10.1093/femsmc/xtac006,Camino del Molino,38.102,-1.865,Spain,,,,CDM045.L,4700,10.1093/femsmc/xtac006,,dental calculus,,ENA,PRJEB46022,ERS6636109,Ancient Metagenome - Host-associated,Homo sapiens,oral,,,,
Fagernas2022,2022,10.1093/femsmc/xtac006,Camino del Molino,38.102,-1.865,Spain,,,,CDM045.M,4700,10.1093/femsmc/xtac006,,dental calculus,,ENA,PRJEB46022,ERS6636110,Ancient Metagenome - Host-associated,Homo sapiens,oral,,,,
Fagernas2022,2022,10.1093/femsmc/xtac006,Camino del Molino,38.102,-1.865,Spain,,,,CDM045.Q,4700,10.1093/femsmc/xtac006,,dental calculus,,ENA,PRJEB46022,ERS6636111,Ancient Metagenome - Host-associated,Homo sapiens,oral,,,,
Fagernas2022,2022,10.1093/femsmc/xtac006,Camino del Molino,38.102,-1.865,Spain,,,,CDM045.R,4700,10.1093/femsmc/xtac006,,dental calculus,,ENA,PRJEB46022,ERS6636112,Ancient Metagenome - Host-associated,Homo sapiens,oral,,,,
Fagernas2022,2022,10.1093/femsmc/xtac006,Camino del Molino,38.102,-1.865,Spain,,,,CDM045.S,4700,10.1093/femsmc/xtac006,,dental calculus,,ENA,PRJEB46022,ERS6636113,Ancient Metagenome - Host-associated,Homo sapiens,oral,,,,
Fagernas2022,2022,10.1093/femsmc/xtac006,Camino del Molino,38.102,-1.865,Spain,,,,CDM046.A,4700,10.1093/femsmc/xtac006,,dental calculus,,ENA,PRJEB46022,ERS6636115,Ancient Metagenome - Host-associated,Homo sapiens,oral,,,,
Fagernas2022,2022,10.1093/femsmc/xtac006,Camino del Molino,38.102,-1.865,Spain,,,,CDM046.B,4700,10.1093/femsmc/xtac006,,dental calculus,,ENA,PRJEB46022,ERS6636116,Ancient Metagenome - Host-associated,Homo sapiens,oral,,,,
Fagernas2022,2022,10.1093/femsmc/xtac006,Camino del Molino,38.102,-1.865,Spain,,,,CDM046.F,4700,10.1093/femsmc/xtac006,,dental calculus,,ENA,PRJEB46022,ERS6636117,Ancient Metagenome - Host-associated,Homo sapiens,oral,,,,
Fagernas2022,2022,10.1093/femsmc/xtac006,Camino del Molino,38.102,-1.865,Spain,,,,CDM046.G,4700,10.1093/femsmc/xtac006,,dental calculus,,ENA,PRJEB46022,ERS6636118,Ancient Metagenome - Host-associated,Homo sapiens,oral,,,,
Fagernas2022,2022,10.1093/femsmc/xtac006,Camino del Molino,38.102,-1.865,Spain,,,,CDM046.H,4700,10.1093/femsmc/xtac006,,dental calculus,,ENA,PRJEB46022,ERS6636119,Ancient Metagenome - Host-associated,Homo sapiens,oral,,,,
Fagernas2022,2022,10.1093/femsmc/xtac006,Camino del Molino,38.102,-1.865,Spain,,,,CDM046.N,4700,10.1093/femsmc/xtac006,,dental calculus,,ENA,PRJEB46022,ERS6636120,Ancient Metagenome - Host-associated,Homo sapiens,oral,,,,
Fagernas2022,2022,10.1093/femsmc/xtac006,Camino del Molino,38.102,-1.865,Spain,,,,CDM046.Q,4700,10.1093/femsmc/xtac006,,dental calculus,,ENA,PRJEB46022,ERS6636121,Ancient Metagenome - Host-associated,Homo sapiens,oral,,,,
Fagernas2022,2022,10.1093/femsmc/xtac006,Camino del Molino,38.102,-1.865,Spain,,,,CDM046.V,4700,10.1093/femsmc/xtac006,,dental calculus,,ENA,PRJEB46022,ERS6636122,Ancient Metagenome - Host-associated,Homo sapiens,oral,,,,
Fagernas2022,2022,10.1093/femsmc/xtac006,Camino del Molino,38.102,-1.865,Spain,,,,CDM046.Y,4700,10.1093/femsmc/xtac006,,dental calculus,,ENA,PRJEB46022,ERS6636123,Ancient Metagenome - Host-associated,Homo sapiens,oral,,,,
Fagernas2022,2022,10.1093/femsmc/xtac006,Camino del Molino,38.102,-1.865,Spain,,,,CDM047.B,4700,10.1093/femsmc/xtac006,,dental calculus,,ENA,PRJEB46022,ERS6636124,Ancient Metagenome - Host-associated,Homo sapiens,oral,,,,
Fagernas2022,2022,10.1093/femsmc/xtac006,Camino del Molino,38.102,-1.865,Spain,,,,CDM047.E,4700,10.1093/femsmc/xtac006,,dental calculus,,ENA,PRJEB46022,ERS6636125,Ancient Metagenome - Host-associated,Homo sapiens,oral,,,,
Fagernas2022,2022,10.1093/femsmc/xtac006,Camino del Molino,38.102,-1.865,Spain,,,,CDM047.H,4700,10.1093/femsmc/xtac006,,dental calculus,,ENA,PRJEB46022,ERS6636126,Ancient Metagenome - Host-associated,Homo sapiens,oral,,,,
Fagernas2022,2022,10.1093/femsmc/xtac006,Camino del Molino,38.102,-1.865,Spain,,,,CDM047.S,4700,10.1093/femsmc/xtac006,,dental calculus,,ENA,PRJEB46022,ERS6636127,Ancient Metagenome - Host-associated,Homo sapiens,oral,,,,
Fagernas2022,2022,10.1093/femsmc/xtac006,Camino del Molino,38.102,-1.865,Spain,,,,CDM047.V,4700,10.1093/femsmc/xtac006,,dental calculus,,ENA,PRJEB46022,ERS6636128,Ancient Metagenome - Host-associated,Homo sapiens,oral,,,,
Fagernas2022,2022,10.1093/femsmc/xtac006,Camino del Molino,38.102,-1.865,Spain,,,,CDM048.A,4700,10.1093/femsmc/xtac006,,dental calculus,,ENA,PRJEB46022,ERS6636130,Ancient Metagenome - Host-associated,Homo sapiens,oral,,,,
Fagernas2022,2022,10.1093/femsmc/xtac006,Camino del Molino,38.102,-1.865,Spain,,,,CDM048.D,4700,10.1093/femsmc/xtac006,,dental calculus,,ENA,PRJEB46022,ERS6636131,Ancient Metagenome - Host-associated,Homo sapiens,oral,,,,
Fagernas2022,2022,10.1093/femsmc/xtac006,Camino del Molino,38.102,-1.865,Spain,,,,CDM048.E,4700,10.1093/femsmc/xtac006,,dental calculus,,ENA,PRJEB46022,ERS6636132,Ancient Metagenome - Host-associated,Homo sapiens,oral,,,,
Fagernas2022,2022,10.1093/femsmc/xtac006,Camino del Molino,38.102,-1.865,Spain,,,,CDM048.F,4700,10.1093/femsmc/xtac006,,dental calculus,,ENA,PRJEB46022,ERS6636133,Ancient Metagenome - Host-associated,Homo sapiens,oral,,,,
Fagernas2022,2022,10.1093/femsmc/xtac006,Camino del Molino,38.102,-1.865,Spain,,,,CDM048.I,4700,10.1093/femsmc/xtac006,,dental calculus,,ENA,PRJEB46022,ERS6636134,Ancient Metagenome - Host-associated,Homo sapiens,oral,,,,
Fagernas2022,2022,10.1093/femsmc/xtac006,Camino del Molino,38.102,-1.865,Spain,,,,CDM048.K,4700,10.1093/femsmc/xtac006,,dental calculus,,ENA,PRJEB46022,ERS6636135,Ancient Metagenome - Host-associated,Homo sapiens,oral,,,,
Fagernas2022,2022,10.1093/femsmc/xtac006,Camino del Molino,38.102,-1.865,Spain,,,,CDM048.N,4700,10.1093/femsmc/xtac006,,dental calculus,,ENA,PRJEB46022,ERS6636136,Ancient Metagenome - Host-associated,Homo sapiens,oral,,,,
Fagernas2022,2022,10.1093/femsmc/xtac006,Camino del Molino,38.102,-1.865,Spain,,,,CDM048.O,4700,10.1093/femsmc/xtac006,,dental calculus,,ENA,PRJEB46022,ERS6636137,Ancient Metagenome - Host-associated,Homo sapiens,oral,,,,
Fagernas2022,2022,10.1093/femsmc/xtac006,Camino del Molino,38.102,-1.865,Spain,,,,CDM048.P,4700,10.1093/femsmc/xtac006,,dental calculus,,ENA,PRJEB46022,ERS6636138,Ancient Metagenome - Host-associated,Homo sapiens,oral,,,,
Fagernas2022,2022,10.1093/femsmc/xtac006,Camino del Molino,38.102,-1.865,Spain,,,,CDM048.Q,4700,10.1093/femsmc/xtac006,,dental calculus,,ENA,PRJEB46022,ERS6636139,Ancient Metagenome - Host-associated,Homo sapiens,oral,,,,
Fagernas2022,2022,10.1093/femsmc/xtac006,Camino del Molino,38.102,-1.865,Spain,,,,CDM048.S,4700,10.1093/femsmc/xtac006,,dental calculus,,ENA,PRJEB46022,ERS6636140,Ancient Metagenome - Host-associated,Homo sapiens,oral,,,,
Fagernas2022,2022,10.1093/femsmc/xtac006,Camino del Molino,38.102,-1.865,Spain,,,,CDM048.V,4700,10.1093/femsmc/xtac006,,dental calculus,,ENA,PRJEB46022,ERS6636141,Ancient Metagenome - Host-associated,Homo sapiens,oral,,,,
Fagernas2022,2022,10.1093/femsmc/xtac006,Camino del Molino,38.102,-1.865,Spain,,,,CDM048.W,4700,10.1093/femsmc/xtac006,,dental calculus,,ENA,PRJEB46022,ERS6636142,Ancient Metagenome - Host-associated,Homo sapiens,oral,,,,
Fagernas2022,2022,10.1093/femsmc/xtac006,Camino del Molino,38.102,-1.865,Spain,,,,CDM048.Z,4700,10.1093/femsmc/xtac006,,dental calculus,,ENA,PRJEB46022,ERS6636143,Ancient Metagenome - Host-associated,Homo sapiens,oral,,,,
Fagernas2022,2022,10.1093/femsmc/xtac006,Camino del Molino,38.102,-1.865,Spain,,,,CDM049.A,4700,10.1093/femsmc/xtac006,,dental calculus,,ENA,PRJEB46022,ERS6636144,Ancient Metagenome - Host-associated,Homo sapiens,oral,,,,
Fagernas2022,2022,10.1093/femsmc/xtac006,Camino del Molino,38.102,-1.865,Spain,,,,CDM049.D,4700,10.1093/femsmc/xtac006,,dental calculus,,ENA,PRJEB46022,ERS6636145,Ancient Metagenome - Host-associated,Homo sapiens,oral,,,,
Fagernas2022,2022,10.1093/femsmc/xtac006,Camino del Molino,38.102,-1.865,Spain,,,,CDM049.E,4700,10.1093/femsmc/xtac006,,dental calculus,,ENA,PRJEB46022,ERS6636146,Ancient Metagenome - Host-associated,Homo sapiens,oral,,,,
Fagernas2022,2022,10.1093/femsmc/xtac006,Camino del Molino,38.102,-1.865,Spain,,,,CDM049.F,4700,10.1093/femsmc/xtac006,,dental calculus,,ENA,PRJEB46022,ERS6636147,Ancient Metagenome - Host-associated,Homo sapiens,oral,,,,
Fagernas2022,2022,10.1093/femsmc/xtac006,Camino del Molino,38.102,-1.865,Spain,,,,CDM049.I,4700,10.1093/femsmc/xtac006,,dental calculus,,ENA,PRJEB46022,ERS6636148,Ancient Metagenome - Host-associated,Homo sapiens,oral,,,,
Fagernas2022,2022,10.1093/femsmc/xtac006,Camino del Molino,38.102,-1.865,Spain,,,,CDM049.K,4700,10.1093/femsmc/xtac006,,dental calculus,,ENA,PRJEB46022,ERS6636149,Ancient Metagenome - Host-associated,Homo sapiens,oral,,,,
Fagernas2022,2022,10.1093/femsmc/xtac006,Camino del Molino,38.102,-1.865,Spain,,,,CDM049.M,4700,10.1093/femsmc/xtac006,,dental calculus,,ENA,PRJEB46022,ERS6636150,Ancient Metagenome - Host-associated,Homo sapiens,oral,,,,
Fagernas2022,2022,10.1093/femsmc/xtac006,Camino del Molino,38.102,-1.865,Spain,,,,CDM049.P,4700,10.1093/femsmc/xtac006,,dental calculus,,ENA,PRJEB46022,ERS6636151,Ancient Metagenome - Host-associated,Homo sapiens,oral,,,,
Fagernas2022,2022,10.1093/femsmc/xtac006,Camino del Molino,38.102,-1.865,Spain,,,,CDM049.S,4700,10.1093/femsmc/xtac006,,dental calculus,,ENA,PRJEB46022,ERS6636152,Ancient Metagenome - Host-associated,Homo sapiens,oral,,,,
Fagernas2022,2022,10.1093/femsmc/xtac006,Camino del Molino,38.102,-1.865,Spain,,,,CDM049.W,4700,10.1093/femsmc/xtac006,,dental calculus,,ENA,PRJEB46022,ERS6636153,Ancient Metagenome - Host-associated,Homo sapiens,oral,,,,
Fagernas2022,2022,10.1093/femsmc/xtac006,Camino del Molino,38.102,-1.865,Spain,,,,CDM050.L,4700,10.1093/femsmc/xtac006,,dental calculus,,ENA,PRJEB46022,ERS6636154,Ancient Metagenome - Host-associated,Homo sapiens,oral,,,,
Fagernas2022,2022,10.1093/femsmc/xtac006,Camino del Molino,38.102,-1.865,Spain,,,,CDM050.V,4700,10.1093/femsmc/xtac006,,dental calculus,,ENA,PRJEB46022,ERS6636155,Ancient Metagenome - Host-associated,Homo sapiens,oral,,,,
Fagernas2022,2022,10.1093/femsmc/xtac006,Camino del Molino,38.102,-1.865,Spain,,,,CDM050.X,4700,10.1093/femsmc/xtac006,,dental calculus,,ENA,PRJEB46022,ERS6636156,Ancient Metagenome - Host-associated,Homo sapiens,oral,,,,
Fagernas2022,2022,10.1093/femsmc/xtac006,Camino del Molino,38.102,-1.865,Spain,,,,CDM050.Z,4700,10.1093/femsmc/xtac006,,dental calculus,,ENA,PRJEB46022,ERS6636157,Ancient Metagenome - Host-associated,Homo sapiens,oral,,,,
Fagernas2022,2022,10.1093/femsmc/xtac006,Camino del Molino,38.102,-1.865,Spain,,,,CDM051.A,4700,10.1093/femsmc/xtac006,,dental calculus,,ENA,PRJEB46022,ERS6636158,Ancient Metagenome - Host-associated,Homo sapiens,oral,,,,
Fagernas2022,2022,10.1093/femsmc/xtac006,Camino del Molino,38.102,-1.865,Spain,,,,CDM051.D,4700,10.1093/femsmc/xtac006,,dental calculus,,ENA,PRJEB46022,ERS6636159,Ancient Metagenome - Host-associated,Homo sapiens,oral,,,,
Fagernas2022,2022,10.1093/femsmc/xtac006,Camino del Molino,38.102,-1.865,Spain,,,,CDM051.G,4700,10.1093/femsmc/xtac006,,dental calculus,,ENA,PRJEB46022,ERS6636160,Ancient Metagenome - Host-associated,Homo sapiens,oral,,,,
Fagernas2022,2022,10.1093/femsmc/xtac006,Camino del Molino,38.102,-1.865,Spain,,,,CDM051.I,4700,10.1093/femsmc/xtac006,,dental calculus,,ENA,PRJEB46022,ERS6636161,Ancient Metagenome - Host-associated,Homo sapiens,oral,,,,
Fagernas2022,2022,10.1093/femsmc/xtac006,Camino del Molino,38.102,-1.865,Spain,,,,CDM051.M,4700,10.1093/femsmc/xtac006,,dental calculus,,ENA,PRJEB46022,ERS6636162,Ancient Metagenome - Host-associated,Homo sapiens,oral,,,,
Fagernas2022,2022,10.1093/femsmc/xtac006,Camino del Molino,38.102,-1.865,Spain,,,,CDM051.R,4700,10.1093/femsmc/xtac006,,dental calculus,,ENA,PRJEB46022,ERS6636163,Ancient Metagenome - Host-associated,Homo sapiens,oral,,,,
Fagernas2022,2022,10.1093/femsmc/xtac006,Camino del Molino,38.102,-1.865,Spain,,,,CDM051.S,4700,10.1093/femsmc/xtac006,,dental calculus,,ENA,PRJEB46022,ERS6636164,Ancient Metagenome - Host-associated,Homo sapiens,oral,,,,
Fagernas2022,2022,10.1093/femsmc/xtac006,Camino del Molino,38.102,-1.865,Spain,,,,CDM051.U,4700,10.1093/femsmc/xtac006,,dental calculus,,ENA,PRJEB46022,ERS6636165,Ancient Metagenome - Host-associated,Homo sapiens,oral,,,,
Fagernas2022,2022,10.1093/femsmc/xtac006,Camino del Molino,38.102,-1.865,Spain,,,,CDM051.V,4700,10.1093/femsmc/xtac006,,dental calculus,,ENA,PRJEB46022,ERS6636166,Ancient Metagenome - Host-associated,Homo sapiens,oral,,,,
Fagernas2022,2022,10.1093/femsmc/xtac006,Camino del Molino,38.102,-1.865,Spain,,,,CDM051.Z,4700,10.1093/femsmc/xtac006,,dental calculus,,ENA,PRJEB46022,ERS6636167,Ancient Metagenome - Host-associated,Homo sapiens,oral,,,,
Fagernas2022,2022,10.1093/femsmc/xtac006,Camino del Molino,38.102,-1.865,Spain,,,,CDM052.F,4700,10.1093/femsmc/xtac006,,dental calculus,,ENA,PRJEB46022,ERS6636168,Ancient Metagenome - Host-associated,Homo sapiens,oral,,,,
Fagernas2022,2022,10.1093/femsmc/xtac006,Camino del Molino,38.102,-1.865,Spain,,,,CDM052.I,4700,10.1093/femsmc/xtac006,,dental calculus,,ENA,PRJEB46022,ERS6636169,Ancient Metagenome - Host-associated,Homo sapiens,oral,,,,
Fagernas2022,2022,10.1093/femsmc/xtac006,Camino del Molino,38.102,-1.865,Spain,,,,CDM052.J,4700,10.1093/femsmc/xtac006,,dental calculus,,ENA,PRJEB46022,ERS6636170,Ancient Metagenome - Host-associated,Homo sapiens,oral,,,,
Fagernas2022,2022,10.1093/femsmc/xtac006,Camino del Molino,38.102,-1.865,Spain,,,,CDM052.K,4700,10.1093/femsmc/xtac006,,dental calculus,,ENA,PRJEB46022,ERS6636171,Ancient Metagenome - Host-associated,Homo sapiens,oral,,,,
Fagernas2022,2022,10.1093/femsmc/xtac006,Camino del Molino,38.102,-1.865,Spain,,,,CDM052.M,4700,10.1093/femsmc/xtac006,,dental calculus,,ENA,PRJEB46022,ERS6636172,Ancient Metagenome - Host-associated,Homo sapiens,oral,,,,
Fagernas2022,2022,10.1093/femsmc/xtac006,Camino del Molino,38.102,-1.865,Spain,,,,CDM052.N,4700,10.1093/femsmc/xtac006,,dental calculus,,ENA,PRJEB46022,ERS6636173,Ancient Metagenome - Host-associated,Homo sapiens,oral,,,,
Velsko2022,2022,10.1093/pnasnexus/pgac148,Convento de los Mercedarios de Burtzeña,43.182,-2.573,Spain,,,,CMB001,200,10.1093/pnasnexus/pgac148,,dental calculus,,ENA,PRJEB52394,ERS11702721,Ancient Metagenome - Host-associated,Homo sapiens,oral,,,,
Velsko2022,2022,10.1093/pnasnexus/pgac148,Convento de los Mercedarios de Burtzeña,43.182,-2.573,Spain,,,,CMB002,200,10.1093/pnasnexus/pgac148,,dental calculus,,ENA,PRJEB52394,ERS11702722,Ancient Metagenome - Host-associated,Homo sapiens,oral,,,,
Velsko2022,2022,10.1093/pnasnexus/pgac148,Convento de los Mercedarios de Burtzeña,43.182,-2.573,Spain,,,,CMB003,200,10.1093/pnasnexus/pgac148,,dental calculus,,ENA,PRJEB52394,ERS11702723,Ancient Metagenome - Host-associated,Homo sapiens,oral,,,,
Velsko2022,2022,10.1093/pnasnexus/pgac148,Convento de los Mercedarios de Burtzeña,43.182,-2.573,Spain,,,,CMB004,200,10.1093/pnasnexus/pgac148,,dental calculus,,ENA,PRJEB52394,ERS11702724,Ancient Metagenome - Host-associated,Homo sapiens,oral,,,,
Velsko2022,2022,10.1093/pnasnexus/pgac148,Convento de los Mercedarios de Burtzeña,43.182,-2.573,Spain,,,,CMB005,200,10.1093/pnasnexus/pgac148,,dental calculus,,ENA,PRJEB52394,ERS11702725,Ancient Metagenome - Host-associated,Homo sapiens,oral,,,,
Velsko2022,2022,10.1093/pnasnexus/pgac148,Convento de los Mercedarios de Burtzeña,43.182,-2.573,Spain,,,,CMB006,200,10.1093/pnasnexus/pgac148,,dental calculus,,ENA,PRJEB52394,ERS11702726,Ancient Metagenome - Host-associated,Homo sapiens,oral,,,,
Velsko2022,2022,10.1093/pnasnexus/pgac148,Convento de los Mercedarios de Burtzeña,43.182,-2.573,Spain,,,,CMB007,200,10.1093/pnasnexus/pgac148,,dental calculus,,ENA,PRJEB52394,ERS11702727,Ancient Metagenome - Host-associated,Homo sapiens,oral,,,,
Velsko2022,2022,10.1093/pnasnexus/pgac148,Convento de los Mercedarios de Burtzeña,43.182,-2.573,Spain,,,,CMB008,200,10.1093/pnasnexus/pgac148,,dental calculus,,ENA,PRJEB52394,ERS11702728,Ancient Metagenome - Host-associated,Homo sapiens,oral,,,,
Velsko2022,2022,10.1093/pnasnexus/pgac148,El Raval,38.247,-0.808,Spain,,,,ELR003,500,10.1093/pnasnexus/pgac148,,dental calculus,,ENA,PRJEB52394,ERS11702729,Ancient Metagenome - Host-associated,Homo sapiens,oral,,,,
Velsko2022,2022,10.1093/pnasnexus/pgac148,El Raval,38.247,-0.808,Spain,,,,ELR004,500,10.1093/pnasnexus/pgac148,,dental calculus,,ENA,PRJEB52394,ERS11702730,Ancient Metagenome - Host-associated,Homo sapiens,oral,,,,
Velsko2022,2022,10.1093/pnasnexus/pgac148,El Raval,38.247,-0.808,Spain,,,,ELR006,500,10.1093/pnasnexus/pgac148,,dental calculus,,ENA,PRJEB52394,ERS11702731,Ancient Metagenome - Host-associated,Homo sapiens,oral,,,,
Velsko2022,2022,10.1093/pnasnexus/pgac148,El Raval,38.247,-0.808,Spain,,,,ELR008,500,10.1093/pnasnexus/pgac148,,dental calculus,,ENA,PRJEB52394,ERS11702732,Ancient Metagenome - Host-associated,Homo sapiens,oral,,,,
Velsko2022,2022,10.1093/pnasnexus/pgac148,El Raval,38.247,-0.808,Spain,,,,ELR010,500,10.1093/pnasnexus/pgac148,,dental calculus,,ENA,PRJEB52394,ERS11702733,Ancient Metagenome - Host-associated,Homo sapiens,oral,,,,
Velsko2022,2022,10.1093/pnasnexus/pgac148,Iglesia de la Virgen de la Estrella,38.696,-2.862,Spain,,,,IVE002,900,10.1093/pnasnexus/pgac148,,dental calculus,,ENA,PRJEB52394,ERS11702734,Ancient Metagenome - Host-associated,Homo sapiens,oral,,,,
Velsko2022,2022,10.1093/pnasnexus/pgac148,Iglesia de la Virgen de la Estrella,38.696,-2.862,Spain,,,,IVE003,900,10.1093/pnasnexus/pgac148,,dental calculus,,ENA,PRJEB52394,ERS11702735,Ancient Metagenome - Host-associated,Homo sapiens,oral,,,,
Velsko2022,2022,10.1093/pnasnexus/pgac148,Iglesia de la Virgen de la Estrella,38.696,-2.862,Spain,,,,IVE005,900,10.1093/pnasnexus/pgac148,,dental calculus,,ENA,PRJEB52394,"ERS11702736,ERS11702737",Ancient Metagenome - Host-associated,Homo sapiens,oral,,,,
Velsko2022,2022,10.1093/pnasnexus/pgac148,Iglesia de la Virgen de la Estrella,38.696,-2.862,Spain,,,,IVE007,900,10.1093/pnasnexus/pgac148,,dental calculus,,ENA,PRJEB52394,ERS11702738,Ancient Metagenome - Host-associated,Homo sapiens,oral,,,,
Velsko2022,2022,10.1093/pnasnexus/pgac148,Middenbeemster,52.548,4.914,Netherlands,,,,MID022,200,10.1093/pnasnexus/pgac148,,dental calculus,,ENA,PRJEB52394,ERS11702739,Ancient Metagenome - Host-associated,Homo sapiens,oral,,,,
Velsko2022,2022,10.1093/pnasnexus/pgac148,Middenbeemster,52.548,4.914,Netherlands,,,,MID023,200,10.1093/pnasnexus/pgac148,,dental calculus,,ENA,PRJEB52394,ERS11702740,Ancient Metagenome - Host-associated,Homo sapiens,oral,,,,
Velsko2022,2022,10.1093/pnasnexus/pgac148,Middenbeemster,52.548,4.914,Netherlands,,,,MID024,200,10.1093/pnasnexus/pgac148,,dental calculus,,ENA,PRJEB52394,ERS11702741,Ancient Metagenome - Host-associated,Homo sapiens,oral,,,,
Velsko2022,2022,10.1093/pnasnexus/pgac148,Middenbeemster,52.548,4.914,Netherlands,,,,MID025,200,10.1093/pnasnexus/pgac148,,dental calculus,,ENA,PRJEB52394,ERS11702742,Ancient Metagenome - Host-associated,Homo sapiens,oral,,,,
Velsko2022,2022,10.1093/pnasnexus/pgac148,Middenbeemster,52.548,4.914,Netherlands,,,,MID026,200,10.1093/pnasnexus/pgac148,,dental calculus,,ENA,PRJEB52394,ERS11702743,Ancient Metagenome - Host-associated,Homo sapiens,oral,,,,
Velsko2022,2022,10.1093/pnasnexus/pgac148,Middenbeemster,52.548,4.914,Netherlands,,,,MID027,200,10.1093/pnasnexus/pgac148,,dental calculus,,ENA,PRJEB52394,ERS11702744,Ancient Metagenome - Host-associated,Homo sapiens,oral,,,,
Velsko2022,2022,10.1093/pnasnexus/pgac148,Middenbeemster,52.548,4.914,Netherlands,,,,MID028,200,10.1093/pnasnexus/pgac148,,dental calculus,,ENA,PRJEB52394,ERS11702745,Ancient Metagenome - Host-associated,Homo sapiens,oral,,,,
Velsko2022,2022,10.1093/pnasnexus/pgac148,Middenbeemster,52.548,4.914,Netherlands,,,,MID029,200,10.1093/pnasnexus/pgac148,,dental calculus,,ENA,PRJEB52394,ERS11702746,Ancient Metagenome - Host-associated,Homo sapiens,oral,,,,
Velsko2022,2022,10.1093/pnasnexus/pgac148,Middenbeemster,52.548,4.914,Netherlands,,,,MID030,200,10.1093/pnasnexus/pgac148,,dental calculus,,ENA,PRJEB52394,ERS11702747,Ancient Metagenome - Host-associated,Homo sapiens,oral,,,,
Velsko2022,2022,10.1093/pnasnexus/pgac148,Middenbeemster,52.548,4.914,Netherlands,,,,MID031,200,10.1093/pnasnexus/pgac148,,dental calculus,,ENA,PRJEB52394,ERS11702748,Ancient Metagenome - Host-associated,Homo sapiens,oral,,,,
Velsko2022,2022,10.1093/pnasnexus/pgac148,Middenbeemster,52.548,4.914,Netherlands,,,,MID032,200,10.1093/pnasnexus/pgac148,,dental calculus,,ENA,PRJEB52394,ERS11702749,Ancient Metagenome - Host-associated,Homo sapiens,oral,,,,
Velsko2022,2022,10.1093/pnasnexus/pgac148,Middenbeemster,52.548,4.914,Netherlands,,,,MID033,200,10.1093/pnasnexus/pgac148,,dental calculus,,ENA,PRJEB52394,ERS11702750,Ancient Metagenome - Host-associated,Homo sapiens,oral,,,,
Velsko2022,2022,10.1093/pnasnexus/pgac148,Middenbeemster,52.548,4.914,Netherlands,,,,MID034,200,10.1093/pnasnexus/pgac148,,dental calculus,,ENA,PRJEB52394,ERS11702751,Ancient Metagenome - Host-associated,Homo sapiens,oral,,,,
Velsko2022,2022,10.1093/pnasnexus/pgac148,Middenbeemster,52.548,4.914,Netherlands,,,,MID035,200,10.1093/pnasnexus/pgac148,,dental calculus,,ENA,PRJEB52394,ERS11702752,Ancient Metagenome - Host-associated,Homo sapiens,oral,,,,
Velsko2022,2022,10.1093/pnasnexus/pgac148,Middenbeemster,52.548,4.914,Netherlands,,,,MID036,200,10.1093/pnasnexus/pgac148,,dental calculus,,ENA,PRJEB52394,ERS11702753,Ancient Metagenome - Host-associated,Homo sapiens,oral,,,,
Velsko2022,2022,10.1093/pnasnexus/pgac148,Middenbeemster,52.548,4.914,Netherlands,,,,MID037,200,10.1093/pnasnexus/pgac148,,dental calculus,,ENA,PRJEB52394,ERS11702754,Ancient Metagenome - Host-associated,Homo sapiens,oral,,,,
Velsko2022,2022,10.1093/pnasnexus/pgac148,Middenbeemster,52.548,4.914,Netherlands,,,,MID038,200,10.1093/pnasnexus/pgac148,,dental calculus,,ENA,PRJEB52394,ERS11702755,Ancient Metagenome - Host-associated,Homo sapiens,oral,,,,
Velsko2022,2022,10.1093/pnasnexus/pgac148,Middenbeemster,52.548,4.914,Netherlands,,,,MID039,200,10.1093/pnasnexus/pgac148,,dental calculus,,ENA,PRJEB52394,ERS11702756,Ancient Metagenome - Host-associated,Homo sapiens,oral,,,,
Velsko2022,2022,10.1093/pnasnexus/pgac148,Middenbeemster,52.548,4.914,Netherlands,,,,MID040,200,10.1093/pnasnexus/pgac148,,dental calculus,,ENA,PRJEB52394,ERS11702757,Ancient Metagenome - Host-associated,Homo sapiens,oral,,,,
Velsko2022,2022,10.1093/pnasnexus/pgac148,Middenbeemster,52.548,4.914,Netherlands,,,,MID041,200,10.1093/pnasnexus/pgac148,,dental calculus,,ENA,PRJEB52394,ERS11702758,Ancient Metagenome - Host-associated,Homo sapiens,oral,,,,
Velsko2022,2022,10.1093/pnasnexus/pgac148,Middenbeemster,52.548,4.914,Netherlands,,,,MID042,200,10.1093/pnasnexus/pgac148,,dental calculus,,ENA,PRJEB52394,ERS11702759,Ancient Metagenome - Host-associated,Homo sapiens,oral,,,,
Velsko2022,2022,10.1093/pnasnexus/pgac148,Middenbeemster,52.548,4.914,Netherlands,,,,MID043,200,10.1093/pnasnexus/pgac148,,dental calculus,,ENA,PRJEB52394,ERS11702760,Ancient Metagenome - Host-associated,Homo sapiens,oral,,,,
Velsko2022,2022,10.1093/pnasnexus/pgac148,Middenbeemster,52.548,4.914,Netherlands,,,,MID044,200,10.1093/pnasnexus/pgac148,,dental calculus,,ENA,PRJEB52394,ERS11702761,Ancient Metagenome - Host-associated,Homo sapiens,oral,,,,
Velsko2022,2022,10.1093/pnasnexus/pgac148,Middenbeemster,52.548,4.914,Netherlands,,,,MID045,200,10.1093/pnasnexus/pgac148,,dental calculus,,ENA,PRJEB52394,ERS11702762,Ancient Metagenome - Host-associated,Homo sapiens,oral,,,,
Velsko2022,2022,10.1093/pnasnexus/pgac148,Middenbeemster,52.548,4.914,Netherlands,,,,MID046,200,10.1093/pnasnexus/pgac148,,dental calculus,,ENA,PRJEB52394,ERS11702763,Ancient Metagenome - Host-associated,Homo sapiens,oral,,,,
Velsko2022,2022,10.1093/pnasnexus/pgac148,Middenbeemster,52.548,4.914,Netherlands,,,,MID047,200,10.1093/pnasnexus/pgac148,,dental calculus,,ENA,PRJEB52394,ERS11702764,Ancient Metagenome - Host-associated,Homo sapiens,oral,,,,
Velsko2022,2022,10.1093/pnasnexus/pgac148,Middenbeemster,52.548,4.914,Netherlands,,,,MID048,200,10.1093/pnasnexus/pgac148,,dental calculus,,ENA,PRJEB52394,ERS11702765,Ancient Metagenome - Host-associated,Homo sapiens,oral,,,,
Velsko2022,2022,10.1093/pnasnexus/pgac148,Middenbeemster,52.548,4.914,Netherlands,,,,MID049,200,10.1093/pnasnexus/pgac148,,dental calculus,,ENA,PRJEB52394,ERS11702766,Ancient Metagenome - Host-associated,Homo sapiens,oral,,,,
Velsko2022,2022,10.1093/pnasnexus/pgac148,Middenbeemster,52.548,4.914,Netherlands,,,,MID050,200,10.1093/pnasnexus/pgac148,,dental calculus,,ENA,PRJEB52394,ERS11702767,Ancient Metagenome - Host-associated,Homo sapiens,oral,,,,
Velsko2022,2022,10.1093/pnasnexus/pgac148,Middenbeemster,52.548,4.914,Netherlands,,,,MID051,200,10.1093/pnasnexus/pgac148,,dental calculus,,ENA,PRJEB52394,ERS11702768,Ancient Metagenome - Host-associated,Homo sapiens,oral,,,,
Velsko2022,2022,10.1093/pnasnexus/pgac148,Middenbeemster,52.548,4.914,Netherlands,,,,MID052,200,10.1093/pnasnexus/pgac148,,dental calculus,,ENA,PRJEB52394,ERS11702769,Ancient Metagenome - Host-associated,Homo sapiens,oral,,,,
Velsko2022,2022,10.1093/pnasnexus/pgac148,Middenbeemster,52.548,4.914,Netherlands,,,,MID053,200,10.1093/pnasnexus/pgac148,,dental calculus,,ENA,PRJEB52394,ERS11702770,Ancient Metagenome - Host-associated,Homo sapiens,oral,,,,
Velsko2022,2022,10.1093/pnasnexus/pgac148,Middenbeemster,52.548,4.914,Netherlands,,,,MID054,200,10.1093/pnasnexus/pgac148,,dental calculus,,ENA,PRJEB52394,ERS11702771,Ancient Metagenome - Host-associated,Homo sapiens,oral,,,,
Velsko2022,2022,10.1093/pnasnexus/pgac148,Middenbeemster,52.548,4.914,Netherlands,,,,MID055,200,10.1093/pnasnexus/pgac148,,dental calculus,,ENA,PRJEB52394,ERS11702772,Ancient Metagenome - Host-associated,Homo sapiens,oral,,,,
Velsko2022,2022,10.1093/pnasnexus/pgac148,Middenbeemster,52.548,4.914,Netherlands,,,,MID056,200,10.1093/pnasnexus/pgac148,,dental calculus,,ENA,PRJEB52394,ERS11702773,Ancient Metagenome - Host-associated,Homo sapiens,oral,,,,
Velsko2022,2022,10.1093/pnasnexus/pgac148,Middenbeemster,52.548,4.914,Netherlands,,,,MID057,200,10.1093/pnasnexus/pgac148,,dental calculus,,ENA,PRJEB52394,ERS11702774,Ancient Metagenome - Host-associated,Homo sapiens,oral,,,,
Velsko2022,2022,10.1093/pnasnexus/pgac148,Middenbeemster,52.548,4.914,Netherlands,,,,MID058,200,10.1093/pnasnexus/pgac148,,dental calculus,,ENA,PRJEB52394,ERS11702775,Ancient Metagenome - Host-associated,Homo sapiens,oral,,,,
Velsko2022,2022,10.1093/pnasnexus/pgac148,Middenbeemster,52.548,4.914,Netherlands,,,,MID059,200,10.1093/pnasnexus/pgac148,,dental calculus,,ENA,PRJEB52394,ERS11702776,Ancient Metagenome - Host-associated,Homo sapiens,oral,,,,
Velsko2022,2022,10.1093/pnasnexus/pgac148,Middenbeemster,52.548,4.914,Netherlands,,,,MID060,200,10.1093/pnasnexus/pgac148,,dental calculus,,ENA,PRJEB52394,ERS11702777,Ancient Metagenome - Host-associated,Homo sapiens,oral,,,,
Velsko2022,2022,10.1093/pnasnexus/pgac148,Middenbeemster,52.548,4.914,Netherlands,,,,MID061,200,10.1093/pnasnexus/pgac148,,dental calculus,,ENA,PRJEB52394,ERS11702778,Ancient Metagenome - Host-associated,Homo sapiens,oral,,,,
Velsko2022,2022,10.1093/pnasnexus/pgac148,Middenbeemster,52.548,4.914,Netherlands,,,,MID062,200,10.1093/pnasnexus/pgac148,,dental calculus,,ENA,PRJEB52394,ERS11702779,Ancient Metagenome - Host-associated,Homo sapiens,oral,,,,
Velsko2022,2022,10.1093/pnasnexus/pgac148,Middenbeemster,52.548,4.914,Netherlands,,,,MID063,200,10.1093/pnasnexus/pgac148,,dental calculus,,ENA,PRJEB52394,ERS11702780,Ancient Metagenome - Host-associated,Homo sapiens,oral,,,,
Velsko2022,2022,10.1093/pnasnexus/pgac148,Middenbeemster,52.548,4.914,Netherlands,,,,MID064,200,10.1093/pnasnexus/pgac148,,dental calculus,,ENA,PRJEB52394,ERS11702781,Ancient Metagenome - Host-associated,Homo sapiens,oral,,,,
Velsko2022,2022,10.1093/pnasnexus/pgac148,Middenbeemster,52.548,4.914,Netherlands,,,,MID065,200,10.1093/pnasnexus/pgac148,,dental calculus,,ENA,PRJEB52394,ERS11702782,Ancient Metagenome - Host-associated,Homo sapiens,oral,,,,
Velsko2022,2022,10.1093/pnasnexus/pgac148,Middenbeemster,52.548,4.914,Netherlands,,,,MID066,200,10.1093/pnasnexus/pgac148,,dental calculus,,ENA,PRJEB52394,ERS11702783,Ancient Metagenome - Host-associated,Homo sapiens,oral,,,,
Velsko2022,2022,10.1093/pnasnexus/pgac148,Middenbeemster,52.548,4.914,Netherlands,,,,MID067,200,10.1093/pnasnexus/pgac148,,dental calculus,,ENA,PRJEB52394,ERS11702784,Ancient Metagenome - Host-associated,Homo sapiens,oral,,,,
Velsko2022,2022,10.1093/pnasnexus/pgac148,Middenbeemster,52.548,4.914,Netherlands,,,,MID068,200,10.1093/pnasnexus/pgac148,,dental calculus,,ENA,PRJEB52394,"ERS11702785,ERS11702786",Ancient Metagenome - Host-associated,Homo sapiens,oral,,,,
Velsko2022,2022,10.1093/pnasnexus/pgac148,Middenbeemster,52.548,4.914,Netherlands,,,,MID070,200,10.1093/pnasnexus/pgac148,,dental calculus,,ENA,PRJEB52394,ERS11702787,Ancient Metagenome - Host-associated,Homo sapiens,oral,,,,
Velsko2022,2022,10.1093/pnasnexus/pgac148,Middenbeemster,52.548,4.914,Netherlands,,,,MID071,200,10.1093/pnasnexus/pgac148,,dental calculus,,ENA,PRJEB52394,ERS11702788,Ancient Metagenome - Host-associated,Homo sapiens,oral,,,,
Velsko2022,2022,10.1093/pnasnexus/pgac148,Middenbeemster,52.548,4.914,Netherlands,,,,MID072,200,10.1093/pnasnexus/pgac148,,dental calculus,,ENA,PRJEB52394,ERS11702789,Ancient Metagenome - Host-associated,Homo sapiens,oral,,,,
Velsko2022,2022,10.1093/pnasnexus/pgac148,Middenbeemster,52.548,4.914,Netherlands,,,,MID073,200,10.1093/pnasnexus/pgac148,,dental calculus,,ENA,PRJEB52394,ERS11702790,Ancient Metagenome - Host-associated,Homo sapiens,oral,,,,
Velsko2022,2022,10.1093/pnasnexus/pgac148,Middenbeemster,52.548,4.914,Netherlands,,,,MID074,200,10.1093/pnasnexus/pgac148,,dental calculus,,ENA,PRJEB52394,ERS11702791,Ancient Metagenome - Host-associated,Homo sapiens,oral,,,,
Velsko2022,2022,10.1093/pnasnexus/pgac148,Middenbeemster,52.548,4.914,Netherlands,,,,MID075,200,10.1093/pnasnexus/pgac148,,dental calculus,,ENA,PRJEB52394,ERS11702792,Ancient Metagenome - Host-associated,Homo sapiens,oral,,,,
Velsko2022,2022,10.1093/pnasnexus/pgac148,Middenbeemster,52.548,4.914,Netherlands,,,,MID076,200,10.1093/pnasnexus/pgac148,,dental calculus,,ENA,PRJEB52394,ERS11702793,Ancient Metagenome - Host-associated,Homo sapiens,oral,,,,
Velsko2022,2022,10.1093/pnasnexus/pgac148,Middenbeemster,52.548,4.914,Netherlands,,,,MID077,200,10.1093/pnasnexus/pgac148,,dental calculus,,ENA,PRJEB52394,ERS11702794,Ancient Metagenome - Host-associated,Homo sapiens,oral,,,,
Velsko2022,2022,10.1093/pnasnexus/pgac148,Middenbeemster,52.548,4.914,Netherlands,,,,MID078,200,10.1093/pnasnexus/pgac148,,dental calculus,,ENA,PRJEB52394,ERS11702795,Ancient Metagenome - Host-associated,Homo sapiens,oral,,,,
Velsko2022,2022,10.1093/pnasnexus/pgac148,Middenbeemster,52.548,4.914,Netherlands,,,,MID079,200,10.1093/pnasnexus/pgac148,,dental calculus,,ENA,PRJEB52394,ERS11702796,Ancient Metagenome - Host-associated,Homo sapiens,oral,,,,
Velsko2022,2022,10.1093/pnasnexus/pgac148,Middenbeemster,52.548,4.914,Netherlands,,,,MID080,200,10.1093/pnasnexus/pgac148,,dental calculus,,ENA,PRJEB52394,ERS11702797,Ancient Metagenome - Host-associated,Homo sapiens,oral,,,,
Velsko2022,2022,10.1093/pnasnexus/pgac148,Middenbeemster,52.548,4.914,Netherlands,,,,MID081,200,10.1093/pnasnexus/pgac148,,dental calculus,,ENA,PRJEB52394,ERS11702798,Ancient Metagenome - Host-associated,Homo sapiens,oral,,,,
Velsko2022,2022,10.1093/pnasnexus/pgac148,Middenbeemster,52.548,4.914,Netherlands,,,,MID082,200,10.1093/pnasnexus/pgac148,,dental calculus,,ENA,PRJEB52394,ERS11702799,Ancient Metagenome - Host-associated,Homo sapiens,oral,,,,
Velsko2022,2022,10.1093/pnasnexus/pgac148,Middenbeemster,52.548,4.914,Netherlands,,,,MID083,200,10.1093/pnasnexus/pgac148,,dental calculus,,ENA,PRJEB52394,ERS11702800,Ancient Metagenome - Host-associated,Homo sapiens,oral,,,,
Velsko2022,2022,10.1093/pnasnexus/pgac148,Middenbeemster,52.548,4.914,Netherlands,,,,MID084,200,10.1093/pnasnexus/pgac148,,dental calculus,,ENA,PRJEB52394,ERS11702801,Ancient Metagenome - Host-associated,Homo sapiens,oral,,,,
Velsko2022,2022,10.1093/pnasnexus/pgac148,Middenbeemster,52.548,4.914,Netherlands,,,,MID085,200,10.1093/pnasnexus/pgac148,,dental calculus,,ENA,PRJEB52394,ERS11702802,Ancient Metagenome - Host-associated,Homo sapiens,oral,,,,
Velsko2022,2022,10.1093/pnasnexus/pgac148,Middenbeemster,52.548,4.914,Netherlands,,,,MID086,200,10.1093/pnasnexus/pgac148,,dental calculus,,ENA,PRJEB52394,ERS11702803,Ancient Metagenome - Host-associated,Homo sapiens,oral,,,,
Velsko2022,2022,10.1093/pnasnexus/pgac148,Middenbeemster,52.548,4.914,Netherlands,,,,MID087,200,10.1093/pnasnexus/pgac148,,dental calculus,,ENA,PRJEB52394,ERS11702804,Ancient Metagenome - Host-associated,Homo sapiens,oral,,,,
Velsko2022,2022,10.1093/pnasnexus/pgac148,Middenbeemster,52.548,4.914,Netherlands,,,,MID088,200,10.1093/pnasnexus/pgac148,,dental calculus,,ENA,PRJEB52394,ERS11702805,Ancient Metagenome - Host-associated,Homo sapiens,oral,,,,
Velsko2022,2022,10.1093/pnasnexus/pgac148,Middenbeemster,52.548,4.914,Netherlands,,,,MID089,200,10.1093/pnasnexus/pgac148,,dental calculus,,ENA,PRJEB52394,ERS11702806,Ancient Metagenome - Host-associated,Homo sapiens,oral,,,,
Velsko2022,2022,10.1093/pnasnexus/pgac148,Middenbeemster,52.548,4.914,Netherlands,,,,MID090,200,10.1093/pnasnexus/pgac148,,dental calculus,,ENA,PRJEB52394,ERS11702807,Ancient Metagenome - Host-associated,Homo sapiens,oral,,,,
Velsko2022,2022,10.1093/pnasnexus/pgac148,Middenbeemster,52.548,4.914,Netherlands,,,,MID091,200,10.1093/pnasnexus/pgac148,,dental calculus,,ENA,PRJEB52394,ERS11702808,Ancient Metagenome - Host-associated,Homo sapiens,oral,,,,
Velsko2022,2022,10.1093/pnasnexus/pgac148,Middenbeemster,52.548,4.914,Netherlands,,,,MID092,200,10.1093/pnasnexus/pgac148,,dental calculus,,ENA,PRJEB52394,ERS11702809,Ancient Metagenome - Host-associated,Homo sapiens,oral,,,,
Velsko2022,2022,10.1093/pnasnexus/pgac148,Middenbeemster,52.548,4.914,Netherlands,,,,MID093,200,10.1093/pnasnexus/pgac148,,dental calculus,,ENA,PRJEB52394,ERS11702810,Ancient Metagenome - Host-associated,Homo sapiens,oral,,,,
Velsko2022,2022,10.1093/pnasnexus/pgac148,Middenbeemster,52.548,4.914,Netherlands,,,,MID094,200,10.1093/pnasnexus/pgac148,,dental calculus,,ENA,PRJEB52394,ERS11702811,Ancient Metagenome - Host-associated,Homo sapiens,oral,,,,
Velsko2022,2022,10.1093/pnasnexus/pgac148,Middenbeemster,52.548,4.914,Netherlands,,,,MID097,200,10.1093/pnasnexus/pgac148,,dental calculus,,ENA,PRJEB52394,ERS11702812,Ancient Metagenome - Host-associated,Homo sapiens,oral,,,,
Velsko2022,2022,10.1093/pnasnexus/pgac148,Middenbeemster,52.548,4.914,Netherlands,,,,MID101,200,10.1093/pnasnexus/pgac148,,dental calculus,,ENA,PRJEB52394,ERS11702813,Ancient Metagenome - Host-associated,Homo sapiens,oral,,,,
Velsko2022,2022,10.1093/pnasnexus/pgac148,Middenbeemster,52.548,4.914,Netherlands,,,,MID102,200,10.1093/pnasnexus/pgac148,,dental calculus,,ENA,PRJEB52394,ERS11702814,Ancient Metagenome - Host-associated,Homo sapiens,oral,,,,
Moraitou2022,2022,10.1093/molbev/msac263,Ogowe,-1.04,10.03,Gabon,,,,G0008,100,10.1093/molbev/msac263,,dental calculus,,ENA,PRJEB49638,ERS9656250,Ancient Metagenome - Host-associated,Gorilla gorilla gorilla,oral,,,,
Moraitou2022,2022,10.1093/molbev/msac263,Tshela,-4.59,12.56,Democratic Republic of the Congo,,,,G0034,100,10.1093/molbev/msac263,,dental calculus,,ENA,PRJEB49638,ERS9656270,Ancient Metagenome - Host-associated,Gorilla gorilla gorilla,oral,,,,
Moraitou2022,2022,10.1093/molbev/msac263,N'Dongo,-2.2,13.4,Gabon,,,,G0005,100,10.1093/molbev/msac263,,dental calculus,,ENA,PRJEB49638,ERS9656248,Ancient Metagenome - Host-associated,Gorilla gorilla gorilla,oral,,,,
Moraitou2022,2022,10.1093/molbev/msac263,ΝΑ,1.56,12.85,Cameroon,,,,G0007,100,10.1093/molbev/msac263,,dental calculus,,ENA,PRJEB49638,ERS9656249,Ancient Metagenome - Host-associated,Gorilla gorilla gorilla,oral,,,,
Moraitou2022,2022,10.1093/molbev/msac263,Onkimoyos 8 km,2.47,12.08,Cameroon,,,,G0026,100,10.1093/molbev/msac263,,dental calculus,,ENA,PRJEB49638,ERS9656264,Ancient Metagenome - Host-associated,Gorilla gorilla gorilla,oral,,,,
Moraitou2022,2022,10.1093/molbev/msac263,Zoulabot,3.17,14.02,Cameroon,,,,G0012,100,10.1093/molbev/msac263,,dental calculus,,ENA,PRJEB49638,ERS9656254,Ancient Metagenome - Host-associated,Gorilla gorilla gorilla,oral,,,,
Moraitou2022,2022,10.1093/molbev/msac263,Moboe,3.15,13.0,Cameroon,,,,G0036,100,10.1093/molbev/msac263,,dental calculus,,ENA,PRJEB49638,ERS9656271,Ancient Metagenome - Host-associated,Gorilla gorilla gorilla,oral,,,,
Moraitou2022,2022,10.1093/molbev/msac263,Foret de Maniema,-3.07,26.04,Democratic Republic of the Congo,,,,G0028,100,10.1093/molbev/msac263,,dental calculus,,ENA,PRJEB49638,ERS9656265,Ancient Metagenome - Host-associated,Gorilla beringei graueri,oral,,,,
Moraitou2022,2022,10.1093/molbev/msac263,Bitule,-0.56,27.03,Democratic Republic of the Congo,,,,G0020,100,10.1093/molbev/msac263,,dental calculus,,ENA,PRJEB49638,ERS9656262,Ancient Metagenome - Host-associated,Gorilla beringei graueri,oral,,,,
Moraitou2022,2022,10.1093/molbev/msac263,Kato,-2.21,27.38,Democratic Republic of the Congo,,,,G0001,100,10.1093/molbev/msac263,,dental calculus,,ENA,PRJEB49638,ERS9656246,Ancient Metagenome - Host-associated,Gorilla beringei graueri,oral,,,,
Moraitou2022,2022,10.1093/molbev/msac263,Walikale,-1.0,28.0,Democratic Republic of the Congo,,,,G0014,100,10.1093/molbev/msac263,,dental calculus,,ENA,PRJEB49638,ERS9656256,Ancient Metagenome - Host-associated,Gorilla beringei graueri,oral,,,,
Moraitou2022,2022,10.1093/molbev/msac263,Shabunda,-2.42,27.2,Democratic Republic of the Congo,,,,G0017,100,10.1093/molbev/msac263,,dental calculus,,ENA,PRJEB49638,ERS9656259,Ancient Metagenome - Host-associated,Gorilla beringei graueri,oral,,,,
Moraitou2022,2022,10.1093/molbev/msac263,Shabunda,-2.42,27.2,Democratic Republic of the Congo,,,,G0033,100,10.1093/molbev/msac263,,dental calculus,,ENA,PRJEB49638,ERS9656269,Ancient Metagenome - Host-associated,Gorilla beringei graueri,oral,,,,
Moraitou2022,2022,10.1093/molbev/msac263,Baraka Sibatwa forest,-4.05,29.05,Democratic Republic of the Congo,,,,G0016,100,10.1093/molbev/msac263,,dental calculus,,ENA,PRJEB49638,ERS9656258,Ancient Metagenome - Host-associated,Gorilla beringei graueri,oral,,,,
Moraitou2022,2022,10.1093/molbev/msac263,Baraka Sibatwa forest,-4.05,29.05,Democratic Republic of the Congo,,,,G0019,100,10.1093/molbev/msac263,,dental calculus,,ENA,PRJEB49638,ERS9656261,Ancient Metagenome - Host-associated,Gorilla beringei graueri,oral,,,,
Moraitou2022,2022,10.1093/molbev/msac263,Baraka Sibatwa forest,-4.05,29.05,Democratic Republic of the Congo,,,,G0031,100,10.1093/molbev/msac263,,dental calculus,,ENA,PRJEB49638,ERS9656268,Ancient Metagenome - Host-associated,Gorilla beringei graueri,oral,,,,
Moraitou2022,2022,10.1093/molbev/msac263,Ibatsero,-0.06,29.16,Democratic Republic of the Congo,,,,G0011,100,10.1093/molbev/msac263,,dental calculus,,ENA,PRJEB49638,ERS9656253,Ancient Metagenome - Host-associated,Gorilla beringei graueri,oral,,,,
Moraitou2022,2022,10.1093/molbev/msac263,Ibatsero,-0.06,29.16,Democratic Republic of the Congo,,,,G0013,100,10.1093/molbev/msac263,,dental calculus,,ENA,PRJEB49638,ERS9656255,Ancient Metagenome - Host-associated,Gorilla beringei graueri,oral,,,,
Moraitou2022,2022,10.1093/molbev/msac263,Lubero,-0.09,29.13,Democratic Republic of the Congo,,,,G0018,100,10.1093/molbev/msac263,,dental calculus,,ENA,PRJEB49638,ERS9656260,Ancient Metagenome - Host-associated,Gorilla beringei graueri,oral,,,,
Moraitou2022,2022,10.1093/molbev/msac263,Baraka Sibatwa forest,-4.05,29.05,Democratic Republic of the Congo,,,,G0009,100,10.1093/molbev/msac263,,dental calculus,,ENA,PRJEB49638,ERS9656251,Ancient Metagenome - Host-associated,Gorilla beringei graueri,oral,,,,
Moraitou2022,2022,10.1093/molbev/msac263,Virunga Massif,-1.46,29.42,Democratic Republic of the Congo,,,,G0021,100,10.1093/molbev/msac263,,dental calculus,,ENA,PRJEB49638,ERS9656263,Ancient Metagenome - Host-associated,Gorilla beringei beringei,oral,,,,
Moraitou2022,2022,10.1093/molbev/msac263,N'Counda,-1.3,15.3,Republic of the Congo,,,,G0015,100,10.1093/molbev/msac263,,dental calculus,,ENA,PRJEB49638,ERS9656257,Ancient Metagenome - Host-associated,Gorilla gorilla gorilla,oral,,,,
Moraitou2022,2022,10.1093/molbev/msac263,Mang,3.12,14.05,Cameroon,,,,G0029,100,10.1093/molbev/msac263,,dental calculus,,ENA,PRJEB49638,ERS9656266,Ancient Metagenome - Host-associated,Gorilla gorilla gorilla,oral,,,,
Moraitou2022,2022,10.1093/molbev/msac263,Ibatsero,-0.06,29.16,Democratic Republic of the Congo,,,,G0004,100,10.1093/molbev/msac263,,dental calculus,,ENA,PRJEB49638,ERS9656247,Ancient Metagenome - Host-associated,Gorilla beringei graueri,oral,,,,
Moraitou2022,2022,10.1093/molbev/msac263,Baraka Sibatwa forest,-4.05,29.05,Democratic Republic of the Congo,,,,G0010,100,10.1093/molbev/msac263,,dental calculus,,ENA,PRJEB49638,ERS9656252,Ancient Metagenome - Host-associated,Gorilla beringei graueri,oral,,,,
Moraitou2022,2022,10.1093/molbev/msac263,Virunga Massif,-1.5,29.43,Democratic Republic of the Congo,,,,G0030,100,10.1093/molbev/msac263,,dental calculus,,ENA,PRJEB49638,ERS9656267,Ancient Metagenome - Host-associated,Gorilla beringei beringei,oral,,,,
Quagliariello2022,2022,10.1038/s41467-022-34416-0,"Biccari, Apulia",41.21,16.06,Italy,,,,BIC.T2,6900,10.1038/s41467-022-34416-0,,dental calculus,,SRA,PRJNA791766,SRS11653536,Ancient Metagenome - Host-associated,Homo sapiens,oral,,,,
Quagliariello2022,2022,10.1038/s41467-022-34416-0,"Deliceto, Apulia",41.13,15.23,Italy,,,,DEL77,4900,10.1038/s41467-022-34416-0,,dental calculus,,SRA,PRJNA791766,SRS11653603,Ancient Metagenome - Host-associated,Homo sapiens,oral,,,,
Quagliariello2022,2022,10.1038/s41467-022-34416-0,"Fermo, Marche",43.16,13.71,Italy,,,,Fer.T64,4300,10.1038/s41467-022-34416-0,,dental calculus,,SRA,PRJNA791766,SRS11653612,Ancient Metagenome - Host-associated,Homo sapiens,oral,,,,
Quagliariello2022,2022,10.1038/s41467-022-34416-0,"Fermo, Marche",43.16,13.71,Italy,,,,Fer.T65,4300,10.1038/s41467-022-34416-0,,dental calculus,,SRA,PRJNA791766,SRS11653613,Ancient Metagenome - Host-associated,Homo sapiens,oral,,,,
Quagliariello2022,2022,10.1038/s41467-022-34416-0,"Fermo, Marche",43.16,13.71,Italy,,,,Fer.T67,4300,10.1038/s41467-022-34416-0,,dental calculus,,SRA,PRJNA791766,SRS11653541,Ancient Metagenome - Host-associated,Homo sapiens,oral,,,,
Quagliariello2022,2022,10.1038/s41467-022-34416-0,"Fermo, Marche",43.16,13.71,Italy,,,,Fer.T69,4300,10.1038/s41467-022-34416-0,,dental calculus,,SRA,PRJNA791766,SRS11653539,Ancient Metagenome - Host-associated,Homo sapiens,oral,,,,
Quagliariello2022,2022,10.1038/s41467-022-34416-0,"Fermo, Marche",43.16,13.71,Italy,,,,Fer.T75,4300,10.1038/s41467-022-34416-0,,dental calculus,,SRA,PRJNA791766,SRS11653538,Ancient Metagenome - Host-associated,Homo sapiens,oral,,,,
Quagliariello2022,2022,10.1038/s41467-022-34416-0,"Foggia, Apulia",41.46,15.55,Italy,,,,Gil12,6100,10.1038/s41467-022-34416-0,,dental calculus,,SRA,PRJNA791766,SRS11653542,Ancient Metagenome - Host-associated,Homo sapiens,oral,,,,
Quagliariello2022,2022,10.1038/s41467-022-34416-0,"Gricignano, Campania",40.98,14.23,Italy,,,,GR.T12,4100,10.1038/s41467-022-34416-0,,dental calculus,,SRA,PRJNA791766,SRS11653543,Ancient Metagenome - Host-associated,Homo sapiens,oral,,,,
Quagliariello2022,2022,10.1038/s41467-022-34416-0,"Gricignano, Campania",40.98,14.23,Italy,,,,GR.T15A,4100,10.1038/s41467-022-34416-0,,dental calculus,,SRA,PRJNA791766,SRS11653544,Ancient Metagenome - Host-associated,Homo sapiens,oral,,,,
Quagliariello2022,2022,10.1038/s41467-022-34416-0,"Gricignano, Campania",40.98,14.23,Italy,,,,GR.T16,4100,10.1038/s41467-022-34416-0,,dental calculus,,SRA,PRJNA791766,SRS11653545,Ancient Metagenome - Host-associated,Homo sapiens,oral,,,,
Quagliariello2022,2022,10.1038/s41467-022-34416-0,"Gricignano, Campania",40.98,14.23,Italy,,,,GR.T34a,4100,10.1038/s41467-022-34416-0,,dental calculus,,SRA,PRJNA791766,SRS11653547,Ancient Metagenome - Host-associated,Homo sapiens,oral,,,,
Quagliariello2022,2022,10.1038/s41467-022-34416-0,"Gricignano, Campania",40.98,14.23,Italy,,,,GR.T34b,4100,10.1038/s41467-022-34416-0,,dental calculus,,SRA,PRJNA791766,SRS11653546,Ancient Metagenome - Host-associated,Homo sapiens,oral,,,,
Quagliariello2022,2022,10.1038/s41467-022-34416-0,"Gricignano, Campania",40.98,14.23,Italy,,,,GR.T8,4100,10.1038/s41467-022-34416-0,,dental calculus,,SRA,PRJNA791766,SRS11653549,Ancient Metagenome - Host-associated,Homo sapiens,oral,,,,
Quagliariello2022,2022,10.1038/s41467-022-34416-0,"Recanati-Cava Kock, Marche",43.36,13.51,Italy,,,,Kock,5000,10.1038/s41467-022-34416-0,,dental calculus,,SRA,PRJNA791766,SRS11653550,Ancient Metagenome - Host-associated,Homo sapiens,oral,,,,
Quagliariello2022,2022,10.1038/s41467-022-34416-0,"Masseria Candelaro, Apulia",41.38,15.55,Italy,,,,CND40_IDA,6700,10.1038/s41467-022-34416-0,,dental calculus,,SRA,PRJNA791766,SRS11653537,Ancient Metagenome - Host-associated,Homo sapiens,oral,,,,
Quagliariello2022,2022,10.1038/s41467-022-34416-0,"Masseria Candelaro, Apulia",41.38,15.55,Italy,,,,CND40_IDB,7300,10.1038/s41467-022-34416-0,,dental calculus,,SRA,PRJNA791766,SRS11653548,Ancient Metagenome - Host-associated,Homo sapiens,oral,,,,
Quagliariello2022,2022,10.1038/s41467-022-34416-0,"Masseria Candelaro, Apulia",41.38,15.55,Italy,,,,CND43,7300,10.1038/s41467-022-34416-0,,dental calculus,,SRA,PRJNA791766,SRS11653559,Ancient Metagenome - Host-associated,Homo sapiens,oral,,,,
Quagliariello2022,2022,10.1038/s41467-022-34416-0,"Masseria Candelaro, Apulia",41.38,15.55,Italy,,,,CND86,7300,10.1038/s41467-022-34416-0,,dental calculus,,SRA,PRJNA791766,SRS11653570,Ancient Metagenome - Host-associated,Homo sapiens,oral,,,,
Quagliariello2022,2022,10.1038/s41467-022-34416-0,"Masseria Candelaro, Apulia",41.38,15.55,Italy,,,,CND91,6600,10.1038/s41467-022-34416-0,,dental calculus,,SRA,PRJNA791766,SRS11653581,Ancient Metagenome - Host-associated,Homo sapiens,oral,,,,
Quagliariello2022,2022,10.1038/s41467-022-34416-0,"Masseria Candelaro, Apulia",41.38,15.55,Italy,,,,CND92,7300,10.1038/s41467-022-34416-0,,dental calculus,,SRA,PRJNA791766,SRS11653592,Ancient Metagenome - Host-associated,Homo sapiens,oral,,,,
Quagliariello2022,2022,10.1038/s41467-022-34416-0,"Masseria Candelaro, Apulia",41.38,15.55,Italy,,,,FFB4A,7300,10.1038/s41467-022-34416-0,,dental calculus,,SRA,PRJNA791766,SRS11653540,Ancient Metagenome - Host-associated,Homo sapiens,oral,,,,
Quagliariello2022,2022,10.1038/s41467-022-34416-0,"Melfi, Basilicata",40.99,15.64,Italy,,,,MELT1,4800,10.1038/s41467-022-34416-0,,dental calculus,,SRA,PRJNA791766,SRS11653551,Ancient Metagenome - Host-associated,Homo sapiens,oral,,,,
Quagliariello2022,2022,10.1038/s41467-022-34416-0,"Melfi, Basilicata",40.99,15.64,Italy,,,,MELT2,4800,10.1038/s41467-022-34416-0,,dental calculus,,SRA,PRJNA791766,SRS11653552,Ancient Metagenome - Host-associated,Homo sapiens,oral,,,,
Quagliariello2022,2022,10.1038/s41467-022-34416-0,"Melfi, Basilicata",40.99,15.64,Italy,,,,MELT3,4800,10.1038/s41467-022-34416-0,,dental calculus,,SRA,PRJNA791766,SRS11653553,Ancient Metagenome - Host-associated,Homo sapiens,oral,,,,
Quagliariello2022,2022,10.1038/s41467-022-34416-0,"Paglicci, Apulia",41.67,15.58,Italy,,,,PA.12,24800,10.1038/s41467-022-34416-0,,dental calculus,,SRA,PRJNA791766,SRS11653563,Ancient Metagenome - Host-associated,Homo sapiens,oral,,,,
Quagliariello2022,2022,10.1038/s41467-022-34416-0,"Paglicci, Apulia",41.67,15.58,Italy,,,,PA.133,33000,10.1038/s41467-022-34416-0,,dental calculus,,SRA,PRJNA791766,SRS11653565,Ancient Metagenome - Host-associated,Homo sapiens,oral,,,,
Quagliariello2022,2022,10.1038/s41467-022-34416-0,"Paglicci, Apulia",41.67,15.58,Italy,,,,PA.14 B,21300,10.1038/s41467-022-34416-0,,dental calculus,,SRA,PRJNA791766,SRS11653566,Ancient Metagenome - Host-associated,Homo sapiens,oral,,,,
Quagliariello2022,2022,10.1038/s41467-022-34416-0,"Paglicci, Apulia",41.67,15.58,Italy,,,,PA.140,15500,10.1038/s41467-022-34416-0,,dental calculus,,SRA,PRJNA791766,SRS11653567,Ancient Metagenome - Host-associated,Homo sapiens,oral,,,,
Quagliariello2022,2022,10.1038/s41467-022-34416-0,"Paglicci, Apulia",41.67,15.58,Italy,,,,PA.150,15500,10.1038/s41467-022-34416-0,,dental calculus,,SRA,PRJNA791766,SRS11653568,Ancient Metagenome - Host-associated,Homo sapiens,oral,,,,
Quagliariello2022,2022,10.1038/s41467-022-34416-0,"Paglicci, Apulia",41.67,15.58,Italy,,,,PA.157,15500,10.1038/s41467-022-34416-0,,dental calculus,,SRA,PRJNA791766,SRS11653569,Ancient Metagenome - Host-associated,Homo sapiens,oral,,,,
Quagliariello2022,2022,10.1038/s41467-022-34416-0,"Paglicci, Apulia",41.67,15.58,Italy,,,,PA.25,23470,10.1038/s41467-022-34416-0,,dental calculus,,SRA,PRJNA791766,SRS11653571,Ancient Metagenome - Host-associated,Homo sapiens,oral,,,,
Quagliariello2022,2022,10.1038/s41467-022-34416-0,"Paglicci, Apulia",41.67,15.58,Italy,,,,PA.38,15500,10.1038/s41467-022-34416-0,,dental calculus,,SRA,PRJNA791766,SRS11653572,Ancient Metagenome - Host-associated,Homo sapiens,oral,,,,
Quagliariello2022,2022,10.1038/s41467-022-34416-0,"Paglicci, Apulia",41.67,15.58,Italy,,,,PA.39,15500,10.1038/s41467-022-34416-0,,dental calculus,,SRA,PRJNA791766,SRS11653574,Ancient Metagenome - Host-associated,Homo sapiens,oral,,,,
Quagliariello2022,2022,10.1038/s41467-022-34416-0,"Palagiano, Apulia",40.58,17.03,Italy,,,,P.T10.1,6500,10.1038/s41467-022-34416-0,,dental calculus,,SRA,PRJNA791766,SRS11653554,Ancient Metagenome - Host-associated,Homo sapiens,oral,,,,
Quagliariello2022,2022,10.1038/s41467-022-34416-0,"Palagiano, Apulia",40.58,17.03,Italy,,,,P.T10.10,6500,10.1038/s41467-022-34416-0,,dental calculus,,SRA,PRJNA791766,SRS11653555,Ancient Metagenome - Host-associated,Homo sapiens,oral,,,,
Quagliariello2022,2022,10.1038/s41467-022-34416-0,"Palagiano, Apulia",40.58,17.03,Italy,,,,P.T10.45,6500,10.1038/s41467-022-34416-0,,dental calculus,,SRA,PRJNA791766,SRS11653556,Ancient Metagenome - Host-associated,Homo sapiens,oral,,,,
Quagliariello2022,2022,10.1038/s41467-022-34416-0,"Palagiano, Apulia",40.58,17.03,Italy,,,,P.T10.65,6500,10.1038/s41467-022-34416-0,,dental calculus,,SRA,PRJNA791766,SRS11653557,Ancient Metagenome - Host-associated,Homo sapiens,oral,,,,
Quagliariello2022,2022,10.1038/s41467-022-34416-0,"Palagiano, Apulia",40.58,17.03,Italy,,,,P.T10.8,6500,10.1038/s41467-022-34416-0,,dental calculus,,SRA,PRJNA791766,SRS11653558,Ancient Metagenome - Host-associated,Homo sapiens,oral,,,,
Quagliariello2022,2022,10.1038/s41467-022-34416-0,"Palagiano, Apulia",40.58,17.03,Italy,,,,P.T3N,6500,10.1038/s41467-022-34416-0,,dental calculus,,SRA,PRJNA791766,SRS11653560,Ancient Metagenome - Host-associated,Homo sapiens,oral,,,,
Quagliariello2022,2022,10.1038/s41467-022-34416-0,"Palagiano, Apulia",40.58,17.03,Italy,,,,P.T3S,6500,10.1038/s41467-022-34416-0,,dental calculus,,SRA,PRJNA791766,SRS11653561,Ancient Metagenome - Host-associated,Homo sapiens,oral,,,,
Quagliariello2022,2022,10.1038/s41467-022-34416-0,"Palagiano, Apulia",40.58,17.03,Italy,,,,P.T7c,5700,10.1038/s41467-022-34416-0,,dental calculus,,SRA,PRJNA791766,SRS11653562,Ancient Metagenome - Host-associated,Homo sapiens,oral,,,,
Quagliariello2022,2022,10.1038/s41467-022-34416-0,"Palagiano, Apulia",40.58,17.03,Italy,,,,P.T8.2,5500,10.1038/s41467-022-34416-0,,dental calculus,,SRA,PRJNA791766,SRS11653564,Ancient Metagenome - Host-associated,Homo sapiens,oral,,,,
Quagliariello2022,2022,10.1038/s41467-022-34416-0,"Passo di Corvo, Apulia",41.55,15.61,Italy,,,,PC-T10Bis,6200,10.1038/s41467-022-34416-0,,dental calculus,,SRA,PRJNA791766,SRS11653573,Ancient Metagenome - Host-associated,Homo sapiens,oral,,,,
Quagliariello2022,2022,10.1038/s41467-022-34416-0,"Passo di Corvo, Apulia",41.55,15.61,Italy,,,,PC-T11,6200,10.1038/s41467-022-34416-0,,dental calculus,,SRA,PRJNA791766,SRS11653575,Ancient Metagenome - Host-associated,Homo sapiens,oral,,,,
Quagliariello2022,2022,10.1038/s41467-022-34416-0,"Passo di Corvo, Apulia",41.55,15.61,Italy,,,,PC-T12,6200,10.1038/s41467-022-34416-0,,dental calculus,,SRA,PRJNA791766,SRS11653576,Ancient Metagenome - Host-associated,Homo sapiens,oral,,,,
Quagliariello2022,2022,10.1038/s41467-022-34416-0,"Passo di Corvo, Apulia",41.55,15.61,Italy,,,,PC-T3,6200,10.1038/s41467-022-34416-0,,dental calculus,,SRA,PRJNA791766,SRS11653577,Ancient Metagenome - Host-associated,Homo sapiens,oral,,,,
Quagliariello2022,2022,10.1038/s41467-022-34416-0,"Passo di Corvo, Apulia",41.55,15.61,Italy,,,,PC-T5,6200,10.1038/s41467-022-34416-0,,dental calculus,,SRA,PRJNA791766,SRS11653578,Ancient Metagenome - Host-associated,Homo sapiens,oral,,,,
Quagliariello2022,2022,10.1038/s41467-022-34416-0,"Passo di Corvo, Apulia",41.55,15.61,Italy,,,,PC-T9,6200,10.1038/s41467-022-34416-0,,dental calculus,,SRA,PRJNA791766,SRS11653579,Ancient Metagenome - Host-associated,Homo sapiens,oral,,,,
Quagliariello2022,2022,10.1038/s41467-022-34416-0,"Portonovo, Marche",43.56,13.59,Italy,,,,US1034,6500,10.1038/s41467-022-34416-0,,dental calculus,,SRA,PRJNA791766,SRS11653606,Ancient Metagenome - Host-associated,Homo sapiens,oral,,,,
Quagliariello2022,2022,10.1038/s41467-022-34416-0,"Portonovo, Marche",43.56,13.59,Italy,,,,US1054,6100,10.1038/s41467-022-34416-0,,dental calculus,,SRA,PRJNA791766,SRS11653607,Ancient Metagenome - Host-associated,Homo sapiens,oral,,,,
Quagliariello2022,2022,10.1038/s41467-022-34416-0,"Portonovo, Marche",43.56,13.59,Italy,,,,US1056_I,6100,10.1038/s41467-022-34416-0,,dental calculus,,SRA,PRJNA791766,SRS11653610,Ancient Metagenome - Host-associated,Homo sapiens,oral,,,,
Quagliariello2022,2022,10.1038/s41467-022-34416-0,"Portonovo, Marche",43.56,13.59,Italy,,,,US1056_II,6100,10.1038/s41467-022-34416-0,,dental calculus,,SRA,PRJNA791766,SRS11653608,Ancient Metagenome - Host-associated,Homo sapiens,oral,,,,
Quagliariello2022,2022,10.1038/s41467-022-34416-0,"Ripatetta, Apulia",41.3,15.2,Italy,,,,Rip.USD304,6300,10.1038/s41467-022-34416-0,,dental calculus,,SRA,PRJNA791766,SRS11653580,Ancient Metagenome - Host-associated,Homo sapiens,oral,,,,
Quagliariello2022,2022,10.1038/s41467-022-34416-0,"Ripatetta, Apulia",41.3,15.2,Italy,,,,Rip.USD346,6300,10.1038/s41467-022-34416-0,,dental calculus,,SRA,PRJNA791766,SRS11653583,Ancient Metagenome - Host-associated,Homo sapiens,oral,,,,
Quagliariello2022,2022,10.1038/s41467-022-34416-0,"Ripatetta, Apulia",41.3,15.2,Italy,,,,Rip.USD35,6300,10.1038/s41467-022-34416-0,,dental calculus,,SRA,PRJNA791766,SRS11653582,Ancient Metagenome - Host-associated,Homo sapiens,oral,,,,
Quagliariello2022,2022,10.1038/s41467-022-34416-0,"Ripatetta, Apulia",41.3,15.2,Italy,,,,Rip.USD359,6300,10.1038/s41467-022-34416-0,,dental calculus,,SRA,PRJNA791766,SRS11653584,Ancient Metagenome - Host-associated,Homo sapiens,oral,,,,
Quagliariello2022,2022,10.1038/s41467-022-34416-0,"Ripatetta, Apulia",41.3,15.2,Italy,,,,Rip.USD360,6300,10.1038/s41467-022-34416-0,,dental calculus,,SRA,PRJNA791766,SRS11653585,Ancient Metagenome - Host-associated,Homo sapiens,oral,,,,
Quagliariello2022,2022,10.1038/s41467-022-34416-0,"Ripatetta, Apulia",41.3,15.2,Italy,,,,Rip.USD41,6300,10.1038/s41467-022-34416-0,,dental calculus,,SRA,PRJNA791766,SRS11653586,Ancient Metagenome - Host-associated,Homo sapiens,oral,,,,
Quagliariello2022,2022,10.1038/s41467-022-34416-0,"Ripatetta, Apulia",41.3,15.2,Italy,,,,Rip.USD527,6300,10.1038/s41467-022-34416-0,,dental calculus,,SRA,PRJNA791766,SRS11653587,Ancient Metagenome - Host-associated,Homo sapiens,oral,,,,
Quagliariello2022,2022,10.1038/s41467-022-34416-0,"Ripatetta, Apulia",41.3,15.2,Italy,,,,Rip.USD613,6300,10.1038/s41467-022-34416-0,,dental calculus,,SRA,PRJNA791766,SRS11653589,Ancient Metagenome - Host-associated,Homo sapiens,oral,,,,
Quagliariello2022,2022,10.1038/s41467-022-34416-0,"Ripatetta, Apulia",41.3,15.2,Italy,,,,Rip.USD618,6300,10.1038/s41467-022-34416-0,,dental calculus,,SRA,PRJNA791766,SRS11653590,Ancient Metagenome - Host-associated,Homo sapiens,oral,,,,
Quagliariello2022,2022,10.1038/s41467-022-34416-0,"Ripatetta, Apulia",41.3,15.2,Italy,,,,Rip.USD625,6300,10.1038/s41467-022-34416-0,,dental calculus,,SRA,PRJNA791766,SRS11653588,Ancient Metagenome - Host-associated,Homo sapiens,oral,,,,
Quagliariello2022,2022,10.1038/s41467-022-34416-0,"Ripatetta, Apulia",41.3,15.2,Italy,,,,Rip.USD628,6300,10.1038/s41467-022-34416-0,,dental calculus,,SRA,PRJNA791766,SRS11653591,Ancient Metagenome - Host-associated,Homo sapiens,oral,,,,
Quagliariello2022,2022,10.1038/s41467-022-34416-0,"Ripatetta, Apulia",41.3,15.2,Italy,,,,Rip.USD687,6300,10.1038/s41467-022-34416-0,,dental calculus,,SRA,PRJNA791766,SRS11653593,Ancient Metagenome - Host-associated,Homo sapiens,oral,,,,
Quagliariello2022,2022,10.1038/s41467-022-34416-0,"Ripatetta, Apulia",41.3,15.2,Italy,,,,Rip.USD688,6300,10.1038/s41467-022-34416-0,,dental calculus,,SRA,PRJNA791766,SRS11653594,Ancient Metagenome - Host-associated,Homo sapiens,oral,,,,
Quagliariello2022,2022,10.1038/s41467-022-34416-0,"Ripatetta, Apulia",41.3,15.2,Italy,,,,Rip.USD688.17,6300,10.1038/s41467-022-34416-0,,dental calculus,,SRA,PRJNA791766,SRS11653595,Ancient Metagenome - Host-associated,Homo sapiens,oral,,,,
Quagliariello2022,2022,10.1038/s41467-022-34416-0,"Ripatetta, Apulia",41.3,15.2,Italy,,,,Rip.USD688.24,6300,10.1038/s41467-022-34416-0,,dental calculus,,SRA,PRJNA791766,SRS11653596,Ancient Metagenome - Host-associated,Homo sapiens,oral,,,,
Quagliariello2022,2022,10.1038/s41467-022-34416-0,"Ripatetta, Apulia",41.3,15.2,Italy,,,,Rip.USD691.A,6300,10.1038/s41467-022-34416-0,,dental calculus,,SRA,PRJNA791766,SRS11653597,Ancient Metagenome - Host-associated,Homo sapiens,oral,,,,
Quagliariello2022,2022,10.1038/s41467-022-34416-0,"Ripatetta, Apulia",41.3,15.2,Italy,,,,Rip.USD691.B,6300,10.1038/s41467-022-34416-0,,dental calculus,,SRA,PRJNA791766,SRS11653598,Ancient Metagenome - Host-associated,Homo sapiens,oral,,,,
Quagliariello2022,2022,10.1038/s41467-022-34416-0,"Ripatetta, Apulia",41.3,15.2,Italy,,,,Rip.USD697,6300,10.1038/s41467-022-34416-0,,dental calculus,,SRA,PRJNA791766,SRS11653599,Ancient Metagenome - Host-associated,Homo sapiens,oral,,,,
Quagliariello2022,2022,10.1038/s41467-022-34416-0,"Bandita San Pantaleo,Tarquinia, Latium",42.25,11.75,Italy,,,,Tar.T67,4600,10.1038/s41467-022-34416-0,,dental calculus,,SRA,PRJNA791766,SRS11653600,Ancient Metagenome - Host-associated,Homo sapiens,oral,,,,
Quagliariello2022,2022,10.1038/s41467-022-34416-0,"Bandita San Pantaleo,Tarquinia, Latium",42.25,11.75,Italy,,,,Tar.T68,4600,10.1038/s41467-022-34416-0,,dental calculus,,SRA,PRJNA791766,SRS11653601,Ancient Metagenome - Host-associated,Homo sapiens,oral,,,,
Quagliariello2022,2022,10.1038/s41467-022-34416-0,"Bandita San Pantaleo,Tarquinia, Latium",42.25,11.75,Italy,,,,Tar.T71,4600,10.1038/s41467-022-34416-0,,dental calculus,,SRA,PRJNA791766,SRS11653602,Ancient Metagenome - Host-associated,Homo sapiens,oral,,,,
Quagliariello2022,2022,10.1038/s41467-022-34416-0,"Troia, Apulia",41.22,15.18,Italy,,,,TR175,5300,10.1038/s41467-022-34416-0,,dental calculus,,SRA,PRJNA791766,SRS11653604,Ancient Metagenome - Host-associated,Homo sapiens,oral,,,,
Quagliariello2022,2022,10.1038/s41467-022-34416-0,"Troia, Apulia",41.22,15.18,Italy,,,,TR177,5300,10.1038/s41467-022-34416-0,,dental calculus,,SRA,PRJNA791766,SRS11653605,Ancient Metagenome - Host-associated,Homo sapiens,oral,,,,
Sarhan2023,2023,10.1186/s12915-022-01509-7,Barfüsserkirche/Franciscan church of Basel,47.554,7.589,Switzerland,,,,2077,200,10.1186/s12915-022-01509-7,,tooth,,ENA,PRJEB44723,ERS6377567,Ancient Metagenome - Host-associated,Homo sapiens,oral,,,,
Kimsis2023,2023,10.1111/1758-2229.13157,Lejasbiteni,56.606,25.285,Latvia,,,,LZP5.2T,1100,10.1111/1758-2229.13157,,tooth,,ENA,PRJEB56776,ERS13577724,Ancient Metagenome - Host-associated,Homo sapiens,oral,,,,
Kimsis2023,2023,10.1111/1758-2229.13157,Lejasbiteni,56.606,25.285,Latvia,,,,LZP10T,1100,10.1111/1758-2229.13157,,tooth,,ENA,PRJEB56776,ERS13577725,Ancient Metagenome - Host-associated,Homo sapiens,oral,,,,
Kimsis2023,2023,10.1111/1758-2229.13157,Lejasbiteni,56.606,25.285,Latvia,,,,LZP18T,1100,10.1111/1758-2229.13157,,tooth,,ENA,PRJEB56776,ERS13577728,Ancient Metagenome - Host-associated,Homo sapiens,oral,,,,
Kimsis2023,2023,10.1111/1758-2229.13157,Cunkani-Drengeri,56.41,24.2,Latvia,,,,LZP26T,1100,10.1111/1758-2229.13157,,tooth,,ENA,PRJEB56776,ERS13577733,Ancient Metagenome - Host-associated,Homo sapiens,oral,,,,
Kimsis2023,2023,10.1111/1758-2229.13157,Cunkani-Drengeri,56.41,24.2,Latvia,,,,LZP27T,1100,10.1111/1758-2229.13157,,tooth,,ENA,PRJEB56776,ERS13577734,Ancient Metagenome - Host-associated,Homo sapiens,oral,,,,
Kimsis2023,2023,10.1111/1758-2229.13157,Lejasbiteni,56.606,25.285,Latvia,,,,LZP31T,1100,10.1111/1758-2229.13157,,tooth,,ENA,PRJEB56776,ERS13577735,Ancient Metagenome - Host-associated,Homo sapiens,oral,,,,
Kimsis2023,2023,10.1111/1758-2229.13157,Lejasbiteni,56.606,25.285,Latvia,,,,LZP36T,1100,10.1111/1758-2229.13157,,tooth,,ENA,PRJEB56776,ERS13577736,Ancient Metagenome - Host-associated,Homo sapiens,oral,,,,
Kimsis2023,2023,10.1111/1758-2229.13157,Lejasbiteni,56.606,25.285,Latvia,,,,LZP38T,1100,10.1111/1758-2229.13157,,tooth,,ENA,PRJEB56776,ERS13577737,Ancient Metagenome - Host-associated,Homo sapiens,oral,,,,
Kimsis2023,2023,10.1111/1758-2229.13157,Cunkani-Drengeri,56.41,24.2,Latvia,,,,LZP40T,1100,10.1111/1758-2229.13157,,tooth,,ENA,PRJEB56776,ERS13577738,Ancient Metagenome - Host-associated,Homo sapiens,oral,,,,
Honap2023,2023,10.1002/ajpa.24735,Hubbard Site,,,USA,,,,WAMP02,700,10.1002/ajpa.24735,,dental calculus,,ENA,PRJNA885571,SRS15300786,Ancient Metagenome - Host-associated,Homo sapiens,oral,,,,
Honap2023,2023,10.1002/ajpa.24735,Austin Site,,,USA,,,,WAMP03,700,10.1002/ajpa.24735,,dental calculus,,ENA,PRJNA885571,SRS15300787,Ancient Metagenome - Host-associated,Homo sapiens,oral,,,,
Honap2023,2023,10.1002/ajpa.24735,Patton Site,,,USA,,,,WAMP04,700,10.1002/ajpa.24735,,dental calculus,,ENA,PRJNA885571,SRS15300798,Ancient Metagenome - Host-associated,Homo sapiens,oral,,,,
Honap2023,2023,10.1002/ajpa.24735,Takoah Site,,,USA,,,,WAMP05,700,10.1002/ajpa.24735,,dental calculus,,ENA,PRJNA885571,SRS15300805,Ancient Metagenome - Host-associated,Homo sapiens,oral,,,,
Honap2023,2023,10.1002/ajpa.24735,Thelma Wilson Site,,,USA,,,,WAMP06,700,10.1002/ajpa.24735,,dental calculus,,ENA,PRJNA885571,SRS15300806,Ancient Metagenome - Host-associated,Homo sapiens,oral,,,,
Honap2023,2023,10.1002/ajpa.24735,Linville 2 Site,,,USA,,,,WAMP07,700,10.1002/ajpa.24735,,dental calculus,,ENA,PRJNA885571,SRS15300807,Ancient Metagenome - Host-associated,Homo sapiens,oral,,,,
Honap2023,2023,10.1002/ajpa.24735,McLemore Site,,,USA,,,,WAMP09,700,10.1002/ajpa.24735,,dental calculus,,ENA,PRJNA885571,SRS15300808,Ancient Metagenome - Host-associated,Homo sapiens,oral,,,,
Honap2023,2023,10.1002/ajpa.24735,McLemore Site,,,USA,,,,WAMP10,700,10.1002/ajpa.24735,,dental calculus,,ENA,PRJNA885571,SRS15300809,Ancient Metagenome - Host-associated,Homo sapiens,oral,,,,
Honap2023,2023,10.1002/ajpa.24735,McLemore Site,,,USA,,,,WAMP11,700,10.1002/ajpa.24735,,dental calculus,,ENA,PRJNA885571,SRS15300810,Ancient Metagenome - Host-associated,Homo sapiens,oral,,,,
Honap2023,2023,10.1002/ajpa.24735,Selzer site,,,USA,,,,WAMP33,700,10.1002/ajpa.24735,,dental calculus,,ENA,PRJNA885571,SRS15300803,Ancient Metagenome - Host-associated,Homo sapiens,oral,,,,
Honap2023,2023,10.1002/ajpa.24735,Franklin Cordell Site,,,USA,,,,WAMP27,700,10.1002/ajpa.24735,,dental calculus,,ENA,PRJNA885571,SRS15300801,Ancient Metagenome - Host-associated,Homo sapiens,oral,,,,
Honap2023,2023,10.1002/ajpa.24735,Cotter-Hutson Site,,,USA,,,,WAMP25,700,10.1002/ajpa.24735,,dental calculus,,ENA,PRJNA885571,SRS15300799,Ancient Metagenome - Host-associated,Homo sapiens,oral,,,,
Honap2023,2023,10.1002/ajpa.24735,Grant Site,,,USA,,,,WAMP24,700,10.1002/ajpa.24735,,dental calculus,,ENA,PRJNA885571,SRS15300797,Ancient Metagenome - Host-associated,Homo sapiens,oral,,,,
Honap2023,2023,10.1002/ajpa.24735,Converse Site,,,USA,,,,WAMP29,700,10.1002/ajpa.24735,,dental calculus,,ENA,PRJNA885571,SRS15300802,Ancient Metagenome - Host-associated,Homo sapiens,oral,,,,
Honap2023,2023,10.1002/ajpa.24735,Franklin Cordell Site,,,USA,,,,WAMP26,700,10.1002/ajpa.24735,,dental calculus,,ENA,PRJNA885571,SRS15300800,Ancient Metagenome - Host-associated,Homo sapiens,oral,,,,
Honap2023,2023,10.1002/ajpa.24735,Grant Site,,,USA,,,,WAMP23,700,10.1002/ajpa.24735,,dental calculus,,ENA,PRJNA885571,SRS15300796,Ancient Metagenome - Host-associated,Homo sapiens,oral,,,,
Honap2023,2023,10.1002/ajpa.24735,Grant Site,,,USA,,,,WAMP22,700,10.1002/ajpa.24735,,dental calculus,,ENA,PRJNA885571,SRS15300795,Ancient Metagenome - Host-associated,Homo sapiens,oral,,,,
Honap2023,2023,10.1002/ajpa.24735,Arrington Site,,,USA,,,,WAMP19,700,10.1002/ajpa.24735,,dental calculus,,ENA,PRJNA885571,SRS15300792,Ancient Metagenome - Host-associated,Homo sapiens,oral,,,,
Honap2023,2023,10.1002/ajpa.24735,Hinz Site,,,USA,,,,WAMP12,700,10.1002/ajpa.24735,,dental calculus,,ENA,PRJNA885571,SRS15300811,Ancient Metagenome - Host-associated,Homo sapiens,oral,,,,
Honap2023,2023,10.1002/ajpa.24735,Grant Site,,,USA,,,,WAMP21,700,10.1002/ajpa.24735,,dental calculus,,ENA,PRJNA885571,SRS15300794,Ancient Metagenome - Host-associated,Homo sapiens,oral,,,,
Honap2023,2023,10.1002/ajpa.24735,Grant Site,,,USA,,,,WAMP20,700,10.1002/ajpa.24735,,dental calculus,,ENA,PRJNA885571,SRS15300793,Ancient Metagenome - Host-associated,Homo sapiens,oral,,,,
Honap2023,2023,10.1002/ajpa.24735,Goodman 1 Site,,,USA,,,,WAMP15,700,10.1002/ajpa.24735,,dental calculus,,ENA,PRJNA885571,SRS15300790,Ancient Metagenome - Host-associated,Homo sapiens,oral,,,,
Honap2023,2023,10.1002/ajpa.24735,Sanders Site,,,USA,,,,WAMP14,700,10.1002/ajpa.24735,,dental calculus,,ENA,PRJNA885571,SRS15300789,Ancient Metagenome - Host-associated,Homo sapiens,oral,,,,
Honap2023,2023,10.1002/ajpa.24735,Horne 1 Site,,,USA,,,,WAMP13,700,10.1002/ajpa.24735,,dental calculus,,ENA,PRJNA885571,SRS15300788,Ancient Metagenome - Host-associated,Homo sapiens,oral,,,,
Honap2023,2023,10.1002/ajpa.24735,WRP 9 Site,,,USA,,,,WAMP18,700,10.1002/ajpa.24735,,dental calculus,,ENA,PRJNA885571,SRS15300791,Ancient Metagenome - Host-associated,Homo sapiens,oral,,,,
Honap2023,2023,10.1002/ajpa.24735,Selzer site,,,USA,,,,WAMP34,700,10.1002/ajpa.24735,,dental calculus,,ENA,PRJNA885571,SRS15300804,Ancient Metagenome - Host-associated,Homo sapiens,oral,,,,
Fontani2023,2023,10.1038/s41598-023-39250-y,Grotta di Pietra Sant’Angelo (San Lorenzo Bellizzi),39.89,16.33,Italy,,,,SLBT,6100,10.1038/s41598-023-39250-y,,dental calculus,,ENA,PRJEB58818,ERS14581258,Ancient Metagenome - Host-associated,Homo sapiens,oral,,,,
Fontani2023,2023,10.1038/s41598-023-39250-y,Grotta di Pietra Sant’Angelo (San Lorenzo Bellizzi),39.89,16.33,Italy,,,,SLB,6100,10.1038/s41598-023-39250-y,,tooth,,ENA,PRJEB58818,ERS14410560,Ancient Metagenome - Host-associated,Homo sapiens,oral,,,,
Fiorin2024,2024,10.1038/s41598-024-52422-8,St Leonard's Leper Hospital,52.576,-0.254,United Kingdom,,,,P18,900,10.5284/1046113,,dental calculus,,ENA,PRJEB67363,ERS16464521,Ancient Metagenome - Host-associated,Homo sapiens,oral,,,,
Fiorin2024,2024,10.1038/s41598-024-52422-8,St Leonard's Leper Hospital,52.576,-0.254,United Kingdom,,,,P68,900,10.5284/1046113,,dental calculus,,ENA,PRJEB67363,ERS16464520,Ancient Metagenome - Host-associated,Homo sapiens,oral,,,,
Fiorin2024,2024,10.1038/s41598-024-52422-8,St Leonard's Leper Hospital,52.576,-0.254,United Kingdom,,,,P45,900,10.5284/1046113,,dental calculus,,ENA,PRJEB67363,ERS16464519,Ancient Metagenome - Host-associated,Homo sapiens,oral,,,,
Fiorin2024,2024,10.1038/s41598-024-52422-8,St Leonard's Leper Hospital,52.576,-0.254,United Kingdom,,,,P112,900,10.5284/1046113,,dental calculus,,ENA,PRJEB67363,ERS16464522,Ancient Metagenome - Host-associated,Homo sapiens,oral,,,,
Jackson2024,2024,10.1093/molbev/msae017,Killuragh,52.6,-8.33,Ireland,,,,KGH2-F,3800,10.1093/molbev/msae017,,tooth,,ENA,PRJEB64128,ERS15977755,Ancient Metagenome - Host-associated,Homo sapiens,oral,,,,
Jackson2024,2024,10.1093/molbev/msae017,Killuragh,52.6,-8.33,Ireland,,,,KGH2-B,3800,10.1093/molbev/msae017,,tooth,,ENA,PRJEB64128,ERS15977754,Ancient Metagenome - Host-associated,Homo sapiens,oral,,,,
Jackson2024,2024,10.1093/molbev/msae017,Killuragh,52.6,-8.33,Ireland,,,,KGH1-E,3800,10.1093/molbev/msae017,,tooth,,ENA,PRJEB64128,ERS15977753,Ancient Metagenome - Host-associated,Homo sapiens,oral,,,,
Jackson2024,2024,10.1093/molbev/msae017,Killuragh,52.6,-8.33,Ireland,,,,KGH1-A,3800,10.1093/molbev/msae017,,tooth,,ENA,PRJEB64128,ERS15977752,Ancient Metagenome - Host-associated,Homo sapiens,oral,,,,
Wright2024,2024,10.1016/j.jasrep.2024.104510,Histria,44.55,28.78,Romania,,,,ROM_5C,1600,10.1016/j.jasrep.2024.104510,,dental calculus,,SRA,PRJNA704183,SRS8307107,Ancient Metagenome - Host-associated,Homo sapiens,oral,,,,
Wright2024,2024,10.1016/j.jasrep.2024.104510,Histria,44.55,28.78,Romania,,,,ROM_5D,1600,10.1016/j.jasrep.2024.104510,,dentine,,SRA,PRJNA704183,SRS8307108,Ancient Metagenome - Host-associated,Homo sapiens,oral,,,,
Wright2024,2024,10.1016/j.jasrep.2024.104510,Histria,44.55,28.78,Romania,,,,ROM_10D,1600,10.1016/j.jasrep.2024.104510,,dentine,,SRA,PRJNA704183,SRS8307110,Ancient Metagenome - Host-associated,Homo sapiens,oral,,,,
Wright2024,2024,10.1016/j.jasrep.2024.104510,Histria,44.55,28.78,Romania,,,,ROM_9C,1600,10.1016/j.jasrep.2024.104510,,dental calculus,,SRA,PRJNA704183,SRS8307109,Ancient Metagenome - Host-associated,Homo sapiens,oral,,,,
Austin2024,2024,10.1038/s41598-024-64818-7,St. Louis and Missouri,38.65,-90.26,USA,,,,ARP 1 T,100,10.1038/s41598-024-64818-7,,dental calculus,,SRA,PRJNA1056444,SRS19976950,Ancient Metagenome - Host-associated,Homo sapiens,oral,,,,
Austin2024,2024,10.1038/s41598-024-64818-7,St. Louis and Missouri,38.65,-90.26,USA,,,,ARP 10 T,100,10.1038/s41598-024-64818-7,,dental calculus,,SRA,PRJNA1056444,SRS19976925,Ancient Metagenome - Host-associated,Homo sapiens,oral,,,,
Austin2024,2024,10.1038/s41598-024-64818-7,St. Louis and Missouri,38.65,-90.26,USA,,,,ARP 11 T,100,10.1038/s41598-024-64818-7,,dental calculus,,SRA,PRJNA1056444,SRS19976930,Ancient Metagenome - Host-associated,Homo sapiens,oral,,,,
Austin2024,2024,10.1038/s41598-024-64818-7,St. Louis and Missouri,38.65,-90.26,USA,,,,ARP 12 T,100,10.1038/s41598-024-64818-7,,dental calculus,,SRA,PRJNA1056444,SRS19976927,Ancient Metagenome - Host-associated,Homo sapiens,oral,,,,
Austin2024,2024,10.1038/s41598-024-64818-7,St. Louis and Missouri,38.65,-90.26,USA,,,,ARP 13 T,100,10.1038/s41598-024-64818-7,,dental calculus,,SRA,PRJNA1056444,SRS19976914,Ancient Metagenome - Host-associated,Homo sapiens,oral,,,,
Austin2024,2024,10.1038/s41598-024-64818-7,St. Louis and Missouri,38.65,-90.26,USA,,,,ARP 14 T,100,10.1038/s41598-024-64818-7,,dental calculus,,SRA,PRJNA1056444,SRS19976924,Ancient Metagenome - Host-associated,Homo sapiens,oral,,,,
Austin2024,2024,10.1038/s41598-024-64818-7,St. Louis and Missouri,38.65,-90.26,USA,,,,ARP 15 T,100,10.1038/s41598-024-64818-7,,dental calculus,,SRA,PRJNA1056444,SRS19976923,Ancient Metagenome - Host-associated,Homo sapiens,oral,,,,
Austin2024,2024,10.1038/s41598-024-64818-7,St. Louis and Missouri,38.65,-90.26,USA,,,,ARP 16 T,100,10.1038/s41598-024-64818-7,,dental calculus,,SRA,PRJNA1056444,SRS19976922,Ancient Metagenome - Host-associated,Homo sapiens,oral,,,,
Austin2024,2024,10.1038/s41598-024-64818-7,St. Louis and Missouri,38.65,-90.26,USA,,,,ARP 17 T,100,10.1038/s41598-024-64818-7,,dental calculus,,SRA,PRJNA1056444,SRS19976920,Ancient Metagenome - Host-associated,Homo sapiens,oral,,,,
Austin2024,2024,10.1038/s41598-024-64818-7,St. Louis and Missouri,38.65,-90.26,USA,,,,ARP 18 T,100,10.1038/s41598-024-64818-7,,dental calculus,,SRA,PRJNA1056444,SRS19976916,Ancient Metagenome - Host-associated,Homo sapiens,oral,,,,
Austin2024,2024,10.1038/s41598-024-64818-7,St. Louis and Missouri,38.65,-90.26,USA,,,,ARP 19 T,100,10.1038/s41598-024-64818-7,,dental calculus,,SRA,PRJNA1056444,SRS19976910,Ancient Metagenome - Host-associated,Homo sapiens,oral,,,,
Austin2024,2024,10.1038/s41598-024-64818-7,St. Louis and Missouri,38.65,-90.26,USA,,,,ARP 2 T,100,10.1038/s41598-024-64818-7,,dental calculus,,SRA,PRJNA1056444,SRS19976947,Ancient Metagenome - Host-associated,Homo sapiens,oral,,,,
Austin2024,2024,10.1038/s41598-024-64818-7,St. Louis and Missouri,38.65,-90.26,USA,,,,ARP 20 T,100,10.1038/s41598-024-64818-7,,dental calculus,,SRA,PRJNA1056444,SRS19976909,Ancient Metagenome - Host-associated,Homo sapiens,oral,,,,
Austin2024,2024,10.1038/s41598-024-64818-7,St. Louis and Missouri,38.65,-90.26,USA,,,,ARP 3 T,100,10.1038/s41598-024-64818-7,,dental calculus,,SRA,PRJNA1056444,SRS19976946,Ancient Metagenome - Host-associated,Homo sapiens,oral,,,,
Austin2024,2024,10.1038/s41598-024-64818-7,St. Louis and Missouri,38.65,-90.26,USA,,,,ARP 4 T,100,10.1038/s41598-024-64818-7,,dental calculus,,SRA,PRJNA1056444,SRS19976945,Ancient Metagenome - Host-associated,Homo sapiens,oral,,,,
Austin2024,2024,10.1038/s41598-024-64818-7,St. Louis and Missouri,38.65,-90.26,USA,,,,ARP 5 T,100,10.1038/s41598-024-64818-7,,dental calculus,,SRA,PRJNA1056444,SRS19976939,Ancient Metagenome - Host-associated,Homo sapiens,oral,,,,
Austin2024,2024,10.1038/s41598-024-64818-7,St. Louis and Missouri,38.65,-90.26,USA,,,,ARP 6 T,100,10.1038/s41598-024-64818-7,,dental calculus,,SRA,PRJNA1056444,SRS19976934,Ancient Metagenome - Host-associated,Homo sapiens,oral,,,,
Austin2024,2024,10.1038/s41598-024-64818-7,St. Louis and Missouri,38.65,-90.26,USA,,,,ARP 7 T,100,10.1038/s41598-024-64818-7,,dental calculus,,SRA,PRJNA1056444,SRS19976933,Ancient Metagenome - Host-associated,Homo sapiens,oral,,,,
Austin2024,2024,10.1038/s41598-024-64818-7,St. Louis and Missouri,38.65,-90.26,USA,,,,ARP 8 T,100,10.1038/s41598-024-64818-7,,dental calculus,,SRA,PRJNA1056444,SRS19976932,Ancient Metagenome - Host-associated,Homo sapiens,oral,,,,
Austin2024,2024,10.1038/s41598-024-64818-7,St. Louis and Missouri,38.65,-90.26,USA,,,,ARP 9 T,100,10.1038/s41598-024-64818-7,,dental calculus,,SRA,PRJNA1056444,SRS19976928,Ancient Metagenome - Host-associated,Homo sapiens,oral,,,,
Austin2024,2024,10.1038/s41598-024-64818-7,St. Louis and Missouri,38.65,-90.26,USA,,,,ARP 21 S,100,10.1038/s41598-024-64818-7,,dental calculus,,SRA,PRJNA1056444,SRS19976919,Ancient Metagenome - Host-associated,Homo sapiens,oral,,,,
Austin2024,2024,10.1038/s41598-024-64818-7,St. Louis and Missouri,38.65,-90.26,USA,,,,ARP 30 S,100,10.1038/s41598-024-64818-7,,dental calculus,,SRA,PRJNA1056444,SRS19976913,Ancient Metagenome - Host-associated,Homo sapiens,oral,,,,
Austin2024,2024,10.1038/s41598-024-64818-7,St. Louis and Missouri,38.65,-90.26,USA,,,,ARP 31 S,100,10.1038/s41598-024-64818-7,,dental calculus,,SRA,PRJNA1056444,SRS19976918,Ancient Metagenome - Host-associated,Homo sapiens,oral,,,,
Austin2024,2024,10.1038/s41598-024-64818-7,St. Louis and Missouri,38.65,-90.26,USA,,,,ARP 32 S,100,10.1038/s41598-024-64818-7,,dental calculus,,SRA,PRJNA1056444,SRS19976951,Ancient Metagenome - Host-associated,Homo sapiens,oral,,,,
Austin2024,2024,10.1038/s41598-024-64818-7,St. Louis and Missouri,38.65,-90.26,USA,,,,ARP 33 S,100,10.1038/s41598-024-64818-7,,dental calculus,,SRA,PRJNA1056444,SRS19976917,Ancient Metagenome - Host-associated,Homo sapiens,oral,,,,
Austin2024,2024,10.1038/s41598-024-64818-7,St. Louis and Missouri,38.65,-90.26,USA,,,,ARP 34 S,100,10.1038/s41598-024-64818-7,,dental calculus,,SRA,PRJNA1056444,SRS19976911,Ancient Metagenome - Host-associated,Homo sapiens,oral,,,,
Austin2024,2024,10.1038/s41598-024-64818-7,St. Louis and Missouri,38.65,-90.26,USA,,,,ARP 35 S,100,10.1038/s41598-024-64818-7,,dental calculus,,SRA,PRJNA1056444,SRS19976949,Ancient Metagenome - Host-associated,Homo sapiens,oral,,,,
Austin2024,2024,10.1038/s41598-024-64818-7,St. Louis and Missouri,38.65,-90.26,USA,,,,ARP 36 S,100,10.1038/s41598-024-64818-7,,dental calculus,,SRA,PRJNA1056444,SRS19976944,Ancient Metagenome - Host-associated,Homo sapiens,oral,,,,
Austin2024,2024,10.1038/s41598-024-64818-7,St. Louis and Missouri,38.65,-90.26,USA,,,,ARP 37 S,100,10.1038/s41598-024-64818-7,,dental calculus,,SRA,PRJNA1056444,SRS19976943,Ancient Metagenome - Host-associated,Homo sapiens,oral,,,,
Austin2024,2024,10.1038/s41598-024-64818-7,St. Louis and Missouri,38.65,-90.26,USA,,,,ARP 38 S,100,10.1038/s41598-024-64818-7,,dental calculus,,SRA,PRJNA1056444,SRS19976941,Ancient Metagenome - Host-associated,Homo sapiens,oral,,,,
Austin2024,2024,10.1038/s41598-024-64818-7,St. Louis and Missouri,38.65,-90.26,USA,,,,ARP 39 S,100,10.1038/s41598-024-64818-7,,dental calculus,,SRA,PRJNA1056444,SRS19976940,Ancient Metagenome - Host-associated,Homo sapiens,oral,,,,
Austin2024,2024,10.1038/s41598-024-64818-7,St. Louis and Missouri,38.65,-90.26,USA,,,,ARP 22 S,100,10.1038/s41598-024-64818-7,,dental calculus,,SRA,PRJNA1056444,SRS19976938,Ancient Metagenome - Host-associated,Homo sapiens,oral,,,,
Austin2024,2024,10.1038/s41598-024-64818-7,St. Louis and Missouri,38.65,-90.26,USA,,,,ARP 23 S,100,10.1038/s41598-024-64818-7,,dental calculus,,SRA,PRJNA1056444,SRS19976936,Ancient Metagenome - Host-associated,Homo sapiens,oral,,,,
Austin2024,2024,10.1038/s41598-024-64818-7,St. Louis and Missouri,38.65,-90.26,USA,,,,ARP 24 S,100,10.1038/s41598-024-64818-7,,dental calculus,,SRA,PRJNA1056444,SRS19976935,Ancient Metagenome - Host-associated,Homo sapiens,oral,,,,
Austin2024,2024,10.1038/s41598-024-64818-7,St. Louis and Missouri,38.65,-90.26,USA,,,,ARP 25 S,100,10.1038/s41598-024-64818-7,,dental calculus,,SRA,PRJNA1056444,SRS19976931,Ancient Metagenome - Host-associated,Homo sapiens,oral,,,,
Austin2024,2024,10.1038/s41598-024-64818-7,St. Louis and Missouri,38.65,-90.26,USA,,,,ARP 26 S,100,10.1038/s41598-024-64818-7,,dental calculus,,SRA,PRJNA1056444,SRS19976929,Ancient Metagenome - Host-associated,Homo sapiens,oral,,,,
Austin2024,2024,10.1038/s41598-024-64818-7,St. Louis and Missouri,38.65,-90.26,USA,,,,ARP 27 S,100,10.1038/s41598-024-64818-7,,dental calculus,,SRA,PRJNA1056444,SRS19976921,Ancient Metagenome - Host-associated,Homo sapiens,oral,,,,
Austin2024,2024,10.1038/s41598-024-64818-7,St. Louis and Missouri,38.65,-90.26,USA,,,,ARP 28 S,100,10.1038/s41598-024-64818-7,,dental calculus,,SRA,PRJNA1056444,SRS19976912,Ancient Metagenome - Host-associated,Homo sapiens,oral,,,,
Austin2024,2024,10.1038/s41598-024-64818-7,St. Louis and Missouri,38.65,-90.26,USA,,,,ARP 29 S,100,10.1038/s41598-024-64818-7,,dental calculus,,SRA,PRJNA1056444,SRS19976942,Ancient Metagenome - Host-associated,Homo sapiens,oral,,,,
Bozzi2024,2024,10.1038/s41598-023-40246-x,Mutum,-19.82,-41.44,Brazil,,,,MN0003,100,10.1101/2022.01.27.477466,,tooth,,ENA,PRJEB67998,ERS16595011,Ancient Metagenome - Host-associated,Homo sapiens,skeletal tissue,,,,
Bozzi2024,2024,10.1038/s41598-023-40246-x,Rio Mucuri,-17.51,-41.34,Brazil,,,,MN0009,200,10.1101/2022.01.27.477466,,tooth,,ENA,PRJEB67998,ERS16595017,Ancient Metagenome - Host-associated,Homo sapiens,skeletal tissue,,,,
Bozzi2024,2024,10.1038/s41598-023-40246-x,Itamacuari,-18.03,-41.68,Brazil,,,,MN00010,100,10.1101/2022.01.27.477466,,tooth,,ENA,PRJEB67998,ERS16594997,Ancient Metagenome - Host-associated,Homo sapiens,skeletal tissue,,,,
Bozzi2024,2024,10.1038/s41598-023-40246-x,Mutum,-19.82,-41.44,Brazil,,,,MN00013,100,10.1101/2022.01.27.477466,,tooth,,ENA,PRJEB67998,ERS16595018,Ancient Metagenome - Host-associated,Homo sapiens,skeletal tissue,,,,
Bozzi2024,2024,10.1038/s41598-023-40246-x,Itapimirim,-20.0,-40.0,Brazil,,,,MN00016,400,10.1101/2022.01.27.477466,,tooth,,ENA,PRJEB67998,ERS16595006,Ancient Metagenome - Host-associated,Homo sapiens,skeletal tissue,,,,
Bozzi2024,2024,10.1038/s41598-023-40246-x,Mutum,-19.82,-41.44,Brazil,,,,MN00021,100,10.1101/2022.01.27.477466,,tooth,,ENA,PRJEB67998,ERS16595013,Ancient Metagenome - Host-associated,Homo sapiens,skeletal tissue,,,,
Bozzi2024,2024,10.1038/s41598-023-40246-x,Mutum,-19.82,-41.44,Brazil,,,,MN00022,100,10.1101/2022.01.27.477466,,tooth,,ENA,PRJEB67998,ERS16595004,Ancient Metagenome - Host-associated,Homo sapiens,skeletal tissue,,,,
Bozzi2024,2024,10.1038/s41598-023-40246-x,Rio Mucuri,-17.51,-41.34,Brazil,,,,MN00023,100,10.1101/2022.01.27.477466,,tooth,,ENA,PRJEB67998,ERS16595003,Ancient Metagenome - Host-associated,Homo sapiens,skeletal tissue,,,,
Bozzi2024,2024,10.1038/s41598-023-40246-x,Mutum,-19.82,-41.44,Brazil,,,,MN00039,100,10.1101/2022.01.27.477466,,tooth,,ENA,PRJEB67998,ERS16595002,Ancient Metagenome - Host-associated,Homo sapiens,skeletal tissue,,,,
Bozzi2024,2024,10.1038/s41598-023-40246-x,Mutum,-19.82,-41.44,Brazil,,,,MN00045,200,10.1101/2022.01.27.477466,,tooth,,ENA,PRJEB67998,ERS16595007,Ancient Metagenome - Host-associated,Homo sapiens,skeletal tissue,,,,
Bozzi2024,2024,10.1038/s41598-023-40246-x,Mucuri (Itambacuari),-18.03,-41.68,Brazil,,,,MN00056,100,10.1101/2022.01.27.477466,,tooth,,ENA,PRJEB67998,ERS16595019,Ancient Metagenome - Host-associated,Homo sapiens,skeletal tissue,,,,
Bozzi2024,2024,10.1038/s41598-023-40246-x,Rio Doce,-20.24,-42.9,Brazil,,,,MN00064,200,10.1101/2022.01.27.477466,,tooth,,ENA,PRJEB67998,ERS16595009,Ancient Metagenome - Host-associated,Homo sapiens,skeletal tissue,,,,
Bozzi2024,2024,10.1038/s41598-023-40246-x,Unknown,-13.0,-50.0,Brazil,,,,MN00067,100,10.1101/2022.01.27.477466,,tooth,,ENA,PRJEB67998,ERS16595014,Ancient Metagenome - Host-associated,Homo sapiens,skeletal tissue,,,,
Bozzi2024,2024,10.1038/s41598-023-40246-x,Mutum,-19.82,-41.44,Brazil,,,,MN00068,100,10.1101/2022.01.27.477466,,tooth,,ENA,PRJEB67998,ERS16595005,Ancient Metagenome - Host-associated,Homo sapiens,skeletal tissue,,,,
Bozzi2024,2024,10.1038/s41598-023-40246-x,Rio Mucuri,-17.51,-41.34,Brazil,,,,MN00069,100,10.1101/2022.01.27.477466,,tooth,,ENA,PRJEB67998,ERS16595000,Ancient Metagenome - Host-associated,Homo sapiens,skeletal tissue,,,,
Bozzi2024,2024,10.1038/s41598-023-40246-x,Rio Prado,-16.61,-40.57,Brazil,,,,MN00346,100,10.1101/2022.01.27.477466,,tooth,,ENA,PRJEB67998,ERS16595015,Ancient Metagenome - Host-associated,Homo sapiens,skeletal tissue,,,,
Bozzi2024,2024,10.1038/s41598-023-40246-x,Laguna,-28.48,-48.78,Brazil,,,,MN01701,1900,10.1101/2022.01.27.477466,,tooth,,ENA,PRJEB67998,ERS16594998,Ancient Metagenome - Host-associated,Homo sapiens,skeletal tissue,,,,
Bozzi2024,2024,10.1038/s41598-023-40246-x,Serra de Babilonia,-18.0,-44.0,Brazil,,,,MN1943,900,10.1101/2022.01.27.477466,,tooth,,ENA,PRJEB67998,ERS16595001,Ancient Metagenome - Host-associated,Homo sapiens,skeletal tissue,,,,
Bozzi2024,2024,10.1038/s41598-023-40246-x,Unknown,,,Denmark,,,,H10_T,200,10.1371/journal.pone.0170940,,tooth,,ENA,PRJEB18722,ERS1485690,Ancient Metagenome - Host-associated,Homo sapiens,skeletal tissue,,,,
Bozzi2024,2024,10.1038/s41598-023-40246-x,Unknown,,,Denmark,,,,H2_T,200,10.1371/journal.pone.0170940,,tooth,,ENA,PRJEB18722,ERS1485696,Ancient Metagenome - Host-associated,Homo sapiens,skeletal tissue,,,,
Bozzi2024,2024,10.1038/s41598-023-40246-x,Unknown,,,Denmark,,,,H5_T,200,10.1371/journal.pone.0170940,,tooth,,ENA,PRJEB18722,ERS1485705,Ancient Metagenome - Host-associated,Homo sapiens,skeletal tissue,,,,
Bozzi2024,2024,10.1038/s41598-023-40246-x,Unknown,,,United Kingdom,,,,V10_T,1000,10.1371/journal.pone.0170940,,tooth,,ENA,PRJEB18722,ERS1485718,Ancient Metagenome - Host-associated,Homo sapiens,skeletal tissue,,,,
Bozzi2024,2024,10.1038/s41598-023-40246-x,Unknown,,,United Kingdom,,,,V1_T,1000,10.1371/journal.pone.0170940,,tooth,,ENA,PRJEB18722,ERS1485722,Ancient Metagenome - Host-associated,Homo sapiens,skeletal tissue,,,,
Bozzi2024,2024,10.1038/s41598-023-40246-x,Unknown,,,United Kingdom,,,,V2_T,1000,10.1371/journal.pone.0170940,,tooth,,ENA,PRJEB18722,ERS1485724,Ancient Metagenome - Host-associated,Homo sapiens,skeletal tissue,,,,
Bozzi2024,2024,10.1038/s41598-023-40246-x,Unknown,,,United Kingdom,,,,V6_T,1000,10.1371/journal.pone.0170940,,tooth,,ENA,PRJEB18722,ERS1485732,Ancient Metagenome - Host-associated,Homo sapiens,skeletal tissue,,,,
Bozzi2024,2024,10.1038/s41598-023-40246-x,Unknown,,,United Kingdom,,,,V7_T,1000,10.1371/journal.pone.0170940,,tooth,,ENA,PRJEB18722,ERS1485734,Ancient Metagenome - Host-associated,Homo sapiens,skeletal tissue,,,,
Bozzi2024,2024,10.1038/s41598-023-40246-x,Unknown,,,United Kingdom,,,,V9_T,1000,10.1371/journal.pone.0170940,,tooth,,ENA,PRJEB18722,ERS1485738,Ancient Metagenome - Host-associated,Homo sapiens,skeletal tissue,,,,
Bozzi2024,2024,10.1038/s41598-023-40246-x,Unknown,,,Denmark,,,,H1_T,200,10.1371/journal.pone.0170940,,tooth,,ENA,PRJEB18722,ERS1485693,Ancient Metagenome - Host-associated,Homo sapiens,skeletal tissue,,,,
Bozzi2024,2024,10.1038/s41598-023-40246-x,Unknown,,,Denmark,,,,H6_T,200,10.1371/journal.pone.0170940,,tooth,,ENA,PRJEB18722,ERS1485708,Ancient Metagenome - Host-associated,Homo sapiens,skeletal tissue,,,,
Bozzi2024,2024,10.1038/s41598-023-40246-x,Unknown,,,Denmark,,,,H8_T,200,10.1371/journal.pone.0170940,,tooth,,ENA,PRJEB18722,ERS1485714,Ancient Metagenome - Host-associated,Homo sapiens,skeletal tissue,,,,
Bozzi2024,2024,10.1038/s41598-023-40246-x,Unknown,,,United Kingdom,,,,V3_T,1000,10.1371/journal.pone.0170940,,tooth,,ENA,PRJEB18722,ERS1485726,Ancient Metagenome - Host-associated,Homo sapiens,skeletal tissue,,,,
Bozzi2024,2024,10.1038/s41598-023-40246-x,Unknown,,,United Kingdom,,,,V4_T,1000,10.1371/journal.pone.0170940,,tooth,,ENA,PRJEB18722,ERS1485728,Ancient Metagenome - Host-associated,Homo sapiens,skeletal tissue,,,,
Bozzi2024,2024,10.1038/s41598-023-40246-x,Unknown,,,United Kingdom,,,,V8_T,1000,10.1371/journal.pone.0170940,,tooth,,ENA,PRJEB18722,ERS1485736,Ancient Metagenome - Host-associated,Homo sapiens,skeletal tissue,,,,
Bozzi2024,2024,10.1038/s41598-023-40246-x,Unknown,,,Denmark,,,,H3_T,200,10.1371/journal.pone.0170940,,tooth,,ENA,PRJEB18722,ERS1485699,Ancient Metagenome - Host-associated,Homo sapiens,skeletal tissue,,,,
Bozzi2024,2024,10.1038/s41598-023-40246-x,Unknown,,,Denmark,,,,H4_T,200,10.1371/journal.pone.0170940,,tooth,,ENA,PRJEB18722,ERS1485702,Ancient Metagenome - Host-associated,Homo sapiens,skeletal tissue,,,,
Bozzi2024,2024,10.1038/s41598-023-40246-x,Unknown,,,Denmark,,,,H7_T,200,10.1371/journal.pone.0170940,,tooth,,ENA,PRJEB18722,ERS1485711,Ancient Metagenome - Host-associated,Homo sapiens,skeletal tissue,,,,
Bozzi2024,2024,10.1038/s41598-023-40246-x,Unknown,,,Denmark,,,,H9_T,200,10.1371/journal.pone.0170940,,tooth,,ENA,PRJEB18722,ERS1485716,Ancient Metagenome - Host-associated,Homo sapiens,skeletal tissue,,,,
Bozzi2024,2024,10.1038/s41598-023-40246-x,Unknown,,,United Kingdom,,,,V11_T,1000,10.1371/journal.pone.0170940,,tooth,,ENA,PRJEB18722,ERS1485720,Ancient Metagenome - Host-associated,Homo sapiens,skeletal tissue,,,,
Bozzi2024,2024,10.1038/s41598-023-40246-x,Unknown,,,United Kingdom,,,,V5_T,1000,10.1371/journal.pone.0170940,,tooth,,ENA,PRJEB18722,ERS1485730,Ancient Metagenome - Host-associated,Homo sapiens,skeletal tissue,,,,
Fleskes2024,2024,10.1038/s42003-024-06893-0,The Anson Street African Burial Ground,32.786,-79.931,USA,,,,CHS01,200,10.1038/s42003-024-06893-0,,dental calculus,,SRA,PRJNA1037120,SRS19454881,Ancient Metagenome - Host-associated,Homo sapiens,oral,,,,
Fleskes2024,2024,10.1038/s42003-024-06893-0,The Anson Street African Burial Ground,32.786,-79.931,USA,,,,CHS03,200,10.1038/s42003-024-06893-0,,dental calculus,,SRA,PRJNA1037120,SRS19454882,Ancient Metagenome - Host-associated,Homo sapiens,oral,,,,
Fleskes2024,2024,10.1038/s42003-024-06893-0,The Anson Street African Burial Ground,32.786,-79.931,USA,,,,CHS13,200,10.1038/s42003-024-06893-0,,dental calculus,,SRA,PRJNA1037120,SRS19454888,Ancient Metagenome - Host-associated,Homo sapiens,oral,,,,
Fleskes2024,2024,10.1038/s42003-024-06893-0,The Anson Street African Burial Ground,32.786,-79.931,USA,,,,CHS14,200,10.1038/s42003-024-06893-0,,dental calculus,,SRA,PRJNA1037120,SRS19454889,Ancient Metagenome - Host-associated,Homo sapiens,oral,,,,
Fleskes2024,2024,10.1038/s42003-024-06893-0,The Anson Street African Burial Ground,32.786,-79.931,USA,,,,CHS20,200,10.1038/s42003-024-06893-0,,dental calculus,,SRA,PRJNA1037120,SRS19454890,Ancient Metagenome - Host-associated,Homo sapiens,oral,,,,
Fleskes2024,2024,10.1038/s42003-024-06893-0,The Anson Street African Burial Ground,32.786,-79.931,USA,,,,CHS21,200,10.1038/s42003-024-06893-0,,dental calculus,,SRA,PRJNA1037120,SRS19454891,Ancient Metagenome - Host-associated,Homo sapiens,oral,,,,
Fleskes2024,2024,10.1038/s42003-024-06893-0,The Anson Street African Burial Ground,32.786,-79.931,USA,,,,CHS22,200,10.1038/s42003-024-06893-0,,dental calculus,,SRA,PRJNA1037120,SRS19454892,Ancient Metagenome - Host-associated,Homo sapiens,oral,,,,
Fleskes2024,2024,10.1038/s42003-024-06893-0,The Anson Street African Burial Ground,32.786,-79.931,USA,,,,CHS26,200,10.1038/s42003-024-06893-0,,dental calculus,,SRA,PRJNA1037120,SRS19454893,Ancient Metagenome - Host-associated,Homo sapiens,oral,,,,
Fleskes2024,2024,10.1038/s42003-024-06893-0,The Anson Street African Burial Ground,32.786,-79.931,USA,,,,CHS27,200,10.1038/s42003-024-06893-0,,dental calculus,,SRA,PRJNA1037120,SRS19454894,Ancient Metagenome - Host-associated,Homo sapiens,oral,,,,
Fleskes2024,2024,10.1038/s42003-024-06893-0,The Anson Street African Burial Ground,32.786,-79.931,USA,,,,CHS29,200,10.1038/s42003-024-06893-0,,dental calculus,,SRA,PRJNA1037120,SRS19454895,Ancient Metagenome - Host-associated,Homo sapiens,oral,,,,
Fleskes2024,2024,10.1038/s42003-024-06893-0,The Anson Street African Burial Ground,32.786,-79.931,USA,,,,CHS31,200,10.1038/s42003-024-06893-0,,dental calculus,,SRA,PRJNA1037120,SRS19454883,Ancient Metagenome - Host-associated,Homo sapiens,oral,,,,
Fleskes2024,2024,10.1038/s42003-024-06893-0,The Anson Street African Burial Ground,32.786,-79.931,USA,,,,CHS36,200,10.1038/s42003-024-06893-0,,dental calculus,,SRA,PRJNA1037120,SRS19454884,Ancient Metagenome - Host-associated,Homo sapiens,oral,,,,
Velsko2024,2024,10.1038/s41467-024-53920-z,"Akahanga Karava, Rapa Nui",-27.119,-109.357,Chile,,,,RN50,300,10.2458/56.16923,,dental calculus,,ENA,PRJEB61887,ERS15409338,Ancient Metagenome - Host-associated,Homo sapiens,oral,,,,
Velsko2024,2024,10.1038/s41467-024-53920-z,"Ahu Kihi Kihi Rau Mea, Rapa Nui",-27.12,-109.363,Chile,,,,RN14,300,10.2458/56.16923,,dental calculus,,ENA,PRJEB61887,ERS15409339,Ancient Metagenome - Host-associated,Homo sapiens,oral,,,,
Velsko2024,2024,10.1038/s41467-024-53920-z,"Ahu Kihi Kihi Rau Mea, Rapa Nui",-27.12,-109.363,Chile,,,,RN28,300,10.2458/56.16923,,dental calculus,,ENA,PRJEB61887,ERS15409340,Ancient Metagenome - Host-associated,Homo sapiens,oral,,,,
Velsko2024,2024,10.1038/s41467-024-53920-z,"Ahu Mahatua, Rapa Nui",-27.106,-109.363,Chile,,,,RN20,300,10.2458/56.16923,,dental calculus,,ENA,PRJEB61887,ERS15409341,Ancient Metagenome - Host-associated,Homo sapiens,oral,,,,
Velsko2024,2024,10.1038/s41467-024-53920-z,"Ahu Mahatua, Rapa Nui",-27.106,-109.363,Chile,,,,RN30,300,10.2458/56.16923,,dental calculus,,ENA,PRJEB61887,ERS15409342,Ancient Metagenome - Host-associated,Homo sapiens,oral,,,,
Velsko2024,2024,10.1038/s41467-024-53920-z,"Ahu Mahatua, Rapa Nui",-27.106,-109.363,Chile,,,,RN36,300,10.2458/56.16923,,dental calculus,,ENA,PRJEB61887,ERS15409343,Ancient Metagenome - Host-associated,Homo sapiens,oral,,,,
Velsko2024,2024,10.1038/s41467-024-53920-z,"Ahu Mahatua, Rapa Nui",-27.106,-109.363,Chile,,,,RN39,300,10.2458/56.16923,,dental calculus,,ENA,PRJEB61887,ERS15409344,Ancient Metagenome - Host-associated,Homo sapiens,oral,,,,
Velsko2024,2024,10.1038/s41467-024-53920-z,"Ana Koe Hoko, Rapa Nui",-27.116,-109.384,Chile,,,,RN58,300,10.2458/56.16923,,dental calculus,,ENA,PRJEB61887,ERS15409345,Ancient Metagenome - Host-associated,Homo sapiens,oral,,,,
Velsko2024,2024,10.1038/s41467-024-53920-z,"Ahu Nau Nau, Rapa Nui",-27.1,-109.343,Chile,,,,RN70,300,10.2458/56.16923,,dental calculus,,ENA,PRJEB61887,ERS15409346,Ancient Metagenome - Host-associated,Homo sapiens,oral,,,,
Velsko2024,2024,10.1038/s41467-024-53920-z,"Ahu Nau Nau, Rapa Nui",-27.1,-109.343,Chile,,,,RN93,300,10.2458/56.16923,,dental calculus,,ENA,PRJEB61887,ERS15409347,Ancient Metagenome - Host-associated,Homo sapiens,oral,,,,
Velsko2024,2024,10.1038/s41467-024-53920-z,"Ahu Nau Nau, Rapa Nui",-27.1,-109.343,Chile,,,,RN09_NRN_1,300,10.2458/56.16923,,dental calculus,,ENA,PRJEB61887,ERS15409348,Ancient Metagenome - Host-associated,Homo sapiens,oral,,,,
Velsko2024,2024,10.1038/s41467-024-53920-z,"Ahu Nau Nau, Rapa Nui",-27.1,-109.343,Chile,,,,RN91_NRN_2,300,10.2458/56.16923,,dental calculus,,ENA,PRJEB61887,ERS15409349,Ancient Metagenome - Host-associated,Homo sapiens,oral,,,,
Velsko2024,2024,10.1038/s41467-024-53920-z,"Ahu Onero, Rapa Nui",-27.1,-109.344,Chile,,,,RN65,300,10.2458/56.16923,,dental calculus,,ENA,PRJEB61887,ERS15409350,Ancient Metagenome - Host-associated,Homo sapiens,oral,,,,
Velsko2024,2024,10.1038/s41467-024-53920-z,"Ahu Onero, Rapa Nui",-27.1,-109.344,Chile,,,,RN66,300,10.2458/56.16923,,dental calculus,,ENA,PRJEB61887,ERS15409351,Ancient Metagenome - Host-associated,Homo sapiens,oral,,,,
Velsko2024,2024,10.1038/s41467-024-53920-z,"Ahu Tautira, Rapa Nui",-27.122,-109.537,Chile,,,,RN02,300,10.2458/56.16923,,dental calculus,,ENA,PRJEB61887,ERS15409352,Ancient Metagenome - Host-associated,Homo sapiens,oral,,,,
Velsko2024,2024,10.1038/s41467-024-53920-z,"Ahu Tautira, Rapa Nui",-27.122,-109.537,Chile,,,,RNAT_NRN_5,300,10.2458/56.16923,,dental calculus,,ENA,PRJEB61887,ERS15409353,Ancient Metagenome - Host-associated,Homo sapiens,oral,,,,
Velsko2024,2024,10.1038/s41467-024-53920-z,Mangaliliu,-17.636,168.366,Vanuatu,,,,Mangaliliu_TP3,500,10.1016/j.cub.2018.02.051,,dental calculus,,ENA,PRJEB61887,ERS15409354,Ancient Metagenome - Host-associated,Homo sapiens,oral,,,,
Velsko2024,2024,10.1038/s41467-024-53920-z,Pangpang,-17.675,168.545,Vanuatu,,,,Pangpang,1000,10.1038/s41467-024-53920-z,,dental calculus,,ENA,PRJEB61887,ERS15409355,Ancient Metagenome - Host-associated,Homo sapiens,oral,,,,
Velsko2024,2024,10.1038/s41467-024-53920-z,Banana Bay,-17.799,168.54,Vanuatu,,,,Banana Bay,200,10.1016/j.cub.2018.02.051,,dental calculus,,ENA,PRJEB61887,ERS15409356,Ancient Metagenome - Host-associated,Homo sapiens,oral,,,,
Velsko2024,2024,10.1038/s41467-024-53920-z,Banana Bay,-17.799,168.54,Vanuatu,,,,Banana Bay,200,10.1016/j.cub.2020.09.035,,dental calculus,,ENA,PRJEB61887,ERS15409357,Ancient Metagenome - Host-associated,Homo sapiens,oral,,,,
Velsko2024,2024,10.1038/s41467-024-53920-z,Banana Bay,-17.799,168.54,Vanuatu,,,,Banana Bay,200,10.1038/s41467-024-53920-z,,dental calculus,,ENA,PRJEB61887,ERS15409358,Ancient Metagenome - Host-associated,Homo sapiens,oral,,,,
Velsko2024,2024,10.1038/s41467-024-53920-z,Futuna,-19.512,170.23,Vanuatu,,,,"Furs 2, TR1 24-30",1100,10.1016/j.cub.2018.02.051,,dental calculus,,ENA,PRJEB61887,ERS15409359,Ancient Metagenome - Host-associated,Homo sapiens,oral,,,,
Velsko2024,2024,10.1038/s41467-024-53920-z,Futuna,-19.512,170.23,Vanuatu,,,,"Furs 9, 78",300,10.1016/j.cub.2018.02.051,,dental calculus,,ENA,PRJEB61887,ERS15409360,Ancient Metagenome - Host-associated,Homo sapiens,oral,,,,
Velsko2024,2024,10.1038/s41467-024-53920-z,Futuna,-19.512,170.23,Vanuatu,,,,Furs 11,400,10.1016/j.cub.2018.02.051,,dental calculus,,ENA,PRJEB61887,ERS15409361,Ancient Metagenome - Host-associated,Homo sapiens,oral,,,,
Velsko2024,2024,10.1038/s41467-024-53920-z,Teouma,-17.796,168.366,Vanuatu,,,,B08,2900,10.1016/j.jas.2014.07.002,,dental calculus,,ENA,PRJEB61887,ERS15409362,Ancient Metagenome - Host-associated,Homo sapiens,oral,,,,
Velsko2024,2024,10.1038/s41467-024-53920-z,Teouma,-17.796,168.366,Vanuatu,,,,B16,2900,10.1016/j.jas.2014.07.002,,dental calculus,,ENA,PRJEB61887,ERS15409363,Ancient Metagenome - Host-associated,Homo sapiens,oral,,,,
Velsko2024,2024,10.1038/s41467-024-53920-z,Teouma,-17.796,168.366,Vanuatu,,,,B19,2900,10.1016/j.jas.2014.07.002,,dental calculus,,ENA,PRJEB61887,ERS15409364,Ancient Metagenome - Host-associated,Homo sapiens,oral,,,,
Velsko2024,2024,10.1038/s41467-024-53920-z,Teouma,-17.796,168.366,Vanuatu,,,,7c_B2b,2500,10.1016/j.jas.2014.07.002,,dental calculus,,ENA,PRJEB61887,ERS15409365,Ancient Metagenome - Host-associated,Homo sapiens,oral,,,,
Velsko2024,2024,10.1038/s41467-024-53920-z,Teouma,-17.796,168.366,Vanuatu,,,,B10B,2900,10.1016/j.cub.2018.02.051,,dental calculus,,ENA,PRJEB61887,ERS15409366,Ancient Metagenome - Host-associated,Homo sapiens,oral,,,,
Velsko2024,2024,10.1038/s41467-024-53920-z,Teouma,-17.796,168.366,Vanuatu,,,,B30A,2900,10.1016/j.jas.2014.07.002,,dental calculus,,ENA,PRJEB61887,ERS15409367,Ancient Metagenome - Host-associated,Homo sapiens,oral,,,,
Velsko2024,2024,10.1038/s41467-024-53920-z,Teouma,-17.796,168.366,Vanuatu,,,,B10C,2900,10.1016/j.cub.2020.09.035,,dental calculus,,ENA,PRJEB61887,ERS15409368,Ancient Metagenome - Host-associated,Homo sapiens,oral,,,,
Velsko2024,2024,10.1038/s41467-024-53920-z,Teouma,-17.796,168.366,Vanuatu,,,,B29M,2900,10.1016/j.jas.2014.07.002,,dental calculus,,ENA,PRJEB61887,ERS15409369,Ancient Metagenome - Host-associated,Homo sapiens,oral,,,,
Velsko2024,2024,10.1038/s41467-024-53920-z,Teouma,-17.796,168.366,Vanuatu,,,,B29W,2900,10.1016/j.jas.2014.07.002,,dental calculus,,ENA,PRJEB61887,ERS15409370,Ancient Metagenome - Host-associated,Homo sapiens,oral,,,,
Velsko2024,2024,10.1038/s41467-024-53920-z,Teouma,-17.796,168.366,Vanuatu,,,,B30C,2900,10.1016/j.jas.2014.07.002,,dental calculus,,ENA,PRJEB61887,ERS15409371,Ancient Metagenome - Host-associated,Homo sapiens,oral,,,,
Velsko2024,2024,10.1038/s41467-024-53920-z,Uripiv,-16.09,167.458,Vanuatu,,,,B02,2300,10.1371/journal.pone.0104071,,dental calculus,,ENA,PRJEB61887,ERS15409372,Ancient Metagenome - Host-associated,Homo sapiens,oral,,,,
Velsko2024,2024,10.1038/s41467-024-53920-z,Uripiv,-16.09,167.458,Vanuatu,,,,B8,2600,10.1371/journal.pone.0104071,,dental calculus,,ENA,PRJEB61887,ERS15409373,Ancient Metagenome - Host-associated,Homo sapiens,oral,,,,
Velsko2024,2024,10.1038/s41467-024-53920-z,Vao,-15.898,167.309,Vanuatu,,,,B05,2600,10.70460/jpa.v2i2.62,,dental calculus,,ENA,PRJEB61887,ERS15409374,Ancient Metagenome - Host-associated,Homo sapiens,oral,,,,
Velsko2024,2024,10.1038/s41467-024-53920-z,Vao,-15.898,167.309,Vanuatu,,,,B05,2600,10.70460/jpa.v2i2.62,,dental calculus,,ENA,PRJEB61887,ERS15409375,Ancient Metagenome - Host-associated,Homo sapiens,oral,,,,
Velsko2024,2024,10.1038/s41467-024-53920-z,Vao,-15.898,167.309,Vanuatu,,,,B06,2500,10.70460/jpa.v2i2.62,,dental calculus,,ENA,PRJEB61887,ERS15409376,Ancient Metagenome - Host-associated,Homo sapiens,oral,,,,
Velsko2024,2024,10.1038/s41467-024-53920-z,Teouma,-17.796,168.366,Vanuatu,,,,B14,2900,10.1016/j.jas.2014.07.002,,dental calculus,,ENA,PRJEB61887,ERS15409377,Ancient Metagenome - Host-associated,Homo sapiens,oral,,,,
Velsko2024,2024,10.1038/s41467-024-53920-z,Uripiv,-16.09,167.458,Vanuatu,,,,B19,2600,10.1371/journal.pone.0104071,,dental calculus,,ENA,PRJEB61887,ERS15409378,Ancient Metagenome - Host-associated,Homo sapiens,oral,,,,
Velsko2024,2024,10.1038/s41467-024-53920-z,Uripiv,-16.09,167.458,Vanuatu,,,,B23,2300,10.1371/journal.pone.0104071,,dental calculus,,ENA,PRJEB61887,ERS15409379,Ancient Metagenome - Host-associated,Homo sapiens,oral,,,,
Velsko2024,2024,10.1038/s41467-024-53920-z,Uripiv,-16.09,167.458,Vanuatu,,,,B18,2300,10.1371/journal.pone.0104071,,dental calculus,,ENA,PRJEB61887,ERS15409380,Ancient Metagenome - Host-associated,Homo sapiens,oral,,,,
Velsko2024,2024,10.1038/s41467-024-53920-z,SAC site,-4.115,152.068,Papua New Guinea,,,,B3,2500,10.1016/j.jas.2010.07.029,,dental calculus,,ENA,PRJEB61887,ERS15409381,Ancient Metagenome - Host-associated,Homo sapiens,oral,,,,
Velsko2024,2024,10.1038/s41467-024-53920-z,Teouma,-17.796,168.366,Vanuatu,,,,B53,2900,10.1016/j.jas.2014.07.002,,dental calculus,,ENA,PRJEB61887,ERS15409382,Ancient Metagenome - Host-associated,Homo sapiens,oral,,,,
Velsko2024,2024,10.1038/s41467-024-53920-z,Teouma,-17.796,168.366,Vanuatu,,,,7c_B4,2700,10.1016/j.jas.2014.07.002,,dental calculus,,ENA,PRJEB61887,ERS15409383,Ancient Metagenome - Host-associated,Homo sapiens,oral,,,,
Velsko2024,2024,10.1038/s41467-024-53920-z,Teouma,-17.796,168.366,Vanuatu,,,,B76,2900,10.1038/s41467-024-53920-z,,dental calculus,,ENA,PRJEB61887,ERS15409384,Ancient Metagenome - Host-associated,Homo sapiens,oral,,,,
Velsko2024,2024,10.1038/s41467-024-53920-z,Vao,-15.898,167.309,Vanuatu,,,,B02b,2200,10.70460/jpa.v2i2.62,,dental calculus,,ENA,PRJEB61887,ERS15409385,Ancient Metagenome - Host-associated,Homo sapiens,oral,,,,
Velsko2024,2024,10.1038/s41467-024-53920-z,Vao,-15.898,167.309,Vanuatu,,,,B04,2200,10.70460/jpa.v2i2.62,,dental calculus,,ENA,PRJEB61887,ERS15409386,Ancient Metagenome - Host-associated,Homo sapiens,oral,,,,
Velsko2024,2024,10.1038/s41467-024-53920-z,SAC site,-4.115,152.068,Papua New Guinea,,,,B8,2500,10.7152/jipa.v40i0.14928,,dental calculus,,ENA,PRJEB61887,ERS15409387,Ancient Metagenome - Host-associated,Homo sapiens,oral,,,,
Velsko2024,2024,10.1038/s41467-024-53920-z,Teouma,-17.796,168.366,Vanuatu,,,,B59,2900,10.1016/j.jas.2014.07.002,,dental calculus,,ENA,PRJEB61887,ERS15409388,Ancient Metagenome - Host-associated,Homo sapiens,oral,,,,
Velsko2024,2024,10.1038/s41467-024-53920-z,Teouma,-17.796,168.366,Vanuatu,,,,B60,2900,10.1016/j.jas.2014.07.002,,dental calculus,,ENA,PRJEB61887,ERS15409389,Ancient Metagenome - Host-associated,Homo sapiens,oral,,,,
Velsko2024,2024,10.1038/s41467-024-53920-z,Uripiv,-16.09,167.458,Vanuatu,,,,B33,2300,10.1371/journal.pone.0104071,,dental calculus,,ENA,PRJEB61887,ERS15409390,Ancient Metagenome - Host-associated,Homo sapiens,oral,,,,
Velsko2024,2024,10.1038/s41467-024-53920-z,Namu,-9.878,167.177,Solomon Islands,,,,B1_1,200,10.1002/ajpa.24179,,dental calculus,,ENA,PRJEB61887,ERS15409391,Ancient Metagenome - Host-associated,Homo sapiens,oral,,,,
Velsko2024,2024,10.1038/s41467-024-53920-z,Namu,-9.878,167.177,Solomon Islands,,,,B2,200,10.1002/ajpa.24179,,dental calculus,,ENA,PRJEB61887,ERS15409392,Ancient Metagenome - Host-associated,Homo sapiens,oral,,,,
Velsko2024,2024,10.1038/s41467-024-53920-z,Namu,-9.878,167.177,Solomon Islands,,,,B11_1,200,10.1002/ajpa.24179,,dental calculus,,ENA,PRJEB61887,ERS15409393,Ancient Metagenome - Host-associated,Homo sapiens,oral,,,,
Velsko2024,2024,10.1038/s41467-024-53920-z,Namu,-9.878,167.177,Solomon Islands,,,,B20,200,10.1002/ajpa.24179,,dental calculus,,ENA,PRJEB61887,ERS15409394,Ancient Metagenome - Host-associated,Homo sapiens,oral,,,,
Velsko2024,2024,10.1038/s41467-024-53920-z,Namu,-9.878,167.177,Solomon Islands,,,,B21,200,10.1002/ajpa.24179,,dental calculus,,ENA,PRJEB61887,ERS15409395,Ancient Metagenome - Host-associated,Homo sapiens,oral,,,,
Velsko2024,2024,10.1038/s41467-024-53920-z,Namu,-9.878,167.177,Solomon Islands,,,,B34,200,10.1002/ajpa.24179,,dental calculus,,ENA,PRJEB61887,ERS15409396,Ancient Metagenome - Host-associated,Homo sapiens,oral,,,,
Velsko2024,2024,10.1038/s41467-024-53920-z,Namu,-9.878,167.177,Solomon Islands,,,,B54,200,10.1002/ajpa.24179,,dental calculus,,ENA,PRJEB61887,ERS15409397,Ancient Metagenome - Host-associated,Homo sapiens,oral,,,,
Velsko2024,2024,10.1038/s41467-024-53920-z,Namu,-9.878,167.177,Solomon Islands,,,,B68,200,10.1002/ajpa.24179,,dental calculus,,ENA,PRJEB61887,ERS15409398,Ancient Metagenome - Host-associated,Homo sapiens,oral,,,,
Velsko2024,2024,10.1038/s41467-024-53920-z,Namu,-9.878,167.177,Solomon Islands,,,,B70,200,10.1002/ajpa.24179,,dental calculus,,ENA,PRJEB61887,ERS15409399,Ancient Metagenome - Host-associated,Homo sapiens,oral,,,,
Velsko2024,2024,10.1038/s41467-024-53920-z,Namu,-9.878,167.177,Solomon Islands,,,,B84,200,10.1002/ajpa.24179,,dental calculus,,ENA,PRJEB61887,ERS15409400,Ancient Metagenome - Host-associated,Homo sapiens,oral,,,,
Velsko2024,2024,10.1038/s41467-024-53920-z,Namu,-9.878,167.177,Solomon Islands,,,,B88,200,10.1002/ajpa.24179,,dental calculus,,ENA,PRJEB61887,ERS15409401,Ancient Metagenome - Host-associated,Homo sapiens,oral,,,,
Velsko2024,2024,10.1038/s41467-024-53920-z,Namu,-9.878,167.177,Solomon Islands,,,,B91,200,10.1002/ajpa.24179,,dental calculus,,ENA,PRJEB61887,ERS15409402,Ancient Metagenome - Host-associated,Homo sapiens,oral,,,,
Velsko2024,2024,10.1038/s41467-024-53920-z,Namu,-9.878,167.177,Solomon Islands,,,,B104,200,10.1002/ajpa.24179,,dental calculus,,ENA,PRJEB61887,ERS15409403,Ancient Metagenome - Host-associated,Homo sapiens,oral,,,,
Velsko2024,2024,10.1038/s41467-024-53920-z,Namu,-9.878,167.177,Solomon Islands,,,,B108,200,10.1002/ajpa.24179,,dental calculus,,ENA,PRJEB61887,ERS15409404,Ancient Metagenome - Host-associated,Homo sapiens,oral,,,,
Velsko2024,2024,10.1038/s41467-024-53920-z,Namu,-9.878,167.177,Solomon Islands,,,,B109,200,10.1002/ajpa.24179,,dental calculus,,ENA,PRJEB61887,ERS15409405,Ancient Metagenome - Host-associated,Homo sapiens,oral,,,,
Velsko2024,2024,10.1038/s41467-024-53920-z,Namu,-9.878,167.177,Solomon Islands,,,,B159,200,10.1002/ajpa.24179,,dental calculus,,ENA,PRJEB61887,ERS15409406,Ancient Metagenome - Host-associated,Homo sapiens,oral,,,,
Velsko2024,2024,10.1038/s41467-024-53920-z,Namu,-9.878,167.177,Solomon Islands,,,,B194,200,10.1002/ajpa.24179,,dental calculus,,ENA,PRJEB61887,ERS15409407,Ancient Metagenome - Host-associated,Homo sapiens,oral,,,,
Velsko2024,2024,10.1038/s41467-024-53920-z,Pain Haka,-8.622,120.919,Indonesia,,,,PH16 (B23),2600,10.15184/aqy.2016.185,,dental calculus,,ENA,PRJEB61887,ERS15409408,Ancient Metagenome - Host-associated,Homo sapiens,oral,,,,
Velsko2024,2024,10.1038/s41467-024-53920-z,Pain Haka,-8.622,120.919,Indonesia,,,,PH27_B7,2600,10.15184/aqy.2016.185,,dental calculus,,ENA,PRJEB61887,ERS15409409,Ancient Metagenome - Host-associated,Homo sapiens,oral,,,,
Velsko2024,2024,10.1038/s41467-024-53920-z,Pain Haka,-8.622,120.919,Indonesia,,,,PH06_B47a,2600,10.15184/aqy.2016.185,,dental calculus,,ENA,PRJEB61887,ERS15409410,Ancient Metagenome - Host-associated,Homo sapiens,oral,,,,
Velsko2024,2024,10.1038/s41467-024-53920-z,Unknown,-27.106,-109.363,Chile,,,,RNA937_NRN_3,300,10.2458/56.16923,,dental calculus,,ENA,PRJEB61887,ERS15409412,Ancient Metagenome - Host-associated,Homo sapiens,oral,,,,
Velsko2024,2024,10.1038/s41467-024-53920-z,Unknown,-27.106,-109.363,Chile,,,,RNA944_NRN_4,300,10.2458/56.16923,,dental calculus,,ENA,PRJEB61887,ERS15409413,Ancient Metagenome - Host-associated,Homo sapiens,oral,,,,
Velsko2024,2024,10.1038/s41467-024-53920-z,Sigatoka Dunes,-18.142,177.508,Fiji,,,,SVF01,1500,10.1002/gea.20094,,dental calculus,,ENA,PRJEB61887,ERS15409414,Ancient Metagenome - Host-associated,Homo sapiens,oral,,,,
Velsko2024,2024,10.1038/s41467-024-53920-z,Sigatoka Dunes,-18.142,177.508,Fiji,,,,SVF02,1500,10.1002/gea.20094,,dental calculus,,ENA,PRJEB61887,ERS15409415,Ancient Metagenome - Host-associated,Homo sapiens,oral,,,,
Velsko2024,2024,10.1038/s41467-024-53920-z,Sigatoka Dunes,-18.142,177.508,Fiji,,,,SVF03,1500,10.1002/gea.20094,,dental calculus,,ENA,PRJEB61887,ERS15409416,Ancient Metagenome - Host-associated,Homo sapiens,oral,,,,
Velsko2024,2024,10.1038/s41467-024-53920-z,Sigatoka Dunes,-18.142,177.508,Fiji,,,,SVF08,1500,10.1002/gea.20094,,dental calculus,,ENA,PRJEB61887,ERS15409417,Ancient Metagenome - Host-associated,Homo sapiens,oral,,,,
Velsko2024,2024,10.1038/s41467-024-53920-z,Sigatoka Dunes,-18.142,177.508,Fiji,,,,SVF14,1500,10.1002/gea.20094,,dental calculus,,ENA,PRJEB61887,ERS15409418,Ancient Metagenome - Host-associated,Homo sapiens,oral,,,,
Velsko2024,2024,10.1038/s41467-024-53920-z,Sigatoka Dunes,-18.142,177.508,Fiji,,,,SVF19,1500,10.1002/gea.20094,,dental calculus,,ENA,PRJEB61887,ERS15409419,Ancient Metagenome - Host-associated,Homo sapiens,oral,,,,
Velsko2024,2024,10.1038/s41467-024-53920-z,Sigatoka Dunes,-18.142,177.508,Fiji,,,,03_1,1500,10.1002/gea.20094,,dental calculus,,ENA,PRJEB61887,ERS15409420,Ancient Metagenome - Host-associated,Homo sapiens,oral,,,,
Velsko2024,2024,10.1038/s41467-024-53920-z,Sigatoka Dunes,-18.142,177.508,Fiji,,,,17_3,1500,10.1002/gea.20094,,dental calculus,,ENA,PRJEB61887,ERS15409421,Ancient Metagenome - Host-associated,Homo sapiens,oral,,,,
Velsko2024,2024,10.1038/s41467-024-53920-z,Sigatoka Dunes,-18.142,177.508,Fiji,,,,21,1500,10.1002/gea.20094,,dental calculus,,ENA,PRJEB61887,ERS15409422,Ancient Metagenome - Host-associated,Homo sapiens,oral,,,,
Velsko2024,2024,10.1038/s41467-024-53920-z,Sigatoka Dunes,-18.142,177.508,Fiji,,,,26_1,1500,10.1002/gea.20094,,dental calculus,,ENA,PRJEB61887,ERS15409423,Ancient Metagenome - Host-associated,Homo sapiens,oral,,,,
Velsko2024,2024,10.1038/s41467-024-53920-z,Sigatoka Dunes,-18.142,177.508,Fiji,,,,29_1,1500,10.1002/gea.20094,,dental calculus,,ENA,PRJEB61887,ERS15409424,Ancient Metagenome - Host-associated,Homo sapiens,oral,,,,
Velsko2024,2024,10.1038/s41467-024-53920-z,Sigatoka Dunes,-18.142,177.508,Fiji,,,,32_2,1500,10.1002/gea.20094,,dental calculus,,ENA,PRJEB61887,ERS15409425,Ancient Metagenome - Host-associated,Homo sapiens,oral,,,,
Velsko2024,2024,10.1038/s41467-024-53920-z,Sigatoka Dunes,-18.142,177.508,Fiji,,,,60_1,1500,10.1002/gea.20094,,dental calculus,,ENA,PRJEB61887,ERS15409426,Ancient Metagenome - Host-associated,Homo sapiens,oral,,,,
Velsko2024,2024,10.1038/s41467-024-53920-z,Sigatoka Dunes,-18.142,177.508,Fiji,,,,65,1500,10.1002/gea.20094,,dental calculus,,ENA,PRJEB61887,ERS15409427,Ancient Metagenome - Host-associated,Homo sapiens,oral,,,,
Velsko2024,2024,10.1038/s41467-024-53920-z,Sigatoka Dunes,-18.142,177.508,Fiji,,,,69_1,1500,10.1002/gea.20094,,dental calculus,,ENA,PRJEB61887,ERS15409428,Ancient Metagenome - Host-associated,Homo sapiens,oral,,,,
Velsko2024,2024,10.1038/s41467-024-53920-z,Sigatoka Dunes,-18.142,177.508,Fiji,,,,72_1,1500,10.1002/gea.20094,,dental calculus,,ENA,PRJEB61887,ERS15409429,Ancient Metagenome - Host-associated,Homo sapiens,oral,,,,
Velsko2024,2024,10.1038/s41467-024-53920-z,Sigatoka Dunes,-18.142,177.508,Fiji,,,,79_1,1500,10.1002/gea.20094,,dental calculus,,ENA,PRJEB61887,ERS15409430,Ancient Metagenome - Host-associated,Homo sapiens,oral,,,,
Velsko2024,2024,10.1038/s41467-024-53920-z,Taputapuatea,-16.842,-151.387,French Polynesia,,,,"Pieve d' investiture, Haurari",100,10.1038/s41559-018-0498-2,,dental calculus,,ENA,PRJEB61887,ERS15409431,Ancient Metagenome - Host-associated,Homo sapiens,oral,,,,
Velsko2024,2024,10.1038/s41467-024-53920-z,Taputapuatea,-16.842,-151.387,French Polynesia,,,,"Pieve d' investiture, Piquet 33",100,10.1038/s41559-018-0498-2,,dental calculus,,ENA,PRJEB61887,ERS15409432,Ancient Metagenome - Host-associated,Homo sapiens,oral,,,,
Velsko2024,2024,10.1038/s41467-024-53920-z,Talasiu,-21.191,-175.192,Tonga,,,,SK3_1,2600,10.15184/aqy.2020.89,,dental calculus,,ENA,PRJEB61887,ERS15409433,Ancient Metagenome - Host-associated,Homo sapiens,oral,,,,
Velsko2024,2024,10.1038/s41467-024-53920-z,Talasiu,-21.191,-175.192,Tonga,,,,SK9_3,2600,10.15184/aqy.2020.89,,dental calculus,,ENA,PRJEB61887,ERS15409434,Ancient Metagenome - Host-associated,Homo sapiens,oral,,,,
Velsko2024,2024,10.1038/s41467-024-53920-z,Talasiu,-21.191,-175.192,Tonga,,,,SK10,2600,10.15184/aqy.2020.89,,dental calculus,,ENA,PRJEB61887,ERS15409435,Ancient Metagenome - Host-associated,Homo sapiens,oral,,,,
Velsko2024,2024,10.1038/s41467-024-53920-z,Talasiu,-21.191,-175.192,Tonga,,,,SK12,2600,10.15184/aqy.2020.89,,dental calculus,,ENA,PRJEB61887,ERS15409436,Ancient Metagenome - Host-associated,Homo sapiens,oral,,,,
Velsko2024,2024,10.1038/s41467-024-53920-z,Talasiu,-21.191,-175.192,Tonga,,,,SK14,2600,10.15184/aqy.2020.89,,dental calculus,,ENA,PRJEB61887,ERS15409437,Ancient Metagenome - Host-associated,Homo sapiens,oral,,,,
Velsko2024,2024,10.1038/s41467-024-53920-z,Talasiu,-21.191,-175.192,Tonga,,,,BG3,2600,10.15184/aqy.2020.89,,dental calculus,,ENA,PRJEB61887,ERS15409438,Ancient Metagenome - Host-associated,Homo sapiens,oral,,,,
Ottoni2021,2021,10.1073/pnas.2102116118,Gîrlești,44.42,23.67,Romania,,,,GR14,8000,10.1073/pnas.2102116118,,dental calculus,,ENA,PRJEB44313,ERS6256710,Ancient Metagenome - Host-associated,Homo sapiens,oral,,,,
Ottoni2021,2021,10.1073/pnas.2102116118,Grotta Continenza,41.96,13.56,Italy,,,,CT 3 / GC 82 F,2700,10.1073/pnas.2102116118,,dental calculus,,ENA,PRJEB44313,ERS6256715,Ancient Metagenome - Host-associated,Homo sapiens,oral,,,,
Guinet2025,2025,10.1016/j.cell.2025.08.003,Wrangel island,71.202,179.564,Russia,,,,M13,7910,10.1016/j.cell.2025.08.003,,tooth,,ENA,PRJEB78615,ERS21099302,Ancient Metagenome - Host-associated,Mammuthus primigenius,skeletal tissue,,,,
Guinet2025,2025,10.1016/j.cell.2025.08.003,Wrangel island,71.213,178.906,Russia,,,,L389,4335,10.1016/j.cell.2025.08.003,,tooth,,ENA,PRJEB78615,ERS21099221,Ancient Metagenome - Host-associated,Mammuthus primigenius,skeletal tissue,,,,
Guinet2025,2025,10.1016/j.cell.2025.08.003,"Taimyr peninsula, S2",73.54,100.431,Russia,,,,FK012,100000,10.1016/j.cell.2025.08.003,,tooth,,ENA,PRJEB78615,ERS21099451,Ancient Metagenome - Host-associated,Mammuthus primigenius,skeletal tissue,,,,
Guinet2025,2025,10.1016/j.cell.2025.08.003,"Yukon, Old Crow, Loc.11",67.6,-139.8,Canada,,,,MD228,216000,10.1093/molbev/msaf065,,tooth,,ENA,PRJEB78615,ERS21099095,Ancient Metagenome - Host-associated,Mammuthus primigenius,skeletal tissue,,,,
Guinet2025,2025,10.1016/j.cell.2025.08.003,Wrangel island,71.3,-179.42,Russia,,,,L414,7077,10.1016/j.cell.2025.08.003,,tooth,,ENA,PRJEB78615,ERS21099283,Ancient Metagenome - Host-associated,Mammuthus primigenius,skeletal tissue,,,,
Guinet2025,2025,10.1016/j.cell.2025.08.003,Wrangel island,71.202,179.564,Russia,,,,L422,6124,10.1016/j.cell.2025.08.003,,tooth,,ENA,PRJEB78615,ERS21099265,Ancient Metagenome - Host-associated,Mammuthus primigenius,skeletal tissue,,,,
Guinet2025,2025,10.1016/j.cell.2025.08.003,Wrangel island,71.275,-179.301,Russia,,,,L423,5378,10.1016/j.cell.2025.08.003,,tooth,,ENA,PRJEB78615,ERS21099256,Ancient Metagenome - Host-associated,Mammuthus primigenius,skeletal tissue,,,,
Guinet2025,2025,10.1016/j.cell.2025.08.003,Wrangel island,71.518,-179.682,Russia,,,,L426,7462,10.1016/j.cell.2025.08.003,,tooth,,ENA,PRJEB78615,ERS21099290,Ancient Metagenome - Host-associated,Mammuthus primigenius,skeletal tissue,,,,
Guinet2025,2025,10.1016/j.cell.2025.08.003,Adycha,67.5,135.7,Russia,,,,P033,1100000,10.1038/s41586-021-03224-9,,tooth,,ENA,PRJEB78615,"ERS21099510,ERS21099509",Ancient Metagenome - Host-associated,Mammuthus sp.,skeletal tissue,,,,
Guinet2025,2025,10.1016/j.cell.2025.08.003,Wrangel island,71.54,-179.539,Russia,,,,L418,5016,10.1016/j.cell.2025.08.003,,tooth,,ENA,PRJEB78615,ERS21099246,Ancient Metagenome - Host-associated,Mammuthus primigenius,skeletal tissue,,,,
Guinet2025,2025,10.1016/j.cell.2025.08.003,Wrangel island,71.213,178.906,Russia,,,,M40,4085,10.1016/j.cell.2025.08.003,,tooth,,ENA,PRJEB78615,ERS21099215,Ancient Metagenome - Host-associated,Mammuthus primigenius,skeletal tissue,,,,
Poksane2025,2025,10.1128/spectrum.02705-24, Lejasbitēni cemetery,56.6,25.3,Latvia,,,,VPT1,800,10.1128/spectrum.02705-24,,tooth,,ENA,PRJEB79566,ERS20926369,Ancient Metagenome - Host-associated,Homo sapiens,skeletal tissue,,,,
Poksane2025,2025,10.1128/spectrum.02705-24,Lejasbitēni cemetery,56.6,25.3,Latvia,,,,VPT2,800,10.1128/spectrum.02705-24,,tooth,,ENA,PRJEB79566,ERS20926370,Ancient Metagenome - Host-associated,Homo sapiens,skeletal tissue,,,,
Poksane2025,2025,10.1128/spectrum.02705-24,Lejasbitēni cemetery,56.6,25.3,Latvia,,,,VNPT1,800,10.1128/spectrum.02705-24,,tooth,,ENA,PRJEB79566,ERS20926371,Ancient Metagenome - Host-associated,Homo sapiens,skeletal tissue,,,,
Poksane2025,2025,10.1128/spectrum.02705-24,Lejasbitēni cemetery,56.6,25.3,Latvia,,,,VNPT2,800,10.1128/spectrum.02705-24,,tooth,,ENA,PRJEB79566,ERS20926372,Ancient Metagenome - Host-associated,Homo sapiens,skeletal tissue,,,,
Poksane2025,2025,10.1128/spectrum.02705-24,Lejasbitēni cemetery,56.6,25.3,Latvia,,,,KPT1,800,10.1128/spectrum.02705-24,,tooth,,ENA,PRJEB79566,ERS20926376,Ancient Metagenome - Host-associated,Homo sapiens,skeletal tissue,,,,
Poksane2025,2025,10.1128/spectrum.02705-24,Lejasbitēni cemetery,56.6,25.3,Latvia,,,,KPT2,800,10.1128/spectrum.02705-24,,tooth,,ENA,PRJEB79566,ERS20926377,Ancient Metagenome - Host-associated,Homo sapiens,skeletal tissue,,,,
Poksane2025,2025,10.1128/spectrum.02705-24,Lejasbitēni cemetery,56.6,25.3,Latvia,,,,KNPT1,800,10.1128/spectrum.02705-24,,tooth,,ENA,PRJEB79566,ERS20926378,Ancient Metagenome - Host-associated,Homo sapiens,skeletal tissue,,,,
Schuenemann2013,2013,10.1126/science.1238286,"St. Jørgen cemetery, Odense",55.399,10.406,Denmark,,,,Jorgen_625,600,10.1126/science.1238286,,tooth,,SRA,PRJNA200950,SRS418854,Ancient Single-genome - Host-associated,Homo sapiens,,bacteria,Mycobacterium leprae,chromosome,raw
Schuenemann2013,2013,10.1126/science.1238286,Refshale,56.193,9.394,Denmark,,,,Refshale_16,900,10.1126/science.1238286,,tooth,,SRA,PRJNA200950,"SRS419262,SRS418858,SRS418859",Ancient Single-genome - Host-associated,Homo sapiens,,bacteria,Mycobacterium leprae,chromosome,raw
Schuenemann2013,2013,10.1126/science.1238286,"St. Mary Magdalene leprosarium, Winchester",51.059,-1.308,United Kingdom,,,,SK8,1000,10.1126/science.1238286,,tooth,,SRA,PRJNA200950,SRS418845,Ancient Single-genome - Host-associated,Homo sapiens,,bacteria,Mycobacterium leprae,chromosome,raw
Warinner2014,2014,10.1038/ng.2906,Dalheim,51.565,8.84,Germany,,,,G12,900,10.1038/ng.2906,,tooth,,SRA,PRJNA216965,"SRS473747,SRS473746,SRS473748,SRS473749,SRS473750",Ancient Single-genome - Host-associated,Homo sapiens,,bacteria,Tannerella forsythia,chromosome,raw
AndradesValtuena2017,2017,10.1016/j.cub.2017.10.025,Rasshevatskiy,45.569,41.03,Russia,,,,RK1001,4200,10.1016/j.cub.2017.10.025,,tooth,,ENA,PRJEB19335,ERS1892069,Ancient Single-genome - Host-associated,Homo sapiens,,bacteria,Yersinia pestis,chromosome,raw
AndradesValtuena2017,2017,10.1016/j.cub.2017.10.025,Beli Manastir-Popova zemlja,45.77,18.61,Croatia,,,,GEN72,4200,10.1016/j.cub.2017.10.025,,tooth,,ENA,PRJEB19335,ERS1892068,Ancient Single-genome - Host-associated,Homo sapiens,,bacteria,Yersinia pestis,chromosome,raw
AndradesValtuena2017,2017,10.1016/j.cub.2017.10.025,Gyvakarai,55.913,24.89,Lithuania,,,,Gyvakarai1,4000,10.1016/j.cub.2017.10.025,,tooth,,ENA,PRJEB19335,ERS1892064,Ancient Single-genome - Host-associated,Homo sapiens,,bacteria,Yersinia pestis,chromosome,raw
AndradesValtuena2017,2017,10.1016/j.cub.2017.10.025,Kunila,58.616,23.796,Estonia,,,,KunilaII,4000,10.1016/j.cub.2017.10.025,,tooth,,ENA,PRJEB19335,ERS1892065,Ancient Single-genome - Host-associated,Homo sapiens,,bacteria,Yersinia pestis,chromosome,raw
AndradesValtuena2017,2017,10.1016/j.cub.2017.10.025,Haunstetten Unterer Talweg 85,48.318,10.891,Germany,,,,1343UnTal85,3800,10.1371/journal.pone.0139705,,tooth,,ENA,PRJEB19335,ERS1892067,Ancient Single-genome - Host-associated,Homo sapiens,,bacteria,Yersinia pestis,chromosome,raw
AndradesValtuena2017,2017,10.1016/j.cub.2017.10.025,Haunstetten Postillionstrasse 6,48.308,10.893,Germany,,,,6Post,3600,10.1371/journal.pone.0139705,,tooth,,ENA,PRJEB19335,ERS1892066,Ancient Single-genome - Host-associated,Homo sapiens,,bacteria,Yersinia pestis,chromosome,raw
Spyrou2018,2018,10.1038/s41467-018-04550-9,Mikhailovsky II burial site,53.2,50.2,Russia,,,,RT5,3500,10.1038/s41467-018-04550-9,,tooth,,ENA,PRJEB24296,ERS2106903,Ancient Single-genome - Host-associated,Homo sapiens,,bacteria,Yersinia pestis,chromosome,raw
Spyrou2018,2018,10.1038/s41467-018-04550-9,Mikhailovsky II burial site,53.2,50.2,Russia,,,,RT6,3500,10.1038/s41467-018-04550-9,,tooth,,ENA,PRJEB24296,ERS2106904,Ancient Single-genome - Host-associated,Homo sapiens,,bacteria,Yersinia pestis,chromosome,raw
Rascovan2019,2019,10.1016/j.cell.2018.11.005,"Gökhem 94:1, Frälsegården",58.173,13.407,Sweden,,,,Gok2,4400,10.1016/j.cell.2018.11.005,,tooth,,ENA,PRJEB6090,ERS434180,Ancient Single-genome - Host-associated,Homo sapiens,,bacteria,Yersinia pestis,chromosome,raw
Rasmussen2015,2015,10.1016/j.cell.2015.10.009,Sope,59.408,27.026,Estonia,,,,RISE00,4000,10.1038/nature14507,,tooth,,ENA,PRJEB10885,ERS848971,Ancient Single-genome - Host-associated,Homo sapiens,,bacteria,Yersinia pestis,chromosome,raw
Rasmussen2015,2015,10.1016/j.cell.2015.10.009,Chociwel,50.796,17.094,Poland,,,,RISE139,3600,10.1038/nature14507,,tooth,,ENA,PRJEB10885,ERS848972,Ancient Single-genome - Host-associated,Homo sapiens,,bacteria,Yersinia pestis,chromosome,raw
Rasmussen2015,2015,10.1016/j.cell.2015.10.009,Bulanovo,52.453,55.16,Russia,,,,RISE386,3800,10.1038/nature14507,,tooth,,ENA,PRJEB10885,ERS848973,Ancient Single-genome - Host-associated,Homo sapiens,,bacteria,Yersinia pestis,chromosome,raw
Rasmussen2015,2015,10.1016/j.cell.2015.10.009,Kapan,39.2,46.4,Armenia,,,,RISE397,2800,10.1038/nature14507,,tooth,,ENA,PRJEB10885,ERS848974,Ancient Single-genome - Host-associated,Homo sapiens,,bacteria,Yersinia pestis,chromosome,raw
Rasmussen2015,2015,10.1016/j.cell.2015.10.009,Kytmanovo,53.456,85.447,Russia,,,,RISE505,3400,10.1038/nature14507,,tooth,,ENA,PRJEB10885,ERS848975,Ancient Single-genome - Host-associated,Homo sapiens,,bacteria,Yersinia pestis,chromosome,raw
Rasmussen2015,2015,10.1016/j.cell.2015.10.009,Bateni,54.584,90.775,Russia,,,,RISE509,4200,10.1038/nature14507,,tooth,,ENA,PRJEB10885,ERS848976,Ancient Single-genome - Host-associated,Homo sapiens,,bacteria,Yersinia pestis,chromosome,raw
Rasmussen2015,2015,10.1016/j.cell.2015.10.009,Bateni,54.584,90.775,Russia,,,,RISE511,2900,10.1038/nature14507,,tooth,,ENA,PRJEB10885,ERS848977,Ancient Single-genome - Host-associated,Homo sapiens,,bacteria,Yersinia pestis,chromosome,raw
Yu2020,2020,10.1016/j.cell.2020.04.037,Glazkovskoe Predmestie Site,52.279,104.251,Russia,,,,GLZ001,4600,10.1016/j.cell.2020.04.037,,tooth,,ENA,PRJEB37007,ERS4540520,Ancient Single-genome - Host-associated,Homo sapiens,,bacteria,Yersinia pestis,chromosome,raw
Yu2020,2020,10.1016/j.cell.2020.04.037,Glazkovskoe Predmestie Site,52.279,104.251,Russia,,,,GLZ002,4400,10.1016/j.cell.2020.04.037,,tooth,,ENA,PRJEB37007,ERS4540521,Ancient Single-genome - Host-associated,Homo sapiens,,bacteria,Yersinia pestis,chromosome,raw
Muhlemann2018,2018,10.1038/s41586-018-0097-z,Bulanovo,52.453,55.16,Russia,,,,RISE387,3800,10.1038/s41586-018-0097-z,,tooth,,GenBank,PRJEB25584,LT992447,Ancient Single-genome - Host-associated,Homo sapiens,,virus,Hepatitis B virus,chromosome,"consensus,assembly"
Muhlemann2018,2018,10.1038/s41586-018-0097-z,Osterhofen-Altenmarkt,48.691,13.061,Germany,,,,RISE563,4000,10.1038/s41586-018-0097-z,,tooth,,GenBank,PRJEB25584,LT992443,Ancient Single-genome - Host-associated,Homo sapiens,,virus,Hepatitis B virus,chromosome,"consensus,assembly"
Muhlemann2018,2018,10.1038/s41586-018-0097-z,Szczepankowice,50.948,16.943,Poland,,,,RISE154,3500,10.1038/s41586-018-0097-z,,tooth,,GenBank,PRJEB25584,LT992455,Ancient Single-genome - Host-associated,Homo sapiens,,virus,Hepatitis B virus,chromosome,"consensus,assembly"
Muhlemann2018,2018,10.1038/s41586-018-0097-z,Bulanovo,52.453,55.16,Russia,,,,RISE386,3800,10.1038/s41586-018-0097-z,,tooth,,GenBank,PRJEB25584,LT992448,Ancient Single-genome - Host-associated,Homo sapiens,,virus,Hepatitis B virus,chromosome,"consensus,assembly"
Guellil2018,2018,10.1073/pnas.1807266115,"St Nicolay’s ALT St Clement's Church, Oslo",59.904,10.765,Norway,,,,OSL9a,400,10.1073/pnas.1807266115,,tooth,,ENA,PRJEB24501,ERS2591211,Ancient Single-genome - Host-associated,Homo sapiens,,bacteria,Borrelia recurrentis,chromosome,raw
Guellil2018,2018,10.1073/pnas.1807266115,"St Nicolay’s ALT St Clement's Church, Oslo",59.904,10.765,Norway,,,,OSL9b,400,10.1073/pnas.1807266116,,tooth,,ENA,PRJEB24501,ERS2591210,Ancient Single-genome - Host-associated,Homo sapiens,,bacteria,Borrelia recurrentis,chromosome,raw
deBarrosDamgaard2018,2018,10.1038/s41586-018-0094-2,Uch-Kurbu,42.159,77.406,Kyrgyzstan,,,,DA101,1800,10.1038/s41586-018-0094-2,,tooth,,ENA,PRJEB25891,ERS2367268,Ancient Single-genome - Host-associated,Homo sapiens,,bacteria,Yersinia pestis,chromosome,raw
deBarrosDamgaard2018,2018,10.1038/s41586-018-0094-2,Unknown,42.861,44.185,Russia,,,,DA147,1300,10.1038/s41586-018-0094-2,,tooth,,ENA,PRJEB25891,ERS2367269,Ancient Single-genome - Host-associated,Homo sapiens,,bacteria,Yersinia pestis,chromosome,raw
Key2020,2020,10.1038/s41559-020-1106-9,Murzikhinsky II,55.304,50.086,Russia,,,,MUR009,5700,10.1038/s41559-020-1106-9,,tooth,,ENA,PRJEB35216,ERS3967963,Ancient Single-genome - Host-associated,Homo sapiens,,bacteria,Salmonella enterica,chromosome,raw
Key2020,2020,10.1038/s41559-020-1106-9,Murzikhinsky II,55.304,50.086,Russia,,,,MUR019,5600,10.1038/s41559-020-1106-9,,tooth,,ENA,PRJEB35216,ERS3967964,Ancient Single-genome - Host-associated,Homo sapiens,,bacteria,Salmonella enterica,chromosome,raw
Key2020,2020,10.1038/s41559-020-1106-9,Ipatovo 3,45.685,42.921,Russia,,,,IV3002,4600,10.1038/s41559-020-1106-9,,tooth,,ENA,PRJEB35216,ERS3967967,Ancient Single-genome - Host-associated,Homo sapiens,,bacteria,Salmonella enterica,chromosome,raw
Key2020,2020,10.1038/s41559-020-1106-9,Ikiztepe,41.612,35.87,Turkey,,,,IKI003,4500,10.1038/s41559-020-1106-9,,tooth,,ENA,PRJEB35216,ERS3967961,Ancient Single-genome - Host-associated,Homo sapiens,,bacteria,Salmonella enterica,chromosome,raw
Key2020,2020,10.1038/s41559-020-1106-9,Oberbipp,47.262,7.659,Switzerland,,,,OBP001,4600,10.1038/s41559-020-1106-9,,tooth,,ENA,PRJEB35216,ERS3967965,Ancient Single-genome - Host-associated,Homo sapiens,,bacteria,Salmonella enterica,chromosome,raw
Key2020,2020,10.1038/s41559-020-1106-9,Su Asedazzu,39.512,9.145,Italy,,,,SUA004,3800,10.1038/s41559-020-1106-9,,tooth,,ENA,PRJEB35216,ERS3967966,Ancient Single-genome - Host-associated,Homo sapiens,,bacteria,Salmonella enterica,chromosome,raw
Key2020,2020,10.1038/s41559-020-1106-9,Marinskaya 3,43.905,43.521,Russia,,,,MK3001,2800,10.1038/s41559-020-1106-9,,tooth,,ENA,PRJEB35216,ERS3967962,Ancient Single-genome - Host-associated,Homo sapiens,,bacteria,Salmonella enterica,chromosome,raw
Key2020,2020,10.1038/s41559-020-1106-9,Chiusi,43.016,11.95,Italy,,,,ETR001,1800,10.1038/s41559-020-1106-9,,tooth,,ENA,PRJEB35216,ERS3967960,Ancient Single-genome - Host-associated,Homo sapiens,,bacteria,Salmonella enterica,chromosome,raw
Barquera2020,2020,10.1016/j.cub.2020.04.002,Hospital Real de San José de los Naturales,19.43,-99.14,Mexico,,,,SJN003,500,10.1016/j.cub.2020.04.002,,tooth,,ENA,PRJEB37490,"ERS4529000,ERS4529001",Ancient Single-genome - Host-associated,Homo sapiens,,bacteria,Treponema pallidum,chromosome,raw
Barquera2020,2020,10.1016/j.cub.2020.04.002,Hospital Real de San José de los Naturales,19.43,-99.14,Mexico,,,,SJN001,500,10.1016/j.cub.2020.04.002,,tooth,,ENA,PRJEB37490,"ERS4528997,ERS4528998",Ancient Single-genome - Host-associated,Homo sapiens,,virus,Hepatitis B virus,chromosome,raw
KrauseKyora2018,2018,10.7554/eLife.36666,Karsdorf,51.27,11.65,Germany,,,,Karsdorf,7000,10.7554/eLife.36666,,tooth,,ENA,PRJEB24921,ERS2200179,Ancient Single-genome - Host-associated,Homo sapiens,,virus,Hepatitis B virus,chromosome,raw
KrauseKyora2018,2018,10.7554/eLife.36666,Sorsum,52.27,9.61,Germany,,,,Sorsum,5100,10.7554/eLife.36666,,tooth,,ENA,PRJEB24921,ERS2200180,Ancient Single-genome - Host-associated,Homo sapiens,,virus,Hepatitis B virus,chromosome,raw
KrauseKyora2018,2018,10.7554/eLife.36666,Petersberg,47.71,12.12,Germany,,,,Petersberg,900,10.7554/eLife.36666,,tooth,,ENA,PRJEB24921,ERS2200178,Ancient Single-genome - Host-associated,Homo sapiens,,virus,Hepatitis B virus,chromosome,raw
Giffin2020,2020,10.1038/s41598-020-66012-x,Aguonu g. 10,54.675,25.277,Lithuania,,,,AGU007,400,10.1038/s41598-020-66012-x,,tooth,,ENA,PRJEB37508,ERS4398261,Ancient Single-genome - Host-associated,Homo sapiens,,bacteria,Yersinia pestis,chromosome,raw
Giffin2020,2020,10.1038/s41598-020-66012-x,Aguonu g. 10,54.675,25.277,Lithuania,,,,AGU010,400,10.1038/s41598-020-66012-x,,tooth,,ENA,PRJEB37508,ERS4410876,Ancient Single-genome - Host-associated,Homo sapiens,,bacteria,Yersinia pestis,chromosome,raw
Giffin2020,2020,10.1038/s41598-020-66012-x,Aguonu g. 10,54.675,25.277,Lithuania,,,,AGU020,400,10.1038/s41598-020-66012-x,,tooth,,ENA,PRJEB37508,ERS4398262,Ancient Single-genome - Host-associated,Homo sapiens,,bacteria,Yersinia pestis,chromosome,raw
Giffin2020,2020,10.1038/s41598-020-66012-x,Aguonu g. 10,54.675,25.277,Lithuania,,,,AGU025,400,10.1038/s41598-020-66012-x,,tooth,,ENA,PRJEB37508,ERS4398263,Ancient Single-genome - Host-associated,Homo sapiens,,bacteria,Yersinia pestis,chromosome,raw
Giffin2020,2020,10.1038/s41598-020-66012-x,Aguonu g. 10,54.675,25.277,Lithuania,,,,AGU007,400,10.1038/s41598-020-66012-x,,tooth,,ENA,PRJEB37508,ERS4398260,Ancient Single-genome - Host-associated,Homo sapiens,,bacteria,Treponema pallidum,chromosome,raw
Feldman2016,2016,10.1093/molbev/msw170,Altenerding,48.287,11.903,Germany,,,,AE1175,1500,10.1093/molbev/msw170,,tooth,,ENA,PRJEB14851,ERS1266114,Ancient Single-genome - Host-associated,Homo sapiens,,bacteria,Yersinia pestis,chromosome,raw
Keller2019,2019,10.1073/pnas.1820447116,Dittenheim,49.055,10.792,Germany,,,,DIT003.B,1500,10.1073/pnas.1820447116,,tooth,,ENA,PRJEB29991,ERS3465379,Ancient Single-genome - Host-associated,Homo sapiens,,bacteria,Yersinia pestis,chromosome,raw
Keller2019,2019,10.1073/pnas.1820447116,Dittenheim,49.055,10.792,Germany,,,,DIT004 merged,1500,10.1073/pnas.1820447116,,tooth,,ENA,PRJEB29991,"ERS3465380,ERS3465381",Ancient Single-genome - Host-associated,Homo sapiens,,bacteria,Yersinia pestis,chromosome,raw
Keller2019,2019,10.1073/pnas.1820447116,"Edix Hill, Cambridgeshire",52.136,-0.011,United Kingdom,,,,EDI001.A,1500,10.1073/pnas.1820447116,,tooth,,ENA,PRJEB29991,ERS3465382,Ancient Single-genome - Host-associated,Homo sapiens,,bacteria,Yersinia pestis,chromosome,raw
Keller2019,2019,10.1073/pnas.1820447116,"Edix Hill, Cambridgeshire",52.136,-0.011,United Kingdom,,,,EDI003.A,1500,10.1073/pnas.1820447116,,tooth,,ENA,PRJEB29991,ERS3465383,Ancient Single-genome - Host-associated,Homo sapiens,,bacteria,Yersinia pestis,chromosome,raw
Keller2019,2019,10.1073/pnas.1820447116,"Edix Hill, Cambridgeshire",52.136,-0.011,United Kingdom,,,,EDI004.A,1500,10.1073/pnas.1820447116,,tooth,,ENA,PRJEB29991,ERS3465384,Ancient Single-genome - Host-associated,Homo sapiens,,bacteria,Yersinia pestis,chromosome,raw
Keller2019,2019,10.1073/pnas.1820447116,"Edix Hill, Cambridgeshire",52.136,-0.011,United Kingdom,,,,EDI005.A,1500,10.1073/pnas.1820447116,,tooth,,ENA,PRJEB29991,ERS3465385,Ancient Single-genome - Host-associated,Homo sapiens,,bacteria,Yersinia pestis,chromosome,raw
Keller2019,2019,10.1073/pnas.1820447116,Saint-Doulchard Le Pressoir,47.105,2.357,France,,,,LSD001.A,1300,10.1073/pnas.1820447116,,tooth,,ENA,PRJEB29991,ERS3465386,Ancient Single-genome - Host-associated,Homo sapiens,,bacteria,Yersinia pestis,chromosome,raw
Keller2019,2019,10.1073/pnas.1820447116,Saint-Doulchard Le Pressoir,47.105,2.357,France,,,,LSD002.A,1300,10.1073/pnas.1820447116,,tooth,,ENA,PRJEB29991,ERS3465387,Ancient Single-genome - Host-associated,Homo sapiens,,bacteria,Yersinia pestis,chromosome,raw
Keller2019,2019,10.1073/pnas.1820447116,Saint-Doulchard Le Pressoir,47.105,2.357,France,,,,LSD007.A,1300,10.1073/pnas.1820447116,,tooth,,ENA,PRJEB29991,ERS3465388,Ancient Single-genome - Host-associated,Homo sapiens,,bacteria,Yersinia pestis,chromosome,raw
Keller2019,2019,10.1073/pnas.1820447116,Saint-Doulchard Le Pressoir,47.105,2.357,France,,,,LSD013.A,1300,10.1073/pnas.1820447116,,tooth,,ENA,PRJEB29991,ERS3465389,Ancient Single-genome - Host-associated,Homo sapiens,,bacteria,Yersinia pestis,chromosome,raw
Keller2019,2019,10.1073/pnas.1820447116,Saint-Doulchard Le Pressoir,47.105,2.357,France,,,,LSD019.A,1300,10.1073/pnas.1820447116,,tooth,,ENA,PRJEB29991,ERS3465390,Ancient Single-genome - Host-associated,Homo sapiens,,bacteria,Yersinia pestis,chromosome,raw
Keller2019,2019,10.1073/pnas.1820447116,Saint-Doulchard Le Pressoir,47.105,2.357,France,,,,LSD020.A,1300,10.1073/pnas.1820447116,,tooth,,ENA,PRJEB29991,ERS3465391,Ancient Single-genome - Host-associated,Homo sapiens,,bacteria,Yersinia pestis,chromosome,raw
Keller2019,2019,10.1073/pnas.1820447116,Saint-Doulchard Le Pressoir,47.105,2.357,France,,,,LSD021.A,1300,10.1073/pnas.1820447116,,tooth,,ENA,PRJEB29991,ERS3465392,Ancient Single-genome - Host-associated,Homo sapiens,,bacteria,Yersinia pestis,chromosome,raw
Keller2019,2019,10.1073/pnas.1820447116,Saint-Doulchard Le Pressoir,47.105,2.357,France,,,,LSD022.A,1300,10.1073/pnas.1820447116,,tooth,,ENA,PRJEB29991,ERS3465393,Ancient Single-genome - Host-associated,Homo sapiens,,bacteria,Yersinia pestis,chromosome,raw
Keller2019,2019,10.1073/pnas.1820447116,Saint-Doulchard Le Pressoir,47.105,2.357,France,,,,LSD023.A,1300,10.1073/pnas.1820447116,,tooth,,ENA,PRJEB29991,ERS3465394,Ancient Single-genome - Host-associated,Homo sapiens,,bacteria,Yersinia pestis,chromosome,raw
Keller2019,2019,10.1073/pnas.1820447116,Saint-Doulchard Le Pressoir,47.105,2.357,France,,,,LSD024.A,1300,10.1073/pnas.1820447116,,tooth,,ENA,PRJEB29991,ERS3465395,Ancient Single-genome - Host-associated,Homo sapiens,,bacteria,Yersinia pestis,chromosome,raw
Keller2019,2019,10.1073/pnas.1820447116,Saint-Doulchard Le Pressoir,47.105,2.357,France,,,,LSD026.A,1300,10.1073/pnas.1820447116,,tooth,,ENA,PRJEB29991,ERS3465396,Ancient Single-genome - Host-associated,Homo sapiens,,bacteria,Yersinia pestis,chromosome,raw
Keller2019,2019,10.1073/pnas.1820447116,Lunel-Viel (Quartier centrale),43.677,4.092,France,,,,LVC001 merged,1500,10.1073/pnas.1820447116,,tooth,,ENA,PRJEB29991,"ERS3465397,ERS3465398",Ancient Single-genome - Host-associated,Homo sapiens,,bacteria,Yersinia pestis,chromosome,raw
Keller2019,2019,10.1073/pnas.1820447116,Lunel-Viel (Quartier centrale),43.677,4.092,France,,,,LVC005 merged,1500,10.1073/pnas.1820447116,,tooth,,ENA,PRJEB29991,"ERS3465399,ERS3465400,ERS3465401",Ancient Single-genome - Host-associated,Homo sapiens,,bacteria,Yersinia pestis,chromosome,raw
Keller2019,2019,10.1073/pnas.1820447116,Lunel-Viel (Quartier centrale),43.677,4.092,France,,,,LVC006.A,1500,10.1073/pnas.1820447116,,tooth,,ENA,PRJEB29991,ERS3465402,Ancient Single-genome - Host-associated,Homo sapiens,,bacteria,Yersinia pestis,chromosome,raw
Keller2019,2019,10.1073/pnas.1820447116,Petting,47.912,12.816,Germany,,,,PET004.A,1500,10.1073/pnas.1820447116,,tooth,,ENA,PRJEB29991,ERS3465404,Ancient Single-genome - Host-associated,Homo sapiens,,bacteria,Yersinia pestis,chromosome,raw
Keller2019,2019,10.1073/pnas.1820447116,Petting,47.912,12.816,Germany,,,,PET005.A,1500,10.1073/pnas.1820447116,,tooth,,ENA,PRJEB29991,ERS3465405,Ancient Single-genome - Host-associated,Homo sapiens,,bacteria,Yersinia pestis,chromosome,raw
Keller2019,2019,10.1073/pnas.1820447116,Petting,47.912,12.816,Germany,,,,PET006.A,1500,10.1073/pnas.1820447116,,tooth,,ENA,PRJEB29991,ERS3465406,Ancient Single-genome - Host-associated,Homo sapiens,,bacteria,Yersinia pestis,chromosome,raw
Keller2019,2019,10.1073/pnas.1820447116,Unterthürheim,48.599,10.706,Germany,,,,UNT002.A,1600,10.1073/pnas.1820447116,,tooth,,ENA,PRJEB29991,ERS3465407,Ancient Single-genome - Host-associated,Homo sapiens,,bacteria,Yersinia pestis,chromosome,raw
Keller2019,2019,10.1073/pnas.1820447116,Unterthürheim,48.599,10.706,Germany,,,,UNT003.A,1500,10.1073/pnas.1820447116,,tooth,,ENA,PRJEB29991,ERS3465408,Ancient Single-genome - Host-associated,Homo sapiens,,bacteria,Yersinia pestis,chromosome,raw
Keller2019,2019,10.1073/pnas.1820447116,Unterthürheim,48.599,10.706,Germany,,,,UNT004.A,1600,10.1073/pnas.1820447116,,tooth,,ENA,PRJEB29991,ERS3465409,Ancient Single-genome - Host-associated,Homo sapiens,,bacteria,Yersinia pestis,chromosome,raw
Keller2019,2019,10.1073/pnas.1820447116,Unterthürheim,48.599,10.706,Germany,,,,UNT005.A,1500,10.1073/pnas.1820447116,,tooth,,ENA,PRJEB29991,ERS3465410,Ancient Single-genome - Host-associated,Homo sapiens,,bacteria,Yersinia pestis,chromosome,raw
Keller2019,2019,10.1073/pnas.1820447116,Unterthürheim,48.599,10.706,Germany,,,,UNT006.A,1500,10.1073/pnas.1820447116,,tooth,,ENA,PRJEB29991,ERS3465411,Ancient Single-genome - Host-associated,Homo sapiens,,bacteria,Yersinia pestis,chromosome,raw
Keller2019,2019,10.1073/pnas.1820447116,Valencia,39.476,-0.374,Spain,,,,VAL001.B,1500,10.1073/pnas.1820447116,,tooth,,ENA,PRJEB29991,ERS3465403,Ancient Single-genome - Host-associated,Homo sapiens,,bacteria,Yersinia pestis,chromosome,raw
Keller2019,2019,10.1073/pnas.1820447116,Waging,47.934,12.733,Germany,,,,WAG001.A,1500,10.1073/pnas.1820447116,,tooth,,ENA,PRJEB29991,ERS3465412,Ancient Single-genome - Host-associated,Homo sapiens,,bacteria,Yersinia pestis,chromosome,raw
Muhlemann2018b,2018,10.1073/pnas.1804921115,Gotland,57.63,18.28,Sweden,,,,VK477,1000,10.1073/pnas.1804921115,,tooth,,GitHub,acorg/parvo-2018,VK477,Ancient Single-genome - Host-associated,Homo sapiens,,virus,Parvovirus B19,chromosome,"reference_aligned,consensus"
Muhlemann2018b,2018,10.1073/pnas.1804921115,Brandýsek,50.18,14.15,Czechia,,,,RISE569,1200,10.1073/pnas.1804921115,,tooth,,GitHub,acorg/parvo-2018,RISE569,Ancient Single-genome - Host-associated,Homo sapiens,,virus,Parvovirus B19,chromosome,"reference_aligned,consensus"
Muhlemann2018b,2018,10.1073/pnas.1804921115,"Bazaiha, Krasnoyarsk",55.951,92.784,Russia,,,,NEO105,500,10.1073/pnas.1804921115,,tooth,,GitHub,acorg/parvo-2018,NEO105,Ancient Single-genome - Host-associated,Homo sapiens,,virus,Parvovirus B19,chromosome,"reference_aligned,consensus"
Muhlemann2018b,2018,10.1073/pnas.1804921115,Lake Baikal (Shamanka II),51.698,103.703,Russia,,,,DA251,6800,10.1073/pnas.1804921115,,tooth,,GitHub,acorg/parvo-2018,DA251,Ancient Single-genome - Host-associated,Homo sapiens,,virus,Parvovirus B19,chromosome,"reference_aligned,consensus"
Muhlemann2018b,2018,10.1073/pnas.1804921115,Eastern Settlement,60.99,-45.42,Greenland,,,,VK6,1000,10.1073/pnas.1804921115,,tooth,,GitHub,acorg/parvo-2018,VK6,Ancient Single-genome - Host-associated,Homo sapiens,,virus,Parvovirus B19,chromosome,"reference_aligned,consensus"
Muhlemann2018b,2018,10.1073/pnas.1804921115,Bodzia,52.703,18.887,Poland,,,,VK154,900,10.1073/pnas.1804921115,,tooth,,GitHub,acorg/parvo-2018,VK154,Ancient Single-genome - Host-associated,Homo sapiens,,virus,Parvovirus B19,chromosome,"reference_aligned,consensus"
Muhlemann2018b,2018,10.1073/pnas.1804921115,Oxford,51.756,-1.257,United Kingdom,,,,VK143,1000,10.1073/pnas.1804921115,,tooth,,GitHub,acorg/parvo-2018,VK143,Ancient Single-genome - Host-associated,Homo sapiens,,virus,Parvovirus B19,chromosome,"reference_aligned,consensus"
Wagner2014,2014,10.1016/S1473-3099(13)70323-2,Aschheim-Bajuwarenring,48.172,11.715,Germany,,,,A120,1400,10.1016/S1473-3099(13)70323-2,,tooth,,SRA,PRJNA231474,"SRS514388,SRS514389,SRS514393,SRS514395,SRS514397,SRS514398,SRS514399,SRS514400,SRS514401,SRS514402,SRS514403,SRS514404,SRS514423,SRS514424,SRS514425,SRS514426,SRS514427,SRS514429,SRS514430,SRS514431,SRS514435,SRS514436,SRS514437,SRS514438,SRS514439,SRS514440,SRS514441,SRS514442,SRS514507,SRS514506,SRS514505,SRS514444",Ancient Single-genome - Host-associated,Homo sapiens,,bacteria,Yersinia pestis,chromosome,raw
Wagner2014,2014,10.1016/S1473-3099(13)70323-2,Aschheim-Bajuwarenring,48.172,11.715,Germany,,,,A76,1400,10.1016/S1473-3099(13)70323-2,,tooth,,SRA,PRJNA231474,"SRS514391,SRS514392,SRS514432,SRS514443,SRS514508",Ancient Single-genome - Host-associated,Homo sapiens,,bacteria,Yersinia pestis,chromosome,raw
Bos2011,2011,10.1038/nature10549,East Smithfield Cemetery,51.508,-0.069,United Kingdom,,,,ES_11972,600,10.1038/nature10549,,tooth,,SRA,SRP008060,SRS259946,Ancient Single-genome - Host-associated,Homo sapiens,,bacteria,Yersinia pestis,chromosome,raw
Bos2011,2011,10.1038/nature10549,Abbey St. Mary Graces,51.508,-0.069,United Kingdom,,,,ES_6330,600,10.1038/nature10549,,tooth,,SRA,SRP008060,SRS259944,Ancient Single-genome - Host-associated,Homo sapiens,,bacteria,Yersinia pestis,chromosome,raw
Bos2011,2011,10.1038/nature10549,East Smithfield Cemetery,51.508,-0.069,United Kingdom,,,,ES_8124,600,10.1038/nature10549,,tooth,,SRA,SRP008060,SRS259947,Ancient Single-genome - Host-associated,Homo sapiens,,bacteria,Yersinia pestis,chromosome,raw
Bos2011,2011,10.1038/nature10549,East Smithfield Cemetery,51.508,-0.069,United Kingdom,,,,ES_8291,600,10.1038/nature10549,,tooth,,SRA,SRP008060,SRS259945,Ancient Single-genome - Host-associated,Homo sapiens,,bacteria,Yersinia pestis,chromosome,raw
Bos2016,2016,10.7554/eLife.12994.001,l'Observance,43.301,5.367,France,,,,OBS107,200,10.7554/eLife.12994.001,,tooth,,ENA,PRJEB12163,ERS1020860,Ancient Single-genome - Host-associated,Homo sapiens,,bacteria,Yersinia pestis,chromosome,raw
Bos2016,2016,10.7554/eLife.12994.001,l'Observance,43.301,5.367,France,,,,OBS110,200,10.7554/eLife.12994.001,,tooth,,ENA,PRJEB12163,ERS1020861,Ancient Single-genome - Host-associated,Homo sapiens,,bacteria,Yersinia pestis,chromosome,raw
Bos2016,2016,10.7554/eLife.12994.001,l'Observance,43.301,5.367,France,,,,OBS116,200,10.7554/eLife.12994.001,,tooth,,ENA,PRJEB12163,ERS1020862,Ancient Single-genome - Host-associated,Homo sapiens,,bacteria,Yersinia pestis,chromosome,raw
Bos2016,2016,10.7554/eLife.12994.001,l'Observance,43.301,5.367,France,,,,OBS124,200,10.7554/eLife.12994.001,,tooth,,ENA,PRJEB12163,ERS1020863,Ancient Single-genome - Host-associated,Homo sapiens,,bacteria,Yersinia pestis,chromosome,raw
Bos2016,2016,10.7554/eLife.12994.001,l'Observance,43.301,5.367,France,,,,OBS137,200,10.7554/eLife.12994.001,,tooth,,ENA,PRJEB12163,ERS1020864,Ancient Single-genome - Host-associated,Homo sapiens,,bacteria,Yersinia pestis,chromosome,raw
Vagene2018,2018,10.1038/s41559-017-0446-6,Teposcolula-Yucundaa,17.499,-97.467,Mexico,,,,Tepos_10,400,10.1038/s41559-017-0446-6,,tooth,,ENA,PRJEB23438,ERS2020211,Ancient Single-genome - Host-associated,Homo sapiens,,bacteria,Salmonella enterica,chromosome,raw
Vagene2018,2018,10.1038/s41559-017-0446-6,Teposcolula-Yucundaa,17.499,-97.467,Mexico,,,,Tepos_11,400,10.1038/s41559-017-0446-6,,tooth,,ENA,PRJEB23438,ERS2020212,Ancient Single-genome - Host-associated,Homo sapiens,,bacteria,Salmonella enterica,chromosome,raw
Vagene2018,2018,10.1038/s41559-017-0446-6,Teposcolula-Yucundaa,17.499,-97.467,Mexico,,,,Tepos_14,400,10.1038/s41559-017-0446-6,,tooth,,ENA,PRJEB23438,ERS2020215,Ancient Single-genome - Host-associated,Homo sapiens,,bacteria,Salmonella enterica,chromosome,raw
Vagene2018,2018,10.1038/s41559-017-0446-6,Teposcolula-Yucundaa,17.499,-97.467,Mexico,,,,Tepos_20,400,10.1038/s41559-017-0446-6,,tooth,,ENA,PRJEB23438,ERS2020221,Ancient Single-genome - Host-associated,Homo sapiens,,bacteria,Salmonella enterica,chromosome,raw
Vagene2018,2018,10.1038/s41559-017-0446-6,Teposcolula-Yucundaa,17.499,-97.467,Mexico,,,,Tepos_34,400,10.1038/s41559-017-0446-6,,tooth,,ENA,PRJEB23438,ERS2020226,Ancient Single-genome - Host-associated,Homo sapiens,,bacteria,Salmonella enterica,chromosome,raw
Vagene2018,2018,10.1038/s41559-017-0446-6,Teposcolula-Yucundaa,17.499,-97.467,Mexico,,,,Tepos_35,400,10.1038/s41559-017-0446-6,,tooth,,ENA,PRJEB23438,ERS2020227,Ancient Single-genome - Host-associated,Homo sapiens,,bacteria,Salmonella enterica,chromosome,raw
Vagene2018,2018,10.1038/s41559-017-0446-6,Teposcolula-Yucundaa,17.499,-97.467,Mexico,,,,Tepos_36,400,10.1038/s41559-017-0446-6,,tooth,,ENA,PRJEB23438,ERS2020228,Ancient Single-genome - Host-associated,Homo sapiens,,bacteria,Salmonella enterica,chromosome,raw
Vagene2018,2018,10.1038/s41559-017-0446-6,Teposcolula-Yucundaa,17.499,-97.467,Mexico,,,,Tepos_37,400,10.1038/s41559-017-0446-6,,tooth,,ENA,PRJEB23438,ERS2020229,Ancient Single-genome - Host-associated,Homo sapiens,,bacteria,Salmonella enterica,chromosome,raw
Vagene2018,2018,10.1038/s41559-017-0446-6,Teposcolula-Yucundaa,17.499,-97.467,Mexico,,,,Tepos_38,400,10.1038/s41559-017-0446-6,,tooth,,ENA,PRJEB23438,ERS2020230,Ancient Single-genome - Host-associated,Homo sapiens,,bacteria,Salmonella enterica,chromosome,raw
Vagene2018,2018,10.1038/s41559-017-0446-6,Teposcolula-Yucundaa,17.499,-97.467,Mexico,,,,Tepos_41,400,10.1038/s41559-017-0446-6,,tooth,,ENA,PRJEB23438,ERS2020231,Ancient Single-genome - Host-associated,Homo sapiens,,bacteria,Salmonella enterica,chromosome,raw
Zhou2018,2018,10.1016/j.cub.2018.05.058,St. Olav's Cathedral,63.425,10.392,Norway,,,,SK152,800,10.1016/j.cub.2018.05.058,,tooth,,UCPH ERDA,E56xgi8CEl,"dentine_lib1,dentine_lib2,femur_lib1,new_lib1,new_lib2,pulp_lib1,whole_root_lib1,whole_root_lib2",Ancient Single-genome - Host-associated,Homo sapiens,,bacteria,Salmonella enterica,chromosome,raw
Schuenemann2011,2011,10.1073/pnas.1105107108,East Smithfield Cemetery,51.508,-0.069,United Kingdom,,,,ES 1-5,600,10.1073/pnas.1105107108,,tooth,,GenBank,Unknown,HE576987,Ancient Single-genome - Host-associated,Homo sapiens,,bacteria,Yersinia pestis,organelle,consensus
Namouchi2018,2018,10.1073/pnas.1812865115,Abbadia San Salvatore,42.88,11.676,Italy,,,,BSS31,600,10.1073/pnas.1812865115,,tooth,,ENA,PRJEB24499,ERS2865269,Ancient Single-genome - Host-associated,Homo sapiens,,bacteria,Yersinia pestis,chromosome,raw
Namouchi2018,2018,10.1073/pnas.1812865115,Saint-Laurent-de-la-Cabrerisse,43.087,2.72,France,,,,SLC1006,600,10.1073/pnas.1812865115,,tooth,,ENA,PRJEB24499,ERS2865271,Ancient Single-genome - Host-associated,Homo sapiens,,bacteria,Yersinia pestis,chromosome,raw
Namouchi2018,2018,10.1073/pnas.1812865115,St Nicolay and St Clement,59.904,10.765,Norway,,,,OSL1,600,10.1073/pnas.1812865115,,tooth,,ENA,PRJEB24499,ERS2865270,Ancient Single-genome - Host-associated,Homo sapiens,,bacteria,Yersinia pestis,chromosome,raw
Namouchi2018,2018,10.1073/pnas.1812865115,Bergen op Zoom,51.494,4.287,Netherlands,,,,Ber45,600,10.1073/pnas.1812865115,,tooth,,ENA,PRJEB24499,ERS2865268,Ancient Single-genome - Host-associated,Homo sapiens,,bacteria,Yersinia pestis,chromosome,raw
Namouchi2018,2018,10.1073/pnas.1812865115,Bergen op Zoom,51.494,4.287,Netherlands,,,,Ber37,600,10.1073/pnas.1812865115,,tooth,,ENA,PRJEB24499,ERS2865267,Ancient Single-genome - Host-associated,Homo sapiens,,bacteria,Yersinia pestis,chromosome,raw
Spyrou2016,2016,10.1016/j.chom.2016.05.012,Sants Màrtirs Just i Pastor,41.382,2.178,Spain,,,,Barcelona_3031,600,10.1016/j.chom.2016.05.012,,tooth,,ENA,PRJEB13664,ERS1124787,Ancient Single-genome - Host-associated,Homo sapiens,,bacteria,Yersinia pestis,chromosome,raw
Spyrou2016,2016,10.1016/j.chom.2016.05.012,Ust-Jerusalem necropolis,54.967,49.034,Russia,,,,Bolgar_2370,600,10.1016/j.chom.2016.05.012,,tooth,,ENA,PRJEB13664,ERS1124788,Ancient Single-genome - Host-associated,Homo sapiens,,bacteria,Yersinia pestis,chromosome,raw
Spyrou2016,2016,10.1016/j.chom.2016.05.012,“Marktplatz” Ellwangen,48.962,10.131,Germany,,,,Ellwangen 549_O,400,10.1016/j.chom.2016.05.012,,tooth,,ENA,PRJEB13664,"ERS1124790,ERS1124789",Ancient Single-genome - Host-associated,Homo sapiens,,bacteria,Yersinia pestis,chromosome,raw
Spyrou2019,2019,10.1038/s41467-019-12154-0,“Marktplatz” Ellwangen,48.962,10.131,Germany,,,,Ellwangen 549_O,400,10.1038/s41467-019-12154-0,,tooth,,ENA,PRJEB29990,ERS3607398,Ancient Single-genome - Host-associated,Homo sapiens,,bacteria,Yersinia pestis,chromosome,raw
Spyrou2019,2019,10.1038/s41467-019-12154-0,New Churchyard (Bedlam) burial ground,51.517,-0.083,United Kingdom,,,,BED030.A0102,400,10.1038/s41467-019-12154-0,,tooth,,ENA,PRJEB29990,ERS3607393,Ancient Single-genome - Host-associated,Homo sapiens,,bacteria,Yersinia pestis,chromosome,raw
Spyrou2019,2019,10.1038/s41467-019-12154-0,New Churchyard (Bedlam) burial ground,51.517,-0.083,United Kingdom,,,,BED028.A0102,400,10.1038/s41467-019-12154-0,,tooth,,ENA,PRJEB29990,ERS3607392,Ancient Single-genome - Host-associated,Homo sapiens,,bacteria,Yersinia pestis,chromosome,raw
Spyrou2019,2019,10.1038/s41467-019-12154-0,New Churchyard (Bedlam) burial ground,51.517,-0.083,United Kingdom,,,,BED034.A0102,400,10.1038/s41467-019-12154-0,,tooth,,ENA,PRJEB29990,ERS3607394,Ancient Single-genome - Host-associated,Homo sapiens,,bacteria,Yersinia pestis,chromosome,raw
Spyrou2019,2019,10.1038/s41467-019-12154-0,New Churchyard (Bedlam) burial ground,51.517,-0.083,United Kingdom,,,,BED024.A0102,400,10.1038/s41467-019-12154-0,,tooth,,ENA,PRJEB29990,ERS3607391,Ancient Single-genome - Host-associated,Homo sapiens,,bacteria,Yersinia pestis,chromosome,raw
Spyrou2019,2019,10.1038/s41467-019-12154-0,New Churchyard (Bedlam) burial ground,51.517,-0.083,United Kingdom,,,,BED038.A0102,400,10.1038/s41467-019-12154-0,,tooth,,ENA,PRJEB29990,ERS3607395,Ancient Single-genome - Host-associated,Homo sapiens,,bacteria,Yersinia pestis,chromosome,raw
Spyrou2019,2019,10.1038/s41467-019-12154-0,Domlinden 12,52.414,12.567,Germany,,,,BRA001.A0101,300,10.1038/s41467-019-12154-0,,tooth,,ENA,PRJEB29990,ERS3607396,Ancient Single-genome - Host-associated,Homo sapiens,,bacteria,Yersinia pestis,chromosome,raw
Spyrou2019,2019,10.1038/s41467-019-12154-0,Domlinden 12,52.414,12.567,Germany,,,,BRA003.A0101,300,10.1038/s41467-019-12154-0,,tooth,,ENA,PRJEB29990,ERS3607397,Ancient Single-genome - Host-associated,Homo sapiens,,bacteria,Yersinia pestis,chromosome,raw
Spyrou2019,2019,10.1038/s41467-019-12154-0,Laishevo III cemetery,55.401,49.549,Russia,,,,LAI009.A0101,600,10.1038/s41467-019-12154-0,,tooth,,ENA,PRJEB29990,ERS3607399,Ancient Single-genome - Host-associated,Homo sapiens,,bacteria,Yersinia pestis,chromosome,raw
Spyrou2019,2019,10.1038/s41467-019-12154-0,Laishevo III cemetery,55.401,49.549,Russia,,,,LAI010.A0101,600,10.1038/s41467-019-12154-0,,tooth,,ENA,PRJEB29990,ERS3607400,Ancient Single-genome - Host-associated,Homo sapiens,,bacteria,Yersinia pestis,chromosome,raw
Spyrou2019,2019,10.1038/s41467-019-12154-0,Kirchhof St. Johannis,48.05,10.868,Germany,,,,LBG002.A0101,400,10.1038/s41467-019-12154-0,,tooth,,ENA,PRJEB29990,ERS3607401,Ancient Single-genome - Host-associated,Homo sapiens,,bacteria,Yersinia pestis,chromosome,raw
Spyrou2019,2019,10.1038/s41467-019-12154-0,St. Leonhardi,48.717,11.495,Germany,,,,MAN008.B0101,600,10.1038/s41467-019-12154-0,,tooth,,ENA,PRJEB29990,ERS3607402,Ancient Single-genome - Host-associated,Homo sapiens,,bacteria,Yersinia pestis,chromosome,raw
Spyrou2019,2019,10.1038/s41467-019-12154-0,St. Leonhardi,48.717,11.495,Germany,,,,MAN015.A0101,600,10.1038/s41467-019-12154-0,,tooth,,ENA,PRJEB29990,ERS3607403,Ancient Single-genome - Host-associated,Homo sapiens,,bacteria,Yersinia pestis,chromosome,raw
Spyrou2019,2019,10.1038/s41467-019-12154-0,Sankt Johans Freidhof,49.451,12.177,Germany,,,,NAB005.A/B0101,600,10.1038/s41467-019-12154-0,,tooth,,ENA,PRJEB29990,ERS3607406,Ancient Single-genome - Host-associated,Homo sapiens,,bacteria,Yersinia pestis,chromosome,raw
Spyrou2019,2019,10.1038/s41467-019-12154-0,Sankt Johans Freidhof,49.451,12.177,Germany,,,,NAB003.B0101,600,10.1038/s41467-019-12154-0,,tooth,,ENA,PRJEB29990,ERS3607404,Ancient Single-genome - Host-associated,Homo sapiens,,bacteria,Yersinia pestis,chromosome,raw
Spyrou2019,2019,10.1038/s41467-019-12154-0,Sankt Johans Freidhof,49.451,12.177,Germany,,,,NAB004.A0101,600,10.1038/s41467-019-12154-0,,tooth,,ENA,PRJEB29990,ERS3607405,Ancient Single-genome - Host-associated,Homo sapiens,,bacteria,Yersinia pestis,chromosome,raw
Spyrou2019,2019,10.1038/s41467-019-12154-0,Augustinian Friary,52.202,0.12,United Kingdom,,,,NMS002.A0101,400,10.1038/s41467-019-12154-0,,tooth,,ENA,PRJEB29990,ERS3607408,Ancient Single-genome - Host-associated,Homo sapiens,,bacteria,Yersinia pestis,chromosome,raw
Spyrou2019,2019,10.1038/s41467-019-12154-0,Augustinian Friary,52.202,0.12,United Kingdom,,,,NMS003.A0101,600,10.1038/s41467-019-12154-0,,tooth,,ENA,PRJEB29990,ERS3607409,Ancient Single-genome - Host-associated,Homo sapiens,,bacteria,Yersinia pestis,chromosome,raw
Spyrou2019,2019,10.1038/s41467-019-12154-0,Possenhofener Str. 3,47.995,11.339,Germany,,,,STA001.A0101,400,10.1038/s41467-019-12154-0,,tooth,,ENA,PRJEB29990,ERS3607410,Ancient Single-genome - Host-associated,Homo sapiens,,bacteria,Yersinia pestis,chromosome,raw
Spyrou2019,2019,10.1038/s41467-019-12154-0,"Nägeligasse, St. Peter and Paul churchyard",46.956,8.365,Switzerland,,,,STN014.A0101,400,10.1038/s41467-019-12154-0,,tooth,,ENA,PRJEB29990,ERS3607419,Ancient Single-genome - Host-associated,Homo sapiens,,bacteria,Yersinia pestis,chromosome,raw
Spyrou2019,2019,10.1038/s41467-019-12154-0,"Nägeligasse, St. Peter and Paul churchyard",46.956,8.365,Switzerland,,,,STN020.A0101,400,10.1038/s41467-019-12154-0,,tooth,,ENA,PRJEB29990,ERS3607422,Ancient Single-genome - Host-associated,Homo sapiens,,bacteria,Yersinia pestis,chromosome,raw
Spyrou2019,2019,10.1038/s41467-019-12154-0,"Nägeligasse, St. Peter and Paul churchyard",46.956,8.365,Switzerland,,,,STN021.A0101,400,10.1038/s41467-019-12154-0,,tooth,,ENA,PRJEB29990,ERS3607423,Ancient Single-genome - Host-associated,Homo sapiens,,bacteria,Yersinia pestis,chromosome,raw
Spyrou2019,2019,10.1038/s41467-019-12154-0,"Nägeligasse, St. Peter and Paul churchyard",46.956,8.365,Switzerland,,,,STN019.A0101,400,10.1038/s41467-019-12154-0,,tooth,,ENA,PRJEB29990,ERS3607421,Ancient Single-genome - Host-associated,Homo sapiens,,bacteria,Yersinia pestis,chromosome,raw
Spyrou2019,2019,10.1038/s41467-019-12154-0,"Nägeligasse, St. Peter and Paul churchyard",46.956,8.365,Switzerland,,,,STN007.A0101,400,10.1038/s41467-019-12154-0,,tooth,,ENA,PRJEB29990,ERS3607414,Ancient Single-genome - Host-associated,Homo sapiens,,bacteria,Yersinia pestis,chromosome,raw
Spyrou2019,2019,10.1038/s41467-019-12154-0,"Nägeligasse, St. Peter and Paul churchyard",46.956,8.365,Switzerland,,,,STN002.A0101,400,10.1038/s41467-019-12154-0,,tooth,,ENA,PRJEB29990,ERS3607411,Ancient Single-genome - Host-associated,Homo sapiens,,bacteria,Yersinia pestis,chromosome,raw
Spyrou2019,2019,10.1038/s41467-019-12154-0,"Nägeligasse, St. Peter and Paul churchyard",46.956,8.365,Switzerland,,,,STN008.A0101,400,10.1038/s41467-019-12154-0,,tooth,,ENA,PRJEB29990,ERS3607415,Ancient Single-genome - Host-associated,Homo sapiens,,bacteria,Yersinia pestis,chromosome,raw
Spyrou2019,2019,10.1038/s41467-019-12154-0,"Nägeligasse, St. Peter and Paul churchyard",46.956,8.365,Switzerland,,,,STN013.A0101,400,10.1038/s41467-019-12154-0,,tooth,,ENA,PRJEB29990,ERS3607418,Ancient Single-genome - Host-associated,Homo sapiens,,bacteria,Yersinia pestis,chromosome,raw
Spyrou2019,2019,10.1038/s41467-019-12154-0,"Nägeligasse, St. Peter and Paul churchyard",46.956,8.365,Switzerland,,,,STN011.A0101,400,10.1038/s41467-019-12154-0,,tooth,,ENA,PRJEB29990,ERS3607416,Ancient Single-genome - Host-associated,Homo sapiens,,bacteria,Yersinia pestis,chromosome,raw
Spyrou2019,2019,10.1038/s41467-019-12154-0,"Nägeligasse, St. Peter and Paul churchyard",46.956,8.365,Switzerland,,,,STN004.A0101,400,10.1038/s41467-019-12154-0,,tooth,,ENA,PRJEB29990,ERS3607412,Ancient Single-genome - Host-associated,Homo sapiens,,bacteria,Yersinia pestis,chromosome,raw
Spyrou2019,2019,10.1038/s41467-019-12154-0,"Nägeligasse, St. Peter and Paul churchyard",46.956,8.365,Switzerland,,,,STN032.A0101,400,10.1038/s41467-019-12154-0,,tooth,,ENA,PRJEB29990,ERS3607425,Ancient Single-genome - Host-associated,Homo sapiens,,bacteria,Yersinia pestis,chromosome,raw
Spyrou2019,2019,10.1038/s41467-019-12154-0,"Nägeligasse, St. Peter and Paul churchyard",46.956,8.365,Switzerland,,,,STN031.A0101,400,10.1038/s41467-019-12154-0,,tooth,,ENA,PRJEB29990,ERS3607424,Ancient Single-genome - Host-associated,Homo sapiens,,bacteria,Yersinia pestis,chromosome,raw
Spyrou2019,2019,10.1038/s41467-019-12154-0,"Nägeligasse, St. Peter and Paul churchyard",46.956,8.365,Switzerland,,,,STN005.A0101,400,10.1038/s41467-019-12154-0,,tooth,,ENA,PRJEB29990,ERS3607413,Ancient Single-genome - Host-associated,Homo sapiens,,bacteria,Yersinia pestis,chromosome,raw
Spyrou2019,2019,10.1038/s41467-019-12154-0,"Nägeligasse, St. Peter and Paul churchyard",46.956,8.365,Switzerland,,,,STN018.A0101,400,10.1038/s41467-019-12154-0,,tooth,,ENA,PRJEB29990,ERS3607420,Ancient Single-genome - Host-associated,Homo sapiens,,bacteria,Yersinia pestis,chromosome,raw
Spyrou2019,2019,10.1038/s41467-019-12154-0,"Nägeligasse, St. Peter and Paul churchyard",46.956,8.365,Switzerland,,,,STN012.A0101,400,10.1038/s41467-019-12154-0,,tooth,,ENA,PRJEB29990,ERS3607417,Ancient Single-genome - Host-associated,Homo sapiens,,bacteria,Yersinia pestis,chromosome,raw
Spyrou2019,2019,10.1038/s41467-019-12154-0,16 rue des Trente Six Ponts,43.592,1.446,France,,,,TRP002.A0101/02,600,10.1038/s41467-019-12154-0,,tooth,,ENA,PRJEB29990,ERS3607426,Ancient Single-genome - Host-associated,Homo sapiens,,bacteria,Yersinia pestis,chromosome,raw
KrauseKyora2018b,2018,10.1038/s41467-018-03857-x,"St. Jørgen cemetery, Odense",55.399,10.406,Denmark,,,,G34,500,10.1038/s41467-018-03857-x,,tooth,,ENA,PRJEB19769,ERS1574242,Ancient Single-genome - Host-associated,Homo sapiens,,bacteria,Mycobacterium leprae,chromosome,raw
KrauseKyora2018b,2018,10.1038/s41467-018-03857-x,"St. Jørgen cemetery, Odense",55.399,10.406,Denmark,,,,G154,500,10.1038/s41467-018-03857-x,,tooth,,ENA,PRJEB19769,ERS1574227,Ancient Single-genome - Host-associated,Homo sapiens,,bacteria,Mycobacterium leprae,chromosome,raw
KrauseKyora2018b,2018,10.1038/s41467-018-03857-x,"St. Jørgen cemetery, Odense",55.399,10.406,Denmark,,,,G404 / Jorgen_404,700,10.1371/journal.ppat.1006997,,tooth,,ENA,PRJEB19769,ERS1574247,Ancient Single-genome - Host-associated,Homo sapiens,,bacteria,Mycobacterium leprae,chromosome,raw
KrauseKyora2018b,2018,10.1038/s41467-018-03857-x,"St. Jørgen cemetery, Odense",55.399,10.406,Denmark,,,,G427 / Jorgen_427,700,10.1371/journal.ppat.1006997,,tooth,,ENA,PRJEB19769,ERS1574249,Ancient Single-genome - Host-associated,Homo sapiens,,bacteria,Mycobacterium leprae,chromosome,raw
KrauseKyora2018b,2018,10.1038/s41467-018-03857-x,"St. Jørgen cemetery, Odense",55.399,10.406,Denmark,,,,G507 / Jorgen_507,800,10.1371/journal.ppat.1006997,,tooth,,ENA,PRJEB19769,ERS1574253,Ancient Single-genome - Host-associated,Homo sapiens,,bacteria,Mycobacterium leprae,chromosome,raw
KrauseKyora2018b,2018,10.1038/s41467-018-03857-x,"St. Jørgen cemetery, Odense",55.399,10.406,Denmark,,,,G533 / Jorgen_533,800,10.1371/journal.ppat.1006997,,tooth,,ENA,PRJEB19769,ERS1574254,Ancient Single-genome - Host-associated,Homo sapiens,,bacteria,Mycobacterium leprae,chromosome,raw
KrauseKyora2018b,2018,10.1038/s41467-018-03857-x,"St. Jørgen cemetery, Odense",55.399,10.406,Denmark,,,,G722 / Jorgen_722,600,10.1371/journal.ppat.1006997,,tooth,,ENA,PRJEB19769,ERS1574259,Ancient Single-genome - Host-associated,Homo sapiens,,bacteria,Mycobacterium leprae,chromosome,raw
KrauseKyora2018b,2018,10.1038/s41467-018-03857-x,"St. Jørgen cemetery, Odense",55.399,10.406,Denmark,,,,G749 / Jorgen_749,700,10.1371/journal.ppat.1006997,,tooth,,ENA,PRJEB19769,ERS1574262,Ancient Single-genome - Host-associated,Homo sapiens,,bacteria,Mycobacterium leprae,chromosome,raw
KrauseKyora2018b,2018,10.1038/s41467-018-03857-x,"St. Jørgen cemetery, Odense",55.399,10.406,Denmark,,,,G1083,500,10.1038/s41467-018-03857-x,,tooth,,ENA,PRJEB19769,ERS1574217,Ancient Single-genome - Host-associated,Homo sapiens,,bacteria,Mycobacterium leprae,chromosome,raw
KrauseKyora2018b,2018,10.1038/s41467-018-03857-x,"St. Jørgen cemetery, Odense",55.399,10.406,Denmark,,,,G1149,500,10.1038/s41467-018-03857-x,,tooth,,ENA,PRJEB19769,ERS1574219,Ancient Single-genome - Host-associated,Homo sapiens,,bacteria,Mycobacterium leprae,chromosome,raw
Majander2020,2020,10.1016/j.cub.2020.07.058,"Holy Ghost Chapel, Turku",60.45,22.27,Finland,,,,CHS119,400,10.1016/j.cub.2020.07.058,,tooth,,ENA,PRJEB35855,"ERS4982024,ERS4982025,ERS4982023,ERS4982027,ERS4982028,ERS4982026,ERS4982029,ERS4982032,ERS4982033,ERS4982034,ERS4982035,ERS4982036,ERS4982037,ERS4982038,ERS4982039,ERS4982040,ERS4982041,ERS4982042,ERS4982043,ERS4982044,ERS4982045,ERS4982046,ERS4982047,ERS4982048,ERS4982049,ERS4982050,ERS4982052,ERS4982051,ERS4982030,ERS4982031",Ancient Single-genome - Host-associated,Homo sapiens,,bacteria,Treponema pallidum,chromosome,raw
Muhlemann2020,2020,10.1126/science.aaw8977,"Nabberör, Böda",57.244,17.059,Sweden,,,,VK382,1300,10.1126/science.aaw8977,,tooth,,SRA,PRJEB38129,ERS4540432,Ancient Single-genome - Host-associated,Homo sapiens,,virus,Variola virus,chromosome,reference_aligned
Muhlemann2020,2020,10.1126/science.aaw8977,"Lødingen,, Nordland",68.411,15.988,Norway,,,,VK388,1300,10.1126/science.aaw8977,,tooth,,SRA,PRJEB38129,ERS4540433,Ancient Single-genome - Host-associated,Homo sapiens,,virus,Variola virus,chromosome,reference_aligned
Muhlemann2020,2020,10.1126/science.aaw8977,Gnezdovo,54.784,31.865,Russia,,,,VK470,1000,10.1126/science.aaw8977,,tooth,,SRA,PRJEB38129,ERS4540435,Ancient Single-genome - Host-associated,Homo sapiens,,virus,Variola virus,chromosome,reference_aligned
Muhlemann2020,2020,10.1126/science.aaw8977,Bårse ‘Tyvestensagern’,55.125,11.951,Denmark,,,,VK281,1000,10.1126/science.aaw8977,,tooth,,SRA,PRJEB38129,ERS4540431,Ancient Single-genome - Host-associated,Homo sapiens,,virus,Variola virus,chromosome,reference_aligned
Muhlemann2020,2020,10.1126/science.aaw8977,Sörby-Störlinge,56.81,16.735,Sweden,,,,VK533,1000,10.1126/science.aaw8977,,tooth,,SRA,PRJEB38129,ERS4540437,Ancient Single-genome - Host-associated,Homo sapiens,,virus,Variola virus,chromosome,reference_aligned
Muhlemann2020,2020,10.1126/science.aaw8977,Bodø,67.279,14.404,Norway,,,,VK515,1200,10.1126/science.aaw8977,,tooth,,SRA,PRJEB38129,ERS4540436,Ancient Single-genome - Host-associated,Homo sapiens,,virus,Variola virus,chromosome,reference_aligned
Muhlemann2020,2020,10.1126/science.aaw8977,Gnezdovo,54.784,31.865,Russia,,,,VK255,1000,10.1126/science.aaw8977,,tooth,,SRA,PRJEB38129,ERS4540430,Ancient Single-genome - Host-associated,Homo sapiens,,virus,Variola virus,chromosome,reference_aligned
Muhlemann2020,2020,10.1126/science.aaw8977,Varzino,68.37,38.38,Russia,,,,FIN1,100,10.1126/science.aaw8977,,tooth,,SRA,PRJEB38129,ERS4540426,Ancient Single-genome - Host-associated,Homo sapiens,,virus,Variola virus,chromosome,reference_aligned
Muhlemann2020,2020,10.1126/science.aaw8977,"Forgalla skepp, Böda",57.244,17.059,Sweden,,,,VK443,1000,10.1126/science.aaw8977,,tooth,,SRA,PRJEB38129,ERS4540434,Ancient Single-genome - Host-associated,Homo sapiens,,virus,Variola virus,chromosome,reference_aligned
Muhlemann2020,2020,10.1126/science.aaw8977,"Ljungbacka, Lockarp",55.532,13.032,Sweden,,,,VK108,1000,10.1126/science.aaw8977,,tooth,,SRA,PRJEB38129,ERS4540427,Ancient Single-genome - Host-associated,Homo sapiens,,virus,Variola virus,chromosome,reference_aligned
Muhlemann2020,2020,10.1126/science.aaw8977,"Galgedil, Funen",55.524,10.386,Denmark,,,,VK138,1000,10.1126/science.aaw8977,,tooth,,SRA,PRJEB38129,ERS4540428,Ancient Single-genome - Host-associated,Homo sapiens,,virus,Variola virus,chromosome,reference_aligned
Eerkens2018,2018,10.1016/j.ijpp.2018.05.001,"CA-SCL-919, Santa Clara County",37.3,-121.8,USA,,,,16,400,10.1016/j.ijpp.2018.05.001,,dental calculus,,SRA,PRJNA377320,SRS2006287,Ancient Single-genome - Host-associated,Homo sapiens,,bacteria,Neisseria meningitidis,chromosome,raw
Susat2020,2020,10.1038/s41598-020-71530-9,"Mass grave 1, St. Gertrude's Cemetery, Riga",56.954,24.119,Latvia,,,,G488,400,10.1038/s41598-020-71530-9,,tooth,,ENA,PRJEB36413,ERS4266556,Ancient Single-genome - Host-associated,Homo sapiens,,bacteria,Yersinia pestis,chromosome,raw
Susat2020,2020,10.1038/s41598-020-71530-9,"Burial pit, St. Gertrude's Cemetery, Riga",56.954,24.119,Latvia,,,,G701,400,10.1038/s41598-020-71530-9,,tooth,,ENA,PRJEB36413,ERS4266549,Ancient Single-genome - Host-associated,Homo sapiens,,bacteria,Yersinia pestis,chromosome,raw
Eisenhofer2020,2020,10.1098/rstb.2019.0578,Tokyo,35.71,139.78,Japan,,,,A18023_Japan_Edo_4,200,10.1098/rstb.2019.0578,,dental calculus,,SRA,PRJNA608555,SRS6212663,Ancient Single-genome - Host-associated,Homo sapiens,,bacteria,Anaerolineaceae bacterium oral taxon 439,chromosome,raw
Eisenhofer2020,2020,10.1098/rstb.2019.0578,Tokyo,35.71,139.78,Japan,,,,A18021_Japan_Edo_2,200,10.1098/rstb.2019.0578,,dental calculus,,SRA,PRJNA608555,SRS6212661,Ancient Single-genome - Host-associated,Homo sapiens,,bacteria,Anaerolineaceae bacterium oral taxon 439,chromosome,raw
Eisenhofer2020,2020,10.1098/rstb.2019.0578,Tokyo,35.71,139.78,Japan,,,,A18020_Japan_Edo_1,200,10.1098/rstb.2019.0578,,dental calculus,,SRA,PRJNA608555,SRS6212660,Ancient Single-genome - Host-associated,Homo sapiens,,bacteria,Anaerolineaceae bacterium oral taxon 439,chromosome,raw
Eisenhofer2020,2020,10.1098/rstb.2019.0578,Miyano,39.12,141.81,Japan,,,,A18018_Japan_Jomon_4,2700,10.1098/rstb.2019.0578,,dental calculus,,SRA,PRJNA608555,SRS6212658,Ancient Single-genome - Host-associated,Homo sapiens,,bacteria,Anaerolineaceae bacterium oral taxon 439,chromosome,raw
Eisenhofer2020,2020,10.1098/rstb.2019.0578,Ikawazu,34.64,137.14,Japan,,,,A18016_Japan_Jomon_2,2700,10.1098/rstb.2019.0578,,dental calculus,,SRA,PRJNA608555,SRS6212656,Ancient Single-genome - Host-associated,Homo sapiens,,bacteria,Anaerolineaceae bacterium oral taxon 439,chromosome,raw
Eisenhofer2020,2020,10.1098/rstb.2019.0578,Tokyo,35.71,139.78,Japan,,,,A18033_Japan_Edo_10,200,10.1098/rstb.2019.0578,,dental calculus,,SRA,PRJNA608555,SRS6212655,Ancient Single-genome - Host-associated,Homo sapiens,,bacteria,Anaerolineaceae bacterium oral taxon 439,chromosome,raw
Eisenhofer2020,2020,10.1098/rstb.2019.0578,Tokyo,35.71,139.78,Japan,,,,A18032_Japan_Edo_9,200,10.1098/rstb.2019.0578,,dental calculus,,SRA,PRJNA608555,SRS6212654,Ancient Single-genome - Host-associated,Homo sapiens,,bacteria,Anaerolineaceae bacterium oral taxon 439,chromosome,raw
Eisenhofer2020,2020,10.1098/rstb.2019.0578,Tokyo,35.71,139.78,Japan,,,,A18027_Japan_Edo_8,200,10.1098/rstb.2019.0578,,dental calculus,,SRA,PRJNA608555,SRS6212652,Ancient Single-genome - Host-associated,Homo sapiens,,bacteria,Anaerolineaceae bacterium oral taxon 439,chromosome,raw
Eisenhofer2020,2020,10.1098/rstb.2019.0578,Tokyo,35.71,139.78,Japan,,,,A18026_Japan_Edo_7,200,10.1098/rstb.2019.0578,,dental calculus,,SRA,PRJNA608555,SRS6212651,Ancient Single-genome - Host-associated,Homo sapiens,,bacteria,Anaerolineaceae bacterium oral taxon 439,chromosome,raw
Eisenhofer2020,2020,10.1098/rstb.2019.0578,Tokyo,35.71,139.78,Japan,,,,A18025_Japan_Edo_6,200,10.1098/rstb.2019.0578,,dental calculus,,SRA,PRJNA608555,SRS6212650,Ancient Single-genome - Host-associated,Homo sapiens,,bacteria,Anaerolineaceae bacterium oral taxon 439,chromosome,raw
Eisenhofer2020,2020,10.1098/rstb.2019.0578,Tokyo,35.713,139.767,Japan,,,,A18024_Japan_Edo_5,200,10.1098/rstb.2019.0578,,dental calculus,,SRA,PRJNA608555,SRS6212649,Ancient Single-genome - Host-associated,Homo sapiens,,bacteria,Anaerolineaceae bacterium oral taxon 439,chromosome,raw
Eisenhofer2020,2020,10.1098/rstb.2019.0578,Miyano,39.12,141.81,Japan,,,,A18015_Japan_Jomon_1,2700,10.1098/rstb.2019.0578,,dental calculus,,SRA,PRJNA608555,SRS6212648,Ancient Single-genome - Host-associated,Homo sapiens,,bacteria,Anaerolineaceae bacterium oral taxon 439,chromosome,raw
Morozova2020,2020,10.1098/rstb.2019.0569,"St. Dmitry Rostovsky fortress, Rostov-on-Don",47.23,39.68,Russia,,,,Rostov1639,200,10.1098/rstb.2019.0569,,tooth,,ENA,PRJEB35426,"ERS5071778,ERS5071779,ERS5071780,ERS5071772",Ancient Single-genome - Host-associated,Homo sapiens,,bacteria,Yersinia pestis,chromosome,raw
Morozova2020,2020,10.1098/rstb.2019.0569,"St. Dmitry Rostovsky fortress, Rostov-on-Don",47.23,39.68,Russia,,,,Rostov2033,200,10.1098/rstb.2019.0570,,tooth,,ENA,PRJEB35426,"ERS5071781,ERS5071782,ERS5071783,ERS5071773",Ancient Single-genome - Host-associated,Homo sapiens,,bacteria,Yersinia pestis,chromosome,raw
Morozova2020,2020,10.1098/rstb.2019.0569,"St. Dmitry Rostovsky fortress, Rostov-on-Don",47.23,39.68,Russia,,,,Rostov2039,200,10.1098/rstb.2019.0571,,tooth,,ENA,PRJEB35426,"ERS5071784,ERS5071785,ERS5071786,ERS5071787,ERS5071774",Ancient Single-genome - Host-associated,Homo sapiens,,bacteria,Yersinia pestis,chromosome,raw
Morozova2020,2020,10.1098/rstb.2019.0569,"Azov city, Rostov-on-Don",47.1,39.41,Russia,,,,Azov38,500,10.1098/rstb.2019.0572,,tooth,,ENA,PRJEB35426,"ERS5071788,ERS5071789,ERS5071790,ERS5071775",Ancient Single-genome - Host-associated,Homo sapiens,,bacteria,Yersinia pestis,chromosome,raw
Morozova2020,2020,10.1098/rstb.2019.0569,"Gdańsk ossuaries, Dominican Square",54.352,16.652,Poland,,,,Gdansk8,500,10.1098/rstb.2019.0573,,tooth,,ENA,PRJEB35426,"ERS5071791,ERS5071792,ERS5071793,ERS5071794,ERS5071776",Ancient Single-genome - Host-associated,Homo sapiens,,bacteria,Yersinia pestis,chromosome,raw
Williams2020,2020,10.1128/mra.00850-20,"Kodiak Island Collection, National Museum of Natural History (Washington D.C.)",38.891,-77.026,USA,,,,364459,100,10.1128/mra.00850-20,,dental calculus,,SRA,PRJNA643812,SRS6939171,Ancient Single-genome - Host-associated,Homo sapiens,,bacteria,Stenotrophomonas maltophilia,chromosome,"raw,binned_mag,consensus"
Williams2020,2020,10.1128/mra.00850-20,"Medical Collection, American Museum of Natural History (New York)",40.781,-73.974,USA,,,,AMNH98137_Q01,100,10.1128/mra.00850-20,,dental calculus,,SRA,PRJNA643812,SRS6939170,Ancient Single-genome - Host-associated,Homo sapiens,,bacteria,Acinetobacter baumannii,chromosome,"raw,binned_mag,consensus"
Fotakis2020,2020,10.1098/rstb.2019.0584,"Library site, Trondheim",63.431,10.401,Norway,,,,SK92,400,10.1098/rstb.2019.0584,,dental calculus,,ENA,PRJEB37995,ERS5113011,Ancient Single-genome - Host-associated,Homo sapiens,,bacteria,Mycobacterium leprae,chromosome,raw
Marciniak2016,2016,10.1016/j.cub.2016.10.016,Velia,40.158,15.159,Italy,,,,LV13,1800,10.1016/j.cub.2016.10.016,,tooth,,SRA,PRJNA348634,SRS1747845,Ancient Single-genome - Host-associated,Homo sapiens,,eukaryota,Plasmodium falciparum,organelle,raw
Marciniak2016,2016,10.1016/j.cub.2016.10.016,Vagnari,40.85,16.28,Italy,,,,LG20,1700,10.1016/j.cub.2016.10.016,,tooth,,SRA,PRJNA348634,SRS1747846,Ancient Single-genome - Host-associated,Homo sapiens,,eukaryota,Plasmodium falciparum,organelle,raw
BravoLopez2020,2020,10.1098/rstb.2019.0580,Cañada de La virgen,20.858,-100.928,Mexico,,,,CA_13,2500,10.1098/rstb.2019.0580,,tooth,,SRA,PRJNA660267,SRS7288481,Ancient Single-genome - Host-associated,Homo sapiens,,bacteria,Tannerella forsythia,chromosome,reference_aligned
BravoLopez2020,2020,10.1098/rstb.2019.0580,Tabuco,20.959,-97.339,Mexico,,,,VE_42,3000,10.1098/rstb.2019.0580,,dental calculus,,SRA,PRJNA660267,SRS7288482,Ancient Single-genome - Host-associated,Homo sapiens,,bacteria,Tannerella forsythia,chromosome,reference_aligned
BravoLopez2020,2020,10.1098/rstb.2019.0580,Toluquilla,20.883,-99.53,Mexico,,,,TO_2417Q,700,10.1098/rstb.2019.0580,,tooth,,SRA,PRJNA660267,SRS7288476,Ancient Single-genome - Host-associated,Homo sapiens,,bacteria,Tannerella forsythia,chromosome,reference_aligned
BravoLopez2020,2020,10.1098/rstb.2019.0580,Toluquilla,20.883,-99.53,Mexico,,,,TO_2417J,2800,10.1098/rstb.2019.0580,,tooth,,SRA,PRJNA660267,SRS7326368,Ancient Single-genome - Host-associated,Homo sapiens,,bacteria,Tannerella forsythia,chromosome,reference_aligned
BravoLopez2020,2020,10.1098/rstb.2019.0580,Toluquilla,20.883,-99.53,Mexico,,,,TO_333O,2600,10.1098/rstb.2019.0580,,dental calculus,,SRA,PRJNA660267,SRS7288477,Ancient Single-genome - Host-associated,Homo sapiens,,bacteria,Tannerella forsythia,chromosome,reference_aligned
BravoLopez2020,2020,10.1098/rstb.2019.0580,Tepeticpac,19.348,-98.235,Mexico,,,,TLA_01,500,10.1098/rstb.2019.0580,,dental calculus,,SRA,PRJNA660267,SRS7288484,Ancient Single-genome - Host-associated,Homo sapiens,,bacteria,Tannerella forsythia,chromosome,reference_aligned
BravoLopez2020,2020,10.1098/rstb.2019.0580,Tepeticpac,19.348,-98.235,Mexico,,,,TLA_22,500,10.1098/rstb.2019.0580,,dental calculus,,SRA,PRJNA660267,SRS7288483,Ancient Single-genome - Host-associated,Homo sapiens,,bacteria,Tannerella forsythia,chromosome,reference_aligned
BravoLopez2020,2020,10.1098/rstb.2019.0580,Hospital Real de San José de los Naturales,19.43,-99.14,Mexico,,,,HSJN_194,400,10.1098/rstb.2019.0580,,tooth,,SRA,PRJNA660267,SRS7288487,Ancient Single-genome - Host-associated,Homo sapiens,,bacteria,Tannerella forsythia,chromosome,reference_aligned
BravoLopez2020,2020,10.1098/rstb.2019.0580,Hospital Real de San José de los Naturales,19.43,-99.14,Mexico,,,,HSJN_240,400,10.1098/rstb.2019.0580,,tooth,,SRA,PRJNA660267,SRS7288488,Ancient Single-genome - Host-associated,Homo sapiens,,bacteria,Tannerella forsythia,chromosome,reference_aligned
BravoLopez2020,2020,10.1098/rstb.2019.0580,Temple of Immaculate Conception,19.347,-99.158,Mexico,,,,CO_09,200,10.1098/rstb.2019.0580,,tooth,,SRA,PRJNA660267,SRS7288485,Ancient Single-genome - Host-associated,Homo sapiens,,bacteria,Tannerella forsythia,chromosome,reference_aligned
BravoLopez2020,2020,10.1098/rstb.2019.0580,Temple of Immaculate Conception,19.347,-99.158,Mexico,,,,CO_20,200,10.1098/rstb.2019.0580,,tooth,,SRA,PRJNA660267,SRS7288486,Ancient Single-genome - Host-associated,Homo sapiens,,bacteria,Tannerella forsythia,chromosome,reference_aligned
BravoLopez2020,2020,10.1098/rstb.2019.0580,Ex College of San Ignacio of Loyola,20.592,-100.409,Mexico,,,,UAQG,300,10.1098/rstb.2019.0580,,tooth,,SRA,PRJNA660267,SRS7288478,Ancient Single-genome - Host-associated,Homo sapiens,,bacteria,Tannerella forsythia,chromosome,reference_aligned
Philips2020,2020,10.1186/s12864-020-06810-9,Masłomęcz,50.722,23.892,Poland,,,,PCA0088,1700,10.1186/s12864-020-06810-9,,tooth,,SRA,PRJNA354503,SRS1815293,Ancient Single-genome - Host-associated,Homo sapiens,,bacteria,Tannerella forsythia,chromosome,reference_aligned
Kilinc2021,2021,10.1126/sciadv.abc4587,"Anosovo (Angara river, Irkutsk Oblast, Cis-Baikal)",54.665,103.232,Russia,,,,Anosovo-1 (irk050),4000,10.1126/sciadv.abc4587,,tooth,,ENA,PRJEB39378,ERS4827048,Ancient Single-genome - Host-associated,Homo sapiens,,bacteria,Yersinia pestis,chromosome,reference_aligned
Kilinc2021,2021,10.1126/sciadv.abc4587,"Kamenka (Kolyma river, Yakutia, Far Eastern Federal District)",66.8,152.633333,Russia,,,,Kamenka-2 (yak023),3500,10.1126/sciadv.abc4587,,tooth,,ENA,PRJEB39378,ERS4827062,Ancient Single-genome - Host-associated,Homo sapiens,,bacteria,Yersinia pestis,chromosome,reference_aligned
Haller2021,2021,10.1016/j.isci.2021.102419,"Heiligen-Geist-Hospital, Lübeck",53.871,10.69,Germany,,,,HGH-1429,600,10.1016/j.isci.2021.102419,,tooth,,ENA,PRJEB41353,ERS5335226,Ancient Single-genome - Host-associated,Homo sapiens,,bacteria,Salmonella enterica,chromosome,raw
Haller2021,2021,10.1016/j.isci.2021.102419,"Heiligen-Geist-Hospital, Lübeck",53.871,10.69,Germany,,,,HGH-1510,600,10.1016/j.isci.2021.102419,,tooth,,ENA,PRJEB41353,ERS5335227,Ancient Single-genome - Host-associated,Homo sapiens,,bacteria,Salmonella enterica,chromosome,raw
Haller2021,2021,10.1016/j.isci.2021.102419,"Heiligen-Geist-Hospital, Lübeck",53.871,10.69,Germany,,,,HGH-1558,600,10.1016/j.isci.2021.102419,,tooth,,ENA,PRJEB41353,ERS5335228,Ancient Single-genome - Host-associated,Homo sapiens,,bacteria,Salmonella enterica,chromosome,raw
Haller2021,2021,10.1016/j.isci.2021.102419,"Heiligen-Geist-Hospital, Lübeck",53.871,10.69,Germany,,,,HGH-1579,600,10.1016/j.isci.2021.102419,,tooth,,ENA,PRJEB41353,ERS5335229,Ancient Single-genome - Host-associated,Homo sapiens,,bacteria,Salmonella enterica,chromosome,raw
Haller2021,2021,10.1016/j.isci.2021.102419,"Heiligen-Geist-Hospital, Lübeck",53.871,10.69,Germany,,,,HGH-1599,600,10.1016/j.isci.2021.102419,,tooth,,ENA,PRJEB41353,ERS5335230,Ancient Single-genome - Host-associated,Homo sapiens,,bacteria,Salmonella enterica,chromosome,raw
Haller2021,2021,10.1016/j.isci.2021.102419,"Heiligen-Geist-Hospital, Lübeck",53.871,10.69,Germany,,,,HGH-1600,600,10.1016/j.isci.2021.102419,,tooth,,ENA,PRJEB41353,ERS5335231,Ancient Single-genome - Host-associated,Homo sapiens,,bacteria,Salmonella enterica,chromosome,raw
Haller2021,2021,10.1016/j.isci.2021.102419,"Heiligen-Geist-Hospital, Lübeck",53.871,10.69,Germany,,,,HGH-1607,600,10.1016/j.isci.2021.102419,,tooth,,ENA,PRJEB41353,ERS5335232,Ancient Single-genome - Host-associated,Homo sapiens,,bacteria,Salmonella enterica,chromosome,raw
Haller2021,2021,10.1016/j.isci.2021.102419,"Heiligen-Geist-Hospital, Lübeck",53.871,10.69,Germany,,,,HGH-1638,600,10.1016/j.isci.2021.102419,,tooth,,ENA,PRJEB41353,ERS5335233,Ancient Single-genome - Host-associated,Homo sapiens,,bacteria,Salmonella enterica,chromosome,raw
SeguinOrlando2021,2021,10.1016/j.isci.2021.102383,"Lariey, Puy-Saint-Pierre, Hautes-Alpes",44.899,6.615,France,,,,LAR11,300,10.1016/j.isci.2021.102383,,tooth,,ENA,PRJEB43291,ERS5823072,Ancient Single-genome - Host-associated,Homo sapiens,,bacteria,Yersinia pestis,chromosome,raw
SeguinOrlando2021,2021,10.1016/j.isci.2021.102383,"Lariey, Puy-Saint-Pierre, Hautes-Alpes",44.899,6.615,France,,,,LAR8,300,10.1016/j.isci.2021.102383,,tooth,,ENA,PRJEB43291,ERS5823096,Ancient Single-genome - Host-associated,Homo sapiens,,bacteria,Yersinia pestis,chromosome,raw
Guellil2020,2020,10.1073/pnas.2009677117,"Maist, Chechnya",42.691,45.332,Russia,,,,CHE1,200,10.1073/pnas.2009677117,,tooth,,ENA,PRJEB27821,ERS5051705,Ancient Single-genome - Host-associated,Homo sapiens,,bacteria,Yersinia pestis,chromosome,raw
Guellil2020,2020,10.1073/pnas.2009677117,"San Giovani in Fistola, Collalto Sabino",42.13,13.04,Italy,,,,COL001,600,10.1073/pnas.2009677117,,tooth,,ENA,PRJEB27821,ERS5051706,Ancient Single-genome - Host-associated,Homo sapiens,,bacteria,Yersinia pestis,chromosome,raw
Guellil2020,2020,10.1073/pnas.2009677117,"Pestbacken, Holje",56.283,14.516,Sweden,,,,PEB10,200,10.1073/pnas.2009677117,,tooth,,ENA,PRJEB27821,ERS5051704,Ancient Single-genome - Host-associated,Homo sapiens,,bacteria,Yersinia pestis,chromosome,raw
Guellil2020,2020,10.1073/pnas.2009677117,"San Procolo a Naturno, Naturns",46.652,11.009,Italy,,,,SPN1,300,10.1073/pnas.2009677117,,tooth,,ENA,PRJEB27821,ERS5051707,Ancient Single-genome - Host-associated,Homo sapiens,,bacteria,Yersinia pestis,chromosome,raw
Guellil2020,2020,10.1073/pnas.2009677117,"San Procolo a Naturno, Naturns",46.652,11.009,Italy,,,,SPN7,300,10.1073/pnas.2009677117,,tooth,,ENA,PRJEB27821,ERS5051708,Ancient Single-genome - Host-associated,Homo sapiens,,bacteria,Yersinia pestis,chromosome,raw
Guellil2020,2020,10.1073/pnas.2009677117,"San Procolo a Naturno, Naturns",46.652,11.009,Italy,,,,SPN8,300,10.1073/pnas.2009677117,,tooth,,ENA,PRJEB27821,ERS5051709,Ancient Single-genome - Host-associated,Homo sapiens,,bacteria,Yersinia pestis,chromosome,raw
Guellil2020,2020,10.1073/pnas.2009677117,"San Procolo a Naturno, Naturns",46.652,11.009,Italy,,,,SPN13,300,10.1073/pnas.2009677117,,tooth,,ENA,PRJEB27821,ERS5051710,Ancient Single-genome - Host-associated,Homo sapiens,,bacteria,Yersinia pestis,chromosome,raw
Guellil2020,2020,10.1073/pnas.2009677117,"San Procolo a Naturno, Naturns",46.652,11.009,Italy,,,,SPN14,300,10.1073/pnas.2009677117,,tooth,,ENA,PRJEB27821,ERS5051711,Ancient Single-genome - Host-associated,Homo sapiens,,bacteria,Yersinia pestis,chromosome,raw
Guellil2020,2020,10.1073/pnas.2009677117,"San Procolo a Naturno, Naturns",46.652,11.009,Italy,,,,SPN19,300,10.1073/pnas.2009677117,,tooth,,ENA,PRJEB27821,ERS5051712,Ancient Single-genome - Host-associated,Homo sapiens,,bacteria,Yersinia pestis,chromosome,raw
Susat2021,2021,10.1016/j.celrep.2021.109278,Riņņukalns,57.793,25.153,Latvia,,,,RV2039,5200,10.1007/s12520-020-01049-7,,tooth,,ENA,PRJEB42185,ERS6638365,Ancient Single-genome - Host-associated,Homo sapiens,,bacteria,Yersinia pestis,chromosome,raw
DeDios2021,2021,10.1016/j.isci.2021.103021,"La Sagrera (Sant Martí de Provençals), Barcelona",41.42,2.19,Spain,,,,F1691-1810,400,10.1016/j.isci.2021.103021,,tooth,,ENA,PRJEB43276,ERS6464927,Ancient Single-genome - Host-associated,Homo sapiens,,bacteria,Salmonella enterica,chromosome,raw
GuzmanSolis2021,2021,10.7554/eLife.68612,Temple of Immaculate Conception,19.347,-99.158,Mexico,,,,COYC4,300,10.7554/eLife.68612,,tooth,,Dryad,10.5061/dryad.5x69p8d2s,864574,Ancient Single-genome - Host-associated,Homo sapiens,,virus,Parvovirus B19,chromosome,reference_aligned
GuzmanSolis2021,2021,10.7554/eLife.68612,Hospital Real de San José de los Naturales,19.43,-99.14,Mexico,,,,HSJN194,400,10.7554/eLife.68612,,tooth,,Dryad,10.5061/dryad.5x69p8d2s,864575,Ancient Single-genome - Host-associated,Homo sapiens,,virus,Hepatitis B virus,chromosome,reference_aligned
GuzmanSolis2021,2021,10.7554/eLife.68612,Hospital Real de San José de los Naturales,19.43,-99.14,Mexico,,,,HSJN240,400,10.7554/eLife.68612,,tooth,,Dryad,10.5061/dryad.5x69p8d2s,864576,Ancient Single-genome - Host-associated,Homo sapiens,,virus,Parvovirus B19,chromosome,reference_aligned
GuzmanSolis2021,2021,10.7554/eLife.68612,Hospital Real de San José de los Naturales,19.43,-99.14,Mexico,,,,HSJNC81,300,10.7554/eLife.68612,,tooth,,Dryad,10.5061/dryad.5x69p8d2s,864577,Ancient Single-genome - Host-associated,Homo sapiens,,virus,Parvovirus B19,chromosome,reference_aligned
Wu2021,2021,10.1371/journal.ppat.1009886,"Quanergou cemetery, Xinjiang",43.523,93.288,China,,,,XBQM20,3000,10.1371/journal.ppat.1009886,,tooth,,SRA,PRJNA730407,"SRS9000645,SRS9000646",Ancient Single-genome - Host-associated,Homo sapiens,,bacteria,Salmonella enterica,chromosome,raw
Wu2021,2021,10.1371/journal.ppat.1009886,"Quanergou cemetery, Xinjiang",43.523,93.288,China,,,,XBQM90,3000,10.1371/journal.ppat.1009886,,tooth,,SRA,PRJNA730407,"SRS9000648,SRS9000650",Ancient Single-genome - Host-associated,Homo sapiens,,bacteria,Salmonella enterica,chromosome,raw
Wu2021,2021,10.1371/journal.ppat.1009886,"Quanergou cemetery, Xinjiang",43.523,93.288,China,,,,XBQM7,3100,10.1371/journal.ppat.1009886,,tooth,,SRA,PRJNA730407,"SRS9000651,SRS9000652",Ancient Single-genome - Host-associated,Homo sapiens,,bacteria,Salmonella enterica,chromosome,raw
Wu2021,2021,10.1371/journal.ppat.1009886,"Quanergou cemetery, Xinjiang",43.523,93.288,China,,,,XBQM83,3000,10.1371/journal.ppat.1009886,,tooth,,SRA,PRJNA730407,"SRS9000653,SRS9000656",Ancient Single-genome - Host-associated,Homo sapiens,,bacteria,Salmonella enterica,chromosome,raw
Wu2021,2021,10.1371/journal.ppat.1009886,"Quanergou cemetery, Xinjiang",43.523,93.288,China,,,,XBQM11,3100,10.1371/journal.ppat.1009886,,tooth,,SRA,PRJNA730407,"SRS9000654,SRS9000655",Ancient Single-genome - Host-associated,Homo sapiens,,bacteria,Salmonella enterica,chromosome,raw
Wu2021,2021,10.1371/journal.ppat.1009886,"Quanergou cemetery, Xinjiang",43.523,93.288,China,,,,XBQM64,3000,10.1371/journal.ppat.1009886,,tooth,,SRA,PRJNA730407,"SRS9000647,SRS9000649",Ancient Single-genome - Host-associated,Homo sapiens,,bacteria,Salmonella enterica,chromosome,raw
Kocher2021,2021,10.1126/science.abi5658,Alto de Rodilla,42.419,-3.485,Spain,,,,ADR001,7100,10.1126/science.abi5658,,tooth,,ENA,PRJEB45699,ERS6597748,Ancient Single-genome - Host-associated,Homo sapiens,,virus,Hepatitis B virus,chromosome,reference_aligned
Kocher2021,2021,10.1126/science.abi5658,Akbeit,48.937,74.759,Kazakhstan,,,,AKB003,2600,10.1126/science.abi5658,,tooth,,ENA,PRJEB45699,ERS6597749,Ancient Single-genome - Host-associated,Homo sapiens,,virus,Hepatitis B virus,chromosome,reference_aligned
Kocher2021,2021,10.1126/science.abi5658,Alalakh,36.238,36.385,Turkey,,,,ALA098,3700,10.1126/science.abi5658,,tooth,,ENA,PRJEB45699,ERS6597750,Ancient Single-genome - Host-associated,Homo sapiens,,virus,Hepatitis B virus,chromosome,reference_aligned
Kocher2021,2021,10.1126/science.abi5658,Alalakh,36.238,36.385,Turkey,,,,ALA110,3900,10.1126/science.abi5658,,tooth,,ENA,PRJEB45699,ERS6597751,Ancient Single-genome - Host-associated,Homo sapiens,,virus,Hepatitis B virus,chromosome,reference_aligned
Kocher2021,2021,10.1126/science.abi5658,Kaps,40.867,43.717,Armenia,,,,ARM001,5500,10.1126/science.abi5658,,tooth,,ENA,PRJEB45699,ERS6597752,Ancient Single-genome - Host-associated,Homo sapiens,,virus,Hepatitis B virus,chromosome,reference_aligned
Kocher2021,2021,10.1126/science.abi5658,Kaps,40.867,43.717,Armenia,,,,ARM0023,5200,10.1126/science.abi5658,,tooth,,ENA,PRJEB45699,ERS6597753,Ancient Single-genome - Host-associated,Homo sapiens,,virus,Hepatitis B virus,chromosome,reference_aligned
Kocher2021,2021,10.1126/science.abi5658,Boncuklu Hoyuk,37.752,32.865,Turkey,,,,BON020,10100,10.1126/science.abi5658,,tooth,,ENA,PRJEB45699,ERS6597757,Ancient Single-genome - Host-associated,Homo sapiens,,virus,Hepatitis B virus,chromosome,reference_aligned
Kocher2021,2021,10.1126/science.abi5658,Bolshoy Oleni Ostrov,69.224,33.485,Russia,,,,BOO006,3500,10.1126/science.abi5658,,tooth,,ENA,PRJEB45699,ERS6597758,Ancient Single-genome - Host-associated,Homo sapiens,,virus,Hepatitis B virus,chromosome,reference_aligned
Kocher2021,2021,10.1126/science.abi5658,Bolshoy Oleni Ostrov,69.224,33.485,Russia,,,,BOO008,3500,10.1126/science.abi5658,,tooth,,ENA,PRJEB45699,ERS6597759,Ancient Single-genome - Host-associated,Homo sapiens,,virus,Hepatitis B virus,chromosome,reference_aligned
Kocher2021,2021,10.1126/science.abi5658,Berel,49.343,86.365,Kazakhstan,,,,BRE026,2300,10.1126/science.abi5658,,tooth,,ENA,PRJEB45699,ERS6597761,Ancient Single-genome - Host-associated,Homo sapiens,,virus,Hepatitis B virus,chromosome,reference_aligned
Kocher2021,2021,10.1126/science.abi5658,Berel,49.343,86.365,Kazakhstan,,,,BRE028,2300,10.1126/science.abi5658,,tooth,,ENA,PRJEB45699,ERS6597762,Ancient Single-genome - Host-associated,Homo sapiens,,virus,Hepatitis B virus,chromosome,reference_aligned
Kocher2021,2021,10.1126/science.abi5658,Canimar abajo,23.038,-81.497,Cuba,,,,CAO009,1400,10.1126/science.abi5658,,tooth,,ENA,PRJEB45699,ERS6597764,Ancient Single-genome - Host-associated,Homo sapiens,,virus,Hepatitis B virus,chromosome,reference_aligned
Kocher2021,2021,10.1126/science.abi5658,Chotìn,47.809,18.224,Slovakia,,,,CHT001,2200,10.1126/science.abi5658,,tooth,,ENA,PRJEB45699,ERS6597766,Ancient Single-genome - Host-associated,Homo sapiens,,virus,Hepatitis B virus,chromosome,reference_aligned
Kocher2021,2021,10.1126/science.abi5658,Cueva de las Lechuzas,38.646,-0.893,Spain,,,,CLL005,4900,10.1126/science.abi5658,,tooth,,ENA,PRJEB45699,ERS6597767,Ancient Single-genome - Host-associated,Homo sapiens,,virus,Hepatitis B virus,chromosome,reference_aligned
Kocher2021,2021,10.1126/science.abi5658,Doggerland,53.0,2.54,Netherlands,,,,DOG007,9400,10.1126/science.abi5658,,tooth,,ENA,PRJEB45699,ERS6597770,Ancient Single-genome - Host-associated,Homo sapiens,,virus,Hepatitis B virus,chromosome,reference_aligned
Kocher2021,2021,10.1126/science.abi5658,Els Trocs,42.496,0.507,Spain,,,,ELT005,7200,10.1126/science.abi5658,,tooth,,ENA,PRJEB45699,ERS6597771,Ancient Single-genome - Host-associated,Homo sapiens,,virus,Hepatitis B virus,chromosome,reference_aligned
Kocher2021,2021,10.1126/science.abi5658,Els Trocs,42.496,0.507,Spain,,,,ELT006,5800,10.1126/science.abi5658,,tooth,,ENA,PRJEB45699,ERS6597772,Ancient Single-genome - Host-associated,Homo sapiens,,virus,Hepatitis B virus,chromosome,reference_aligned
Kocher2021,2021,10.1126/science.abi5658,Halberstadt,51.896,11.047,Germany,,,,HAL05,7100,10.1126/science.abi5658,,tooth,,ENA,PRJEB45699,ERS6597776,Ancient Single-genome - Host-associated,Homo sapiens,,virus,Hepatitis B virus,chromosome,reference_aligned
Kocher2021,2021,10.1126/science.abi5658,Halberstadt,51.896,11.047,Germany,,,,HAL15,7000,10.1126/science.abi5658,,tooth,,ENA,PRJEB45699,ERS6597777,Ancient Single-genome - Host-associated,Homo sapiens,,virus,Hepatitis B virus,chromosome,reference_aligned
Kocher2021,2021,10.1126/science.abi5658,Hostivice-Palouky,50.08,14.281,Czechia,,,,HOP004,4300,10.1126/science.abi5658,,tooth,,ENA,PRJEB45699,ERS6597778,Ancient Single-genome - Host-associated,Homo sapiens,,virus,Hepatitis B virus,chromosome,reference_aligned
Kocher2021,2021,10.1126/science.abi5658,Yuzhny Oleni Ostrov,61.65,35.65,Russia,,,,I0061,8300,10.1126/science.abi5658,,tooth,,ENA,PRJEB45699,ERS6597782,Ancient Single-genome - Host-associated,Homo sapiens,,virus,Hepatitis B virus,chromosome,reference_aligned
Kocher2021,2021,10.1126/science.abi5658,Halberstadt,51.896,11.047,Germany,,,,I0100,7000,10.1126/science.abi5658,,tooth,,ENA,PRJEB45699,ERS6597783,Ancient Single-genome - Host-associated,Homo sapiens,,virus,Hepatitis B virus,chromosome,reference_aligned
Kocher2021,2021,10.1126/science.abi5658,Esperstedt,51.42,11.68,Germany,,,,I0104,4400,10.1126/science.abi5658,,tooth,,ENA,PRJEB45699,ERS6597784,Ancient Single-genome - Host-associated,Homo sapiens,,virus,Hepatitis B virus,chromosome,reference_aligned
Kocher2021,2021,10.1126/science.abi5658,Rothenschirmbach,51.45,11.54,Germany,,,,I0111,4300,10.1126/science.abi5658,,tooth,,ENA,PRJEB45699,ERS6597785,Ancient Single-genome - Host-associated,Homo sapiens,,virus,Hepatitis B virus,chromosome,reference_aligned
Kocher2021,2021,10.1126/science.abi5658,Hinxton,52.08,0.18,United Kingdom,,,,I0157,1200,10.1126/science.abi5658,,tooth,,ENA,PRJEB45699,ERS6597786,Ancient Single-genome - Host-associated,Homo sapiens,,virus,Hepatitis B virus,chromosome,reference_aligned
Kocher2021,2021,10.1126/science.abi5658,Hinxton,52.08,0.18,United Kingdom,,,,I0161,1200,10.1126/science.abi5658,,tooth,,ENA,PRJEB45699,ERS6597787,Ancient Single-genome - Host-associated,Homo sapiens,,virus,Hepatitis B virus,chromosome,reference_aligned
Kocher2021,2021,10.1126/science.abi5658,Oberwiederstedt-Schrammhoehe,51.666,11.532,Germany,,,,I0162,6400,10.1126/science.abi5658,,tooth,,ENA,PRJEB45699,ERS6597788,Ancient Single-genome - Host-associated,Homo sapiens,,virus,Hepatitis B virus,chromosome,reference_aligned
Kocher2021,2021,10.1126/science.abi5658,Oberwiederstedt-Schrammhoehe,51.666,11.532,Germany,,,,I0163,6400,10.1126/science.abi5658,,tooth,,ENA,PRJEB45699,ERS6597789,Ancient Single-genome - Host-associated,Homo sapiens,,virus,Hepatitis B virus,chromosome,reference_aligned
Kocher2021,2021,10.1126/science.abi5658,"Latsch, Vinschgau",46.64,10.859,Italy,,,,I0216,2700,10.1126/science.abi5658,,tooth,,ENA,PRJEB45699,ERS6597790,Ancient Single-genome - Host-associated,Homo sapiens,,virus,Hepatitis B virus,chromosome,reference_aligned
Kocher2021,2021,10.1126/science.abi5658,"Latsch, Vinschgau",46.64,10.859,Italy,,,,I0217,2700,10.1126/science.abi5658,,tooth,,ENA,PRJEB45699,ERS6597791,Ancient Single-genome - Host-associated,Homo sapiens,,virus,Hepatitis B virus,chromosome,reference_aligned
Kocher2021,2021,10.1126/science.abi5658,Els Trocs,42.496,0.507,Spain,,,,I0411,7200,10.1126/science.abi5658,,tooth,,ENA,PRJEB45699,ERS6597792,Ancient Single-genome - Host-associated,Homo sapiens,,virus,Hepatitis B virus,chromosome,reference_aligned
Kocher2021,2021,10.1126/science.abi5658,Arroyal I,42.4,-3.75,Spain,,,,I0461,4300,10.1126/science.abi5658,,tooth,,ENA,PRJEB45699,ERS6597793,Ancient Single-genome - Host-associated,Homo sapiens,,virus,Hepatitis B virus,chromosome,reference_aligned
Kocher2021,2021,10.1126/science.abi5658,Karsdorf,51.283,11.65,Germany,,,,I0795,7100,10.1126/science.abi5658,,tooth,,ENA,PRJEB45699,ERS6597797,Ancient Single-genome - Host-associated,Homo sapiens,,virus,Hepatitis B virus,chromosome,reference_aligned
Kocher2021,2021,10.1126/science.abi5658,Karsdorf,51.283,11.65,Germany,,,,I0796,7100,10.1126/science.abi5658,,tooth,,ENA,PRJEB45699,ERS6597798,Ancient Single-genome - Host-associated,Homo sapiens,,virus,Hepatitis B virus,chromosome,reference_aligned
Kocher2021,2021,10.1126/science.abi5658,Karsdorf,51.283,11.65,Germany,,,,I0797,7100,10.1126/science.abi5658,,tooth,,ENA,PRJEB45699,ERS6597799,Ancient Single-genome - Host-associated,Homo sapiens,,virus,Hepatitis B virus,chromosome,reference_aligned
Kocher2021,2021,10.1126/science.abi5658,Salzmuende,51.533,11.833,Germany,,,,I0798,5200,10.1126/science.abi5658,,tooth,,ENA,PRJEB45699,ERS6597800,Ancient Single-genome - Host-associated,Homo sapiens,,virus,Hepatitis B virus,chromosome,reference_aligned
Kocher2021,2021,10.1126/science.abi5658,"Semikarakorsk, Donskoy",47.236,39.702,Russia,,,,I0960,2600,10.1126/science.abi5658,,tooth,,ENA,PRJEB45699,ERS6597801,Ancient Single-genome - Host-associated,Homo sapiens,,virus,Hepatitis B virus,chromosome,reference_aligned
Kocher2021,2021,10.1126/science.abi5658,Huaca Pucllana,-12.115,-77.034,Peru,,,,I0972,700,10.1126/science.abi5658,,tooth,,ENA,PRJEB45699,ERS6597802,Ancient Single-genome - Host-associated,Homo sapiens,,virus,Hepatitis B virus,chromosome,reference_aligned
Kocher2021,2021,10.1126/science.abi5658,"Verchnyaya Koban, North Ossetia",42.9,44.46,Russia,,,,I1344,700,10.1126/science.abi5658,,tooth,,ENA,PRJEB45699,ERS6597804,Ancient Single-genome - Host-associated,Homo sapiens,,virus,Hepatitis B virus,chromosome,reference_aligned
Kocher2021,2021,10.1126/science.abi5658,Halberstadt,51.896,11.047,Germany,,,,I2005,7200,10.1126/science.abi5658,,tooth,,ENA,PRJEB45699,ERS6597805,Ancient Single-genome - Host-associated,Homo sapiens,,virus,Hepatitis B virus,chromosome,reference_aligned
Kocher2021,2021,10.1126/science.abi5658,Halberstadt,51.896,11.047,Germany,,,,I2006,7200,10.1126/science.abi5658,,tooth,,ENA,PRJEB45699,ERS6597806,Ancient Single-genome - Host-associated,Homo sapiens,,virus,Hepatitis B virus,chromosome,reference_aligned
Kocher2021,2021,10.1126/science.abi5658,Halberstadt,51.896,11.047,Germany,,,,I2017,7200,10.1126/science.abi5658,,tooth,,ENA,PRJEB45699,ERS6597807,Ancient Single-genome - Host-associated,Homo sapiens,,virus,Hepatitis B virus,chromosome,reference_aligned
Kocher2021,2021,10.1126/science.abi5658,Halberstadt,51.896,11.047,Germany,,,,I2020,7200,10.1126/science.abi5658,,tooth,,ENA,PRJEB45699,ERS6597808,Ancient Single-genome - Host-associated,Homo sapiens,,virus,Hepatitis B virus,chromosome,reference_aligned
Kocher2021,2021,10.1126/science.abi5658,Halberstadt,51.896,11.047,Germany,,,,I2027,7200,10.1126/science.abi5658,,tooth,,ENA,PRJEB45699,ERS6597809,Ancient Single-genome - Host-associated,Homo sapiens,,virus,Hepatitis B virus,chromosome,reference_aligned
Kocher2021,2021,10.1126/science.abi5658,Halberstadt,51.896,11.047,Germany,,,,I2031,7200,10.1126/science.abi5658,,tooth,,ENA,PRJEB45699,ERS6597810,Ancient Single-genome - Host-associated,Homo sapiens,,virus,Hepatitis B virus,chromosome,reference_aligned
Kocher2021,2021,10.1126/science.abi5658,Halberstadt,51.896,11.047,Germany,,,,I2032,7200,10.1126/science.abi5658,,tooth,,ENA,PRJEB45699,ERS6597811,Ancient Single-genome - Host-associated,Homo sapiens,,virus,Hepatitis B virus,chromosome,reference_aligned
Kocher2021,2021,10.1126/science.abi5658,İkiztepe,41.614,35.871,Turkey,,,,IKI009,5200,10.1126/science.abi5658,,tooth,,ENA,PRJEB45699,ERS6597812,Ancient Single-genome - Host-associated,Homo sapiens,,virus,Hepatitis B virus,chromosome,reference_aligned
Kocher2021,2021,10.1126/science.abi5658,Is Bittuleris,39.868,9.236,Italy,,,,ISB002,3700,10.1126/science.abi5658,,tooth,,ENA,PRJEB45699,ERS6597813,Ancient Single-genome - Host-associated,Homo sapiens,,virus,Hepatitis B virus,chromosome,reference_aligned
Kocher2021,2021,10.1126/science.abi5658,Karanaevskiy,55.639,58.297,Russia,,,,KAP002,3500,10.1126/science.abi5658,,tooth,,ENA,PRJEB45699,ERS6597815,Ancient Single-genome - Host-associated,Homo sapiens,,virus,Hepatitis B virus,chromosome,reference_aligned
Kocher2021,2021,10.1126/science.abi5658,Kamid el-Loz,33.622,35.823,Lebanon,,,,KEL045,3800,10.1126/science.abi5658,,tooth,,ENA,PRJEB45699,ERS6597818,Ancient Single-genome - Host-associated,Homo sapiens,,virus,Hepatitis B virus,chromosome,reference_aligned
Kocher2021,2021,10.1126/science.abi5658,Kilteasheen,54.007,-8.202,Ireland,,,,KIL044,800,10.1126/science.abi5658,,tooth,,ENA,PRJEB45699,ERS6597819,Ancient Single-genome - Host-associated,Homo sapiens,,virus,Hepatitis B virus,chromosome,reference_aligned
Kocher2021,2021,10.1126/science.abi5658,Kleinaitingen,48.218,10.846,Germany,,,,KLE031,3900,10.1126/science.abi5658,,tooth,,ENA,PRJEB45699,ERS6597820,Ancient Single-genome - Host-associated,Homo sapiens,,virus,Hepatitis B virus,chromosome,reference_aligned
Kocher2021,2021,10.1126/science.abi5658,Krakauer Berg,51.755,11.727,Germany,,,,KRA001,800,10.1126/science.abi5658,,tooth,,ENA,PRJEB45699,ERS6597821,Ancient Single-genome - Host-associated,Homo sapiens,,virus,Hepatitis B virus,chromosome,reference_aligned
Kocher2021,2021,10.1126/science.abi5658,Loschbour rock shelter,49.77,6.24,Luxembourg,,,,Loschbour,8100,10.1126/science.abi5658,,tooth,,ENA,PRJEB45699,ERS6597826,Ancient Single-genome - Host-associated,Homo sapiens,,virus,Hepatitis B virus,chromosome,reference_aligned
Kocher2021,2021,10.1126/science.abi5658,Machu Picchu,-13.163,-72.546,Peru,,,,MAP007,600,10.1126/science.abi5658,,tooth,,ENA,PRJEB45699,ERS6597827,Ancient Single-genome - Host-associated,Homo sapiens,,virus,Hepatitis B virus,chromosome,reference_aligned
Kocher2021,2021,10.1126/science.abi5658,Mayachnyiy bugor,47.095,47.211,Russia,,,,MAY017,600,10.1126/science.abi5658,,tooth,,ENA,PRJEB45699,ERS6597828,Ancient Single-genome - Host-associated,Homo sapiens,,virus,Hepatitis B virus,chromosome,reference_aligned
Kocher2021,2021,10.1126/science.abi5658,Mikulovice,49.992,15.777,Czechia,,,,MIB040,3900,10.1126/science.abi5658,,tooth,,ENA,PRJEB45699,ERS6597831,Ancient Single-genome - Host-associated,Homo sapiens,,virus,Hepatitis B virus,chromosome,reference_aligned
Kocher2021,2021,10.1126/science.abi5658,Mikulovice,49.992,15.777,Czechia,,,,MIB041,3800,10.1126/science.abi5658,,tooth,,ENA,PRJEB45699,ERS6597832,Ancient Single-genome - Host-associated,Homo sapiens,,virus,Hepatitis B virus,chromosome,reference_aligned
Kocher2021,2021,10.1126/science.abi5658,Maryinskaya 5,43.905,43.522,Russia,,,,MK5004,5200,10.1126/science.abi5658,,tooth,,ENA,PRJEB45699,ERS6597834,Ancient Single-genome - Host-associated,Homo sapiens,,virus,Hepatitis B virus,chromosome,reference_aligned
Kocher2021,2021,10.1126/science.abi5658,Maryinskaya 5,43.905,43.522,Russia,,,,MK5009,4800,10.1126/science.abi5658,,tooth,,ENA,PRJEB45699,ERS6597835,Ancient Single-genome - Host-associated,Homo sapiens,,virus,Hepatitis B virus,chromosome,reference_aligned
Kocher2021,2021,10.1126/science.abi5658,Malaya Ryazan',53.224,49.315,Russia,,,,MLR005,700,10.1126/science.abi5658,,tooth,,ENA,PRJEB45699,ERS6597837,Ancient Single-genome - Host-associated,Homo sapiens,,virus,Hepatitis B virus,chromosome,reference_aligned
Kocher2021,2021,10.1126/science.abi5658,Minino II,59.382,39.396,Russia,,,,MN2003,10600,10.1126/science.abi5658,,tooth,,ENA,PRJEB45699,ERS6597838,Ancient Single-genome - Host-associated,Homo sapiens,,virus,Hepatitis B virus,chromosome,reference_aligned
Kocher2021,2021,10.1126/science.abi5658,Murzihinskiy II tomb,55.735,51.65,Russia,,,,MUR007,6500,10.1126/science.abi5658,,tooth,,ENA,PRJEB45699,ERS6597841,Ancient Single-genome - Host-associated,Homo sapiens,,virus,Hepatitis B virus,chromosome,reference_aligned
Kocher2021,2021,10.1126/science.abi5658,Oakington,52.26,0.061,United Kingdom,,,,OAI017,1500,10.1126/science.abi5658,,tooth,,ENA,PRJEB45699,ERS6597843,Ancient Single-genome - Host-associated,Homo sapiens,,virus,Hepatitis B virus,chromosome,reference_aligned
Kocher2021,2021,10.1126/science.abi5658,Oberottmarshausen,48.233,10.861,Germany,,,,OOH025,3600,10.1126/science.abi5658,,tooth,,ENA,PRJEB45699,ERS6597844,Ancient Single-genome - Host-associated,Homo sapiens,,virus,Hepatitis B virus,chromosome,reference_aligned
Kocher2021,2021,10.1126/science.abi5658,Orenburg,51.81,55.18,Russia,,,,ORE002,2600,10.1126/science.abi5658,,tooth,,ENA,PRJEB45699,ERS6597845,Ancient Single-genome - Host-associated,Homo sapiens,,virus,Hepatitis B virus,chromosome,reference_aligned
Kocher2021,2021,10.1126/science.abi5658,Prague 8 - Ďáblice,50.148,14.485,Czechia,,,,PDA001,4100,10.1126/science.abi5658,,tooth,,ENA,PRJEB45699,ERS6597846,Ancient Single-genome - Host-associated,Homo sapiens,,virus,Hepatitis B virus,chromosome,reference_aligned
Kocher2021,2021,10.1126/science.abi5658,Purun Llacta de Soloco,-6.3,-77.701,Peru,,,,PLS004,400,10.1126/science.abi5658,,tooth,,ENA,PRJEB45699,ERS6597849,Ancient Single-genome - Host-associated,Homo sapiens,,virus,Hepatitis B virus,chromosome,reference_aligned
Kocher2021,2021,10.1126/science.abi5658,Quedlinburg,51.787,11.154,Germany,,,,QUE004,4300,10.1126/science.abi5658,,tooth,,ENA,PRJEB45699,ERS6597851,Ancient Single-genome - Host-associated,Homo sapiens,,virus,Hepatitis B virus,chromosome,reference_aligned
Kocher2021,2021,10.1126/science.abi5658,Regensburg Minoritenweg,49.017,12.105,Germany,,,,RMI002,600,10.1126/science.abi5658,,tooth,,ENA,PRJEB45699,ERS6597852,Ancient Single-genome - Host-associated,Homo sapiens,,virus,Hepatitis B virus,chromosome,reference_aligned
Kocher2021,2021,10.1126/science.abi5658,Shagara,55.237,40.1,Russia,,,,SGR003,3900,10.1126/science.abi5658,,tooth,,ENA,PRJEB45699,ERS6597855,Ancient Single-genome - Host-associated,Homo sapiens,,virus,Hepatitis B virus,chromosome,reference_aligned
Kocher2021,2021,10.1126/science.abi5658,Shagara,55.132,40.175,Russia,,,,SGR004,5000,10.1126/science.abi5658,,tooth,,ENA,PRJEB45699,ERS6597856,Ancient Single-genome - Host-associated,Homo sapiens,,virus,Hepatitis B virus,chromosome,reference_aligned
Kocher2021,2021,10.1126/science.abi5658,Sheksovo II,56.528,40.179,Russia,,,,SHK001,800,10.1126/science.abi5658,,tooth,,ENA,PRJEB45699,ERS6597857,Ancient Single-genome - Host-associated,Homo sapiens,,virus,Hepatitis B virus,chromosome,reference_aligned
Kocher2021,2021,10.1126/science.abi5658,S'isteridolzu,40.624,8.636,Italy,,,,SID005,6100,10.1126/science.abi5658,,tooth,,ENA,PRJEB45699,ERS6597858,Ancient Single-genome - Host-associated,Homo sapiens,,virus,Hepatitis B virus,chromosome,reference_aligned
Kocher2021,2021,10.1126/science.abi5658,Hospital Real de San José de los Naturales,19.43,-99.14,Mexico,,,,SJN005,400,10.1126/science.abi5658,,tooth,,ENA,PRJEB45699,ERS6597859,Ancient Single-genome - Host-associated,Homo sapiens,,virus,Hepatitis B virus,chromosome,reference_aligned
Kocher2021,2021,10.1126/science.abi5658,Hospital Real de San José de los Naturales,19.43,-99.14,Mexico,,,,SJN013,500,10.1126/science.abi5658,,tooth,,ENA,PRJEB45699,ERS6597860,Ancient Single-genome - Host-associated,Homo sapiens,,virus,Hepatitis B virus,chromosome,reference_aligned
Kocher2021,2021,10.1126/science.abi5658,Stuttgart-Mühlhausen I,48.84,9.228,Germany,,,,SMH004,7200,10.1126/science.abi5658,,tooth,,ENA,PRJEB45699,ERS6597861,Ancient Single-genome - Host-associated,Homo sapiens,,virus,Hepatitis B virus,chromosome,reference_aligned
Kocher2021,2021,10.1126/science.abi5658,St. Rombout's churchyard,51.029,4.479,Belgium,,,,STR144,400,10.1126/science.abi5658,,tooth,,ENA,PRJEB45699,ERS6597862,Ancient Single-genome - Host-associated,Homo sapiens,,virus,Hepatitis B virus,chromosome,reference_aligned
Kocher2021,2021,10.1126/science.abi5658,Su Asedazzu,39.417,9.236,Italy,,,,SUA007,4000,10.1126/science.abi5658,,tooth,,ENA,PRJEB45699,ERS6597864,Ancient Single-genome - Host-associated,Homo sapiens,,virus,Hepatitis B virus,chromosome,reference_aligned
Kocher2021,2021,10.1126/science.abi5658,Trinitapoli,41.355,16.088,Italy,,,,TRI011,3300,10.1126/science.abi5658,,tooth,,ENA,PRJEB45699,ERS6597865,Ancient Single-genome - Host-associated,Homo sapiens,,virus,Hepatitis B virus,chromosome,reference_aligned
Kocher2021,2021,10.1126/science.abi5658,Yuzhny Oleni Ostrov,61.938,35.261,Russia,,,,UOO011,8100,10.1126/science.abi5658,,tooth,,ENA,PRJEB45699,ERS6597867,Ancient Single-genome - Host-associated,Homo sapiens,,virus,Hepatitis B virus,chromosome,reference_aligned
Kocher2021,2021,10.1126/science.abi5658,Yuzhny Oleni Ostrov,61.938,35.261,Russia,,,,UOO024,8100,10.1126/science.abi5658,,tooth,,ENA,PRJEB45699,ERS6597868,Ancient Single-genome - Host-associated,Homo sapiens,,virus,Hepatitis B virus,chromosome,reference_aligned
Kocher2021,2021,10.1126/science.abi5658,Yuzhny Oleni Ostrov,61.938,35.261,Russia,,,,UOO033,8100,10.1126/science.abi5658,,tooth,,ENA,PRJEB45699,ERS6597869,Ancient Single-genome - Host-associated,Homo sapiens,,virus,Hepatitis B virus,chromosome,reference_aligned
Kocher2021,2021,10.1126/science.abi5658,Vliněves,50.373,14.449,Czechia,,,,VLI060,3900,10.1126/science.abi5658,,tooth,,ENA,PRJEB45699,ERS6597876,Ancient Single-genome - Host-associated,Homo sapiens,,virus,Hepatitis B virus,chromosome,reference_aligned
Kocher2021,2021,10.1126/science.abi5658,Wehringen-Hochfeld,48.247,10.801,Germany,,,,WEH008,3900,10.1126/science.abi5658,,tooth,,ENA,PRJEB45699,ERS6597879,Ancient Single-genome - Host-associated,Homo sapiens,,virus,Hepatitis B virus,chromosome,reference_aligned
Kocher2021,2021,10.1126/science.abi5658,Wehringen-Hochfeld,48.247,10.801,Germany,,,,WEH009,4000,10.1126/science.abi5658,,tooth,,ENA,PRJEB45699,ERS6597880,Ancient Single-genome - Host-associated,Homo sapiens,,virus,Hepatitis B virus,chromosome,reference_aligned
Kocher2021,2021,10.1126/science.abi5658,Zweisimmen Kirchgasse,46.554,7.372,Switzerland,,,,ZWE008,600,10.1126/science.abi5658,,tooth,,ENA,PRJEB45699,ERS6597884,Ancient Single-genome - Host-associated,Homo sapiens,,virus,Hepatitis B virus,chromosome,reference_aligned
AndradesValtuena2022,2022,10.1073/pnas.2116722119,Dereivka I,48.91,33.76,Ukraine,,,,I5884,4200,10.1073/pnas.2116722119,,tooth,,ENA,PRJEB51099,ERS10777163,Ancient Single-genome - Host-associated,Homo sapiens,,bacteria,Yersinia pestis,chromosome,raw
AndradesValtuena2022,2022,10.1073/pnas.2116722119,Vlineves,50.373,14.449,Czechia,,,,VLI092,4200,10.1073/pnas.2116722119,,tooth,,ENA,PRJEB51099,ERS10777164,Ancient Single-genome - Host-associated,Homo sapiens,,bacteria,Yersinia pestis,chromosome,raw
AndradesValtuena2022,2022,10.1073/pnas.2116722119,Krasnogvardeyskoe,45.825,41.582,Russia,,,,KNK001,4200,10.1073/pnas.2116722119,,tooth,,ENA,PRJEB51099,ERS10777165,Ancient Single-genome - Host-associated,Homo sapiens,,bacteria,Yersinia pestis,chromosome,raw
AndradesValtuena2022,2022,10.1073/pnas.2116722119,Großstorkwitz,51.189,12.267,Germany,,,,GRS004,4100,10.1073/pnas.2116722119,,tooth,,ENA,PRJEB51099,ERS10777166,Ancient Single-genome - Host-associated,Homo sapiens,,bacteria,Yersinia pestis,chromosome,raw
AndradesValtuena2022,2022,10.1073/pnas.2116722119,Hostivice-Palouky,50.08,14.281,Czechia,,,,HOP001,3800,10.1073/pnas.2116722119,,tooth,,ENA,PRJEB51099,ERS10777167,Ancient Single-genome - Host-associated,Homo sapiens,,bacteria,Yersinia pestis,chromosome,raw
AndradesValtuena2022,2022,10.1073/pnas.2116722119,Hostivice-Palouky,50.08,14.281,Czechia,,,,HOP004,3800,10.1073/pnas.2116722119,,tooth,,ENA,PRJEB51099,ERS10777168,Ancient Single-genome - Host-associated,Homo sapiens,,bacteria,Yersinia pestis,chromosome,raw
AndradesValtuena2022,2022,10.1073/pnas.2116722119,Kaluzhnyy 1,44.848,42.219,Russia,,,,KLZ001,3800,10.1073/pnas.2116722119,,tooth,,ENA,PRJEB51099,ERS10777169,Ancient Single-genome - Host-associated,Homo sapiens,,bacteria,Yersinia pestis,chromosome,raw
AndradesValtuena2022,2022,10.1073/pnas.2116722119,Chociwel,50.796,17.094,Poland,,,,CHC004,3600,10.1073/pnas.2116722119,,tooth,,ENA,PRJEB51099,ERS10777170,Ancient Single-genome - Host-associated,Homo sapiens,,bacteria,Yersinia pestis,chromosome,raw
AndradesValtuena2022,2022,10.1073/pnas.2116722119,Kleinaitingen,48.218,10.846,Germany,,,,KLE031,3500,10.1073/pnas.2116722119,,tooth,,ENA,PRJEB51099,ERS10777171,Ancient Single-genome - Host-associated,Homo sapiens,,bacteria,Yersinia pestis,chromosome,raw
AndradesValtuena2022,2022,10.1073/pnas.2116722119,Mikulovice,49.992,15.777,Czechia,,,,MIB054,3600,10.1073/pnas.2116722119,,tooth,,ENA,PRJEB51099,"ERS10777172,ERS10777173,ERS10777174",Ancient Single-genome - Host-associated,Homo sapiens,,bacteria,Yersinia pestis,chromosome,raw
AndradesValtuena2022,2022,10.1073/pnas.2116722119,Kleinaitingen,48.218,10.846,Germany,,,,KLE048,3400,10.1073/pnas.2116722119,,tooth,,ENA,PRJEB51099,ERS10777175,Ancient Single-genome - Host-associated,Homo sapiens,,bacteria,Yersinia pestis,chromosome,raw
AndradesValtuena2022,2022,10.1073/pnas.2116722119,Oberottmarshausen,48.233,10.861,Germany,,,,OOH003,3300,10.1073/pnas.2116722119,,tooth,,ENA,PRJEB51099,ERS10777176,Ancient Single-genome - Host-associated,Homo sapiens,,bacteria,Yersinia pestis,chromosome,raw
AndradesValtuena2022,2022,10.1073/pnas.2116722119,Dolmen “El Sotillo”,42.573,-2.621,Spain,,,,I2470,3100,10.1073/pnas.2116722119,,tooth,,ENA,PRJEB51099,ERS10777177,Ancient Single-genome - Host-associated,Homo sapiens,,bacteria,Yersinia pestis,chromosome,raw
AndradesValtuena2022,2022,10.1073/pnas.2116722119,"Arbulag sum, Khövsgöl",49.65,99.72,Mongolia,,,,ARS007,3000,10.1073/pnas.1813608115,,tooth,,ENA,PRJEB51099,ERS10777178,Ancient Single-genome - Host-associated,Homo sapiens,,bacteria,Yersinia pestis,chromosome,raw
AndradesValtuena2022,2022,10.1073/pnas.2116722119,Kyzyl,48.278,75.356,Kazakhstan,,,,KZL002,2500,10.1073/pnas.2116722119,,tooth,,ENA,PRJEB51099,ERS10777179,Ancient Single-genome - Host-associated,Homo sapiens,,bacteria,Yersinia pestis,chromosome,raw
AndradesValtuena2022,2022,10.1073/pnas.2116722119,Velešovice,49.178,16.848,Czechia,,,,VEL003,4000,10.1073/pnas.2116722119,,tooth,,ENA,PRJEB51099,ERS10777180,Ancient Single-genome - Host-associated,Homo sapiens,,bacteria,Yersinia pestis,chromosome,raw
AndradesValtuena2022,2022,10.1073/pnas.2116722119,Grushevskoe,45.063,41.54,Russia,,,,GRH001,2700,10.1073/pnas.2116722119,,tooth,,ENA,PRJEB51099,ERS10777181,Ancient Single-genome - Host-associated,Homo sapiens,,bacteria,Yersinia pestis,chromosome,raw
Granehall2021,2021,10.1186/s40168-021-01132-8,"Isarco valley, Bressanone Elvas necropoli 17/Brixen Elvas",46.73,11.67,Italy,,,,2102,1300,10.1016/j.quaint.2013.07.052,,dental calculus,,ENA,PRJEB43389,ERS6205401,Ancient Single-genome - Host-associated,Homo sapiens,,archaea,Methanobrevibacter oralis,chromosome,raw
Pfrengle2021,2021,10.1186/s12915-021-01120-2,"Nonneseter, Bergen",60.39,5.333,Norway,,,,Bergen,700,10.1186/s12915-021-01120-2,,tooth,,SRA,PRJNA721828,"SRS9826036,SRS9826037,SRS9826038",Ancient Single-genome - Host-associated,Homo sapiens,,bacteria,Mycobacterium leprae,chromosome,raw
Pfrengle2021,2021,10.1186/s12915-021-01120-2,"Church End, Cherry Hinton, Cambridge",52.196,0.174,United Kingdom,,,,CHRY044,900,10.1186/s12915-021-01120-2,,tooth,,SRA,PRJNA721828,SRS9826047,Ancient Single-genome - Host-associated,Homo sapiens,,bacteria,Mycobacterium leprae,chromosome,raw
Pfrengle2021,2021,10.1186/s12915-021-01120-2,"Edix Hill, Cambridgeshire",52.136,-0.011,United Kingdom,,,,EDI006,1400,10.1186/s12915-021-01120-2,,tooth,,SRA,PRJNA721828,SRS9826051,Ancient Single-genome - Host-associated,Homo sapiens,,bacteria,Mycobacterium leprae,chromosome,raw
Pfrengle2021,2021,10.1186/s12915-021-01120-2,"Hospital of St John the Evangelist, Cambridge",52.207,0.118,United Kingdom,,,,JDS097,700,10.1186/s12915-021-01120-2,,tooth,,SRA,PRJNA721828,SRS9826001,Ancient Single-genome - Host-associated,Homo sapiens,,bacteria,Mycobacterium leprae,chromosome,raw
Pfrengle2021,2021,10.1186/s12915-021-01120-2,St. Petersburg,59.9,30.3,Russia,,,,R7546-671,100,10.1186/s12915-021-01120-2,,tooth,,SRA,PRJNA721828,"SRS9826003,SRS9826004,SRS9826044",Ancient Single-genome - Host-associated,Homo sapiens,,bacteria,Mycobacterium leprae,chromosome,raw
Guellil2021,2021,10.1038/s41598-021-98214-2,"Lazaretto dell’Osservanza, Imola",44.349,11.707,Italy,,,,IMO2,300,10.1038/s41598-021-98214-2,,tooth,,ENA,PRJEB27822,"ERS8555205,ERS8555208,ERS8555209,ERS8555210,ERS8555211",Ancient Single-genome - Host-associated,Homo sapiens,,bacteria,Yersinia pestis,chromosome,raw
Guellil2022,2022,10.1186/s13059-021-02580-z,"Edix Hill, Cambridgeshire",52.136,-0.011,United Kingdom,,,,EDI064,1500,10.1186/s13059-021-02580-z,,tooth,,ENA,PRJEB45013,ERS8968539,Ancient Single-genome - Host-associated,Homo sapiens,,bacteria,Haemophilus influenzae,chromosome,raw
Guellil2022,2022,10.1186/s13059-021-02580-z,"Edix Hill, Cambridgeshire",52.136,-0.011,United Kingdom,,,,EDI064,1500,10.1186/s13059-021-02580-z,,tooth,,ENA,PRJEB45013,ERS8968539,Ancient Single-genome - Host-associated,Homo sapiens,,bacteria,Yersinia pestis,chromosome,raw
Spyrou2022,2022,10.1038/s41586-022-04800-3,"Kara-Djigach cemetery (Chapel 1), Chüy Valley",42.805,74.685,Kyrgyzstan,,,,BSK001 (176/4; Grave 19/20),600,10.1038/s41586-022-04800-3,,tooth,,ENA,PRJEB46734,ERS11205112,Ancient Single-genome - Host-associated,Homo sapiens,,bacteria,Yersinia pestis,chromosome,raw
Spyrou2022,2022,10.1038/s41586-022-04800-3,"Kara-Djigach cemetery (Chapel 1), Chüy Valley",42.805,74.685,Kyrgyzstan,,,,BSK003 (176/7; Grave 28/29),600,10.1038/s41586-022-04800-3,,tooth,,ENA,PRJEB46734,ERS11205113,Ancient Single-genome - Host-associated,Homo sapiens,,bacteria,Yersinia pestis,chromosome,raw
Spyrou2022,2022,10.1038/s41586-022-04800-3,"Kara-Djigach cemetery (Chapel 1), Chüy Valley",42.805,74.685,Kyrgyzstan,,,,BSK007 (5559/2; Grave 9),600,10.1038/s41586-022-04800-3,,tooth,,ENA,PRJEB46734,ERS11205114,Ancient Single-genome - Host-associated,Homo sapiens,,bacteria,Yersinia pestis,chromosome,raw
Neumann2022,2022,10.1016/j.cub.2022.06.094,"Hagios Charalambos cave, Crete",35.177,25.444,Greece,,,,HGC009,4100,10.1016/j.cub.2022.06.094,,tooth,,ENA,PRJEB52494,ERS11891570,Ancient Single-genome - Host-associated,Homo sapiens,,bacteria,Yersinia pestis,chromosome,raw
Neumann2022,2022,10.1016/j.cub.2022.06.094,"Hagios Charalambos cave, Crete",35.177,25.444,Greece,,,,HGC068,4200,10.1016/j.cub.2022.06.094,,tooth,,ENA,PRJEB52494,ERS11891571,Ancient Single-genome - Host-associated,Homo sapiens,,bacteria,Yersinia pestis,chromosome,raw
Neumann2022,2022,10.1016/j.cub.2022.06.094,"Hagios Charalambos cave, Crete",35.177,25.444,Greece,,,,HGC004,4100,10.1016/j.cub.2022.06.094,,tooth,,ENA,PRJEB52494,ERS11891572,Ancient Single-genome - Host-associated,Homo sapiens,,bacteria,Salmonella enterica,chromosome,raw
Neumann2022,2022,10.1016/j.cub.2022.06.094,"Hagios Charalambos cave, Crete",35.177,25.444,Greece,,,,HGC040,4100,10.1016/j.cub.2022.06.094,,tooth,,ENA,PRJEB52494,ERS11891573,Ancient Single-genome - Host-associated,Homo sapiens,,bacteria,Salmonella enterica,chromosome,raw
Guellil2022b,2022,10.1126/sciadv.abo4435,"Hospital of St John the Evangelist, Cambridge",52.207,0.118,United Kingdom,,,,JDS005,600,10.1126/sciadv.abo4435,,tooth,,ENA,PRJEB46097,ERS12438280,Ancient Single-genome - Host-associated,Homo sapiens,,virus,Human alphaherpesvirus 1,chromosome,raw
Guellil2022b,2022,10.1126/sciadv.abo4435,"Edix Hill, Cambridgeshire",52.136,-0.011,United Kingdom,,,,EDI111,1500,10.1126/sciadv.abo4435,,tooth,,ENA,PRJEB46097,ERS12438281,Ancient Single-genome - Host-associated,Homo sapiens,,virus,Human alphaherpesvirus 1,chromosome,raw
Guellil2022b,2022,10.1126/sciadv.abo4435,Nevolino,57.7,57.2,Russia,,,,BRO001,1600,10.1126/sciadv.abo4435,,tooth,,ENA,PRJEB46097,ERS12438282,Ancient Single-genome - Host-associated,Homo sapiens,,virus,Human alphaherpesvirus 1,chromosome,raw
Guellil2022b,2022,10.1126/sciadv.abo4435,Alphen aan den Rijn,52.13,4.65,Netherlands,,,,RIJ001,300,10.1126/sciadv.abo4435,,tooth,,ENA,PRJEB46097,ERS12438283,Ancient Single-genome - Host-associated,Homo sapiens,,virus,Human alphaherpesvirus 1,chromosome,raw
Austin2022,2022,10.1038/s42003-022-03890-z,"City Hospital #2, St. Louis, Missouri",38.632,-90.222,USA,,,,St.LI,100,10.1038/s42003-022-03890-z,,dental calculus,,SRA,PRJNA851947,SRS13524932,Ancient Single-genome - Host-associated,Homo sapiens,,bacteria,Klebsiella pneumoniae,chromosome,raw
Austin2022,2022,10.1038/s42003-022-03890-z,"City Hospital #2, St. Louis, Missouri",38.632,-90.222,USA,,,,St.LI,100,10.1038/s42003-022-03890-z,,dental calculus,,SRA,PRJNA851947,SRS13524932,Ancient Single-genome - Host-associated,Homo sapiens,,bacteria,Acinetobacter nosocomialis,chromosome,raw
Austin2022,2022,10.1038/s42003-022-03890-z,"City Hospital #2, St. Louis, Missouri",38.632,-90.222,USA,,,,St.LI,100,10.1038/s42003-022-03890-z,,dental calculus,,SRA,PRJNA851947,SRS13524932,Ancient Single-genome - Host-associated,Homo sapiens,,bacteria,Acinetobacter junii,chromosome,raw
Quagliariello2022,2022,10.1038/s41467-022-34416-0,"Fermo, Marche",43.16,13.71,Italy,,,,Fer.T75,4400,10.1038/s41467-022-34416-0,,dental calculus,,SRA,PRJNA791766,SRS11653538,Ancient Single-genome - Host-associated,Homo sapiens,,bacteria,Olsenella sp. oral taxon 807,chromosome,raw
Quagliariello2022,2022,10.1038/s41467-022-34416-0,"Ripatetta, Lucera, Foggia",41.3,15.2,Italy,,,,Rip.USD618,6100,10.1038/s41467-022-34416-0,,dental calculus,,SRA,PRJNA791766,SRS11653590,Ancient Single-genome - Host-associated,Homo sapiens,,bacteria,Olsenella sp. oral taxon 807,chromosome,raw
Quagliariello2022,2022,10.1038/s41467-022-34416-0,"Ripatetta, Lucera, Foggia",41.3,15.2,Italy,,,,Rip.USD628,6100,10.1038/s41467-022-34416-0,,dental calculus,,SRA,PRJNA791766,SRS11653591,Ancient Single-genome - Host-associated,Homo sapiens,,bacteria,Olsenella sp. oral taxon 807,chromosome,raw
Quagliariello2022,2022,10.1038/s41467-022-34416-0,"Bandita San Pantaleo, Tarquinia, Latium",42.25,11.75,Italy,,,,Tar.T71,4700,10.1038/s41467-022-34416-0,,dental calculus,,SRA,PRJNA791766,SRS11653602,Ancient Single-genome - Host-associated,Homo sapiens,,bacteria,Olsenella sp. oral taxon 807,chromosome,raw
Quagliariello2022,2022,10.1038/s41467-022-34416-0,"Torre de Rubeis, Troia",41.22,15.18,Italy,,,,TR177,5200,10.1038/s41467-022-34416-0,,dental calculus,,SRA,PRJNA791766,SRS11653605,Ancient Single-genome - Host-associated,Homo sapiens,,bacteria,Olsenella sp. oral taxon 807,chromosome,raw
Quagliariello2022,2022,10.1038/s41467-022-34416-0,"Passo di Corvo, Amendola plain",41.553,15.611,Italy,,,,PC-T5,7400,10.1038/s41467-022-34416-0,,dental calculus,,SRA,PRJNA791766,SRS11653578,Ancient Single-genome - Host-associated,Homo sapiens,,bacteria,Olsenella sp. oral taxon 807,chromosome,raw
Bonczarowska2022,2022,10.1186/s13059-022-02806-8,"Lauchheim Mittelhofen settlement, Baden-Württemberg",48.872,10.25,Germany,,,,G78T,1300,10.1186/s13059-022-02806-8,,tooth,,ENA,PRJEB49149,ERS9069028,Ancient Single-genome - Host-associated,Homo sapiens,,virus,Hepatitis B virus,chromosome,raw
Bonczarowska2022,2022,10.1186/s13059-022-02806-8,"Lauchheim Mittelhofen settlement, Baden-Württemberg",48.872,10.25,Germany,,,,G27T,1300,10.1186/s13059-022-02806-8,,tooth,,ENA,PRJEB49149,ERS9069033,Ancient Single-genome - Host-associated,Homo sapiens,,virus,Hepatitis B virus,chromosome,raw
Eaton2023,2023,10.1016/j.cub.2023.01.064,"Hågerup , Faaborg-Midtfyn Municipality",55.17,10.35,Denmark,,,,A19 x21,800,10.1016/j.cub.2023.01.064,,tooth,,SRA,PRJNA926136,SRS16579972,Ancient Single-genome - Host-associated,Homo sapiens,,bacteria,Yersinia pestis,chromosome,raw
Eaton2023,2023,10.1016/j.cub.2023.01.064,"Faldborg, Viborg Municipality",56.45,9.4,Denmark,,,,Gr GCx15,600,10.1016/j.cub.2023.01.064,,tooth,,SRA,PRJNA926136,SRS16579984,Ancient Single-genome - Host-associated,Homo sapiens,,bacteria,Yersinia pestis,chromosome,raw
Eaton2023,2023,10.1016/j.cub.2023.01.064,"Ribe Gråbrødre, Esbjerg Municipality",55.32,8.76,Denmark,,,,G.25A,600,10.1016/j.cub.2023.01.064,,tooth,,SRA,PRJNA926136,SRS16579986,Ancient Single-genome - Host-associated,Homo sapiens,,bacteria,Yersinia pestis,chromosome,raw
Eaton2023,2023,10.1016/j.cub.2023.01.064,"Ribe Gråbrødre, Esbjerg Municipality",55.32,8.76,Denmark,,,,G. 16,600,10.1016/j.cub.2023.01.064,,tooth,,SRA,PRJNA926136,SRS16580002,Ancient Single-genome - Host-associated,Homo sapiens,,bacteria,Yersinia pestis,chromosome,raw
Eaton2023,2023,10.1016/j.cub.2023.01.064,"Ribe Gråbrødre, Esbjerg Municipality",55.32,8.76,Denmark,,,,G207,600,10.1016/j.cub.2023.01.064,,tooth,,SRA,PRJNA926136,SRS16579991,Ancient Single-genome - Host-associated,Homo sapiens,,bacteria,Yersinia pestis,chromosome,raw
Eaton2023,2023,10.1016/j.cub.2023.01.064,"Ribe Gråbrødre, Esbjerg Municipality",55.32,8.76,Denmark,,,,G. 861 x1035,600,10.1016/j.cub.2023.01.064,,tooth,,SRA,PRJNA926136,SRS16579973,Ancient Single-genome - Host-associated,Homo sapiens,,bacteria,Yersinia pestis,chromosome,raw
Eaton2023,2023,10.1016/j.cub.2023.01.064,"Faldborg, Viborg Municipality",56.45,9.4,Denmark,,,,ID 319,600,10.1016/j.cub.2023.01.064,,tooth,,SRA,PRJNA926136,SRS16579981,Ancient Single-genome - Host-associated,Homo sapiens,,bacteria,Yersinia pestis,chromosome,raw
Eaton2023,2023,10.1016/j.cub.2023.01.064,"Ribe Gråbrødre, Esbjerg Municipality",55.32,8.76,Denmark,,,,G. 25B x98,600,10.1016/j.cub.2023.01.064,,tooth,,SRA,PRJNA926136,SRS16579982,Ancient Single-genome - Host-associated,Homo sapiens,,bacteria,Yersinia pestis,chromosome,raw
Eaton2023,2023,10.1016/j.cub.2023.01.064,"Sejet, Horsens Municipality",55.81,9.92,Denmark,,,,A146x3011,600,10.1016/j.cub.2023.01.064,,tooth,,SRA,PRJNA926136,SRS16579983,Ancient Single-genome - Host-associated,Homo sapiens,,bacteria,Yersinia pestis,chromosome,raw
Eaton2023,2023,10.1016/j.cub.2023.01.064,"Tirup, Horsens Municipality",55.86,9.81,Denmark,,,,G371,700,10.1016/j.cub.2023.01.064,,tooth,,SRA,PRJNA926136,SRS16579985,Ancient Single-genome - Host-associated,Homo sapiens,,bacteria,Yersinia pestis,chromosome,raw
Eaton2023,2023,10.1016/j.cub.2023.01.064,"Ribe Lindegården, Esbjerg Municipality",55.32,8.78,Denmark,,,,x1265,600,10.1016/j.cub.2023.01.064,,tooth,,SRA,PRJNA926136,SRS16579987,Ancient Single-genome - Host-associated,Homo sapiens,,bacteria,Yersinia pestis,chromosome,raw
Eaton2023,2023,10.1016/j.cub.2023.01.064,"Ole Wormsgade, Horsens Municipality",55.86,9.86,Denmark,,,,x1155 A1155,700,10.1016/j.cub.2023.01.064,,tooth,,SRA,PRJNA926136,SRS16580001,Ancient Single-genome - Host-associated,Homo sapiens,,bacteria,Yersinia pestis,chromosome,raw
Eaton2023,2023,10.1016/j.cub.2023.01.064,"Ole Wormsgade, Horsens Municipality",55.86,9.86,Denmark,,,,A1480 x1480,700,10.1016/j.cub.2023.01.064,,tooth,,SRA,PRJNA926136,SRS16579988,Ancient Single-genome - Host-associated,Homo sapiens,,bacteria,Yersinia pestis,chromosome,raw
Swali2023,2023,10.1038/s41467-023-38393-w,"Charterhouse Warren, Mendip Hills, Somerset",51.299,-2.715,United Kingdom,,,,C10091,4000,10.1038/s41467-023-38393-w,,tooth,,ENA,PRJEB61230,ERS14891340,Ancient Single-genome - Host-associated,Homo sapiens,,bacteria,Yersinia pestis,chromosome,raw
Swali2023,2023,10.1038/s41467-023-38393-w,"Charterhouse Warren, Mendip Hills, Somerset",51.299,-2.715,United Kingdom,,,,C10098,4000,10.1038/s41467-023-38393-w,,tooth,,ENA,PRJEB61230,"ERS14891341,ERS14891342",Ancient Single-genome - Host-associated,Homo sapiens,,bacteria,Yersinia pestis,chromosome,raw
Swali2023,2023,10.1038/s41467-023-38393-w,"Levens Deer Park ring cairn, Leven, Cumbria",54.268,-2.761,United Kingdom,,,,C10928,3900,10.1038/s41467-023-38393-w,,tooth,,ENA,PRJEB61230,"ERS14909714,ERS14891343",Ancient Single-genome - Host-associated,Homo sapiens,,bacteria,Yersinia pestis,chromosome,raw
Clavel2023,2023,10.1016/j.isci.2023.106787,"La Major Cathedral, Marseille, Bouches-du-Rhône",43.3,5.365,France,,,,MAJ75,300,10.1016/j.isci.2023.106787,,tooth,,ENA,PRJEB59233,"ERS14555610,ERS14555611,ERS14555612,ERS14555613,ERS14555614,ERS14555615,ERS14555616,ERS14555617",Ancient Single-genome - Host-associated,Homo sapiens,,bacteria,Yersinia pestis,chromosome,raw
Clavel2023,2023,10.1016/j.isci.2023.106787,"La Major Cathedral, Marseille, Bouches-du-Rhône",43.3,5.365,France,,,,MAJ46,300,10.1016/j.isci.2023.106787,,tooth,,ENA,PRJEB59233,"ERS14555595,ERS14555596,ERS14555597,ERS14555598,ERS14555599,ERS14555600,ERS14555601,ERS14555602,ERS14555603,ERS14555604",Ancient Single-genome - Host-associated,Homo sapiens,,bacteria,Yersinia pestis,chromosome,raw
Clavel2023,2023,10.1016/j.isci.2023.106787,"La Major Cathedral, Marseille, Bouches-du-Rhône",43.3,5.365,France,,,,MAJ38,300,10.1016/j.isci.2023.106787,,tooth,,ENA,"PRJEB59233,PRJEB59234","ERS14555592,ERS14555591,ERS14555590,ERS14555589,ERS14555588,ERS14555587",Ancient Single-genome - Host-associated,Homo sapiens,,bacteria,Yersinia pestis,chromosome,raw
Clavel2023,2023,10.1016/j.isci.2023.106787,"Hôtel-Dieu Saint-Jean-Baptiste, Amiens",49.898,2.299,France,,,,AMIENS268,400,10.1016/j.isci.2023.106787,,tooth,,ENA,PRJEB59233,"ERS14555669,ERS14555670,ERS14555671",Ancient Single-genome - Host-associated,Homo sapiens,,bacteria,Yersinia pestis,chromosome,raw
Clavel2023,2023,10.1016/j.isci.2023.106787,"Les Rayettes, Martigues",43.415,5.039,France,,,,RAY1015,300,10.1016/j.isci.2023.106787,,tooth,,ENA,PRJEB59233,"ERS14555624,ERS14555625,ERS14555626",Ancient Single-genome - Host-associated,Homo sapiens,,bacteria,Yersinia pestis,chromosome,raw
Clavel2023,2023,10.1016/j.isci.2023.106787,"Les Rayettes, Martigues",43.415,5.039,France,,,,RAY1028,300,10.1016/j.isci.2023.106787,,tooth,,ENA,PRJEB59233,"ERS14555627,ERS14555628",Ancient Single-genome - Host-associated,Homo sapiens,,bacteria,Yersinia pestis,chromosome,raw
Clavel2023,2023,10.1016/j.isci.2023.106787,"Les Rayettes, Martigues",43.415,5.039,France,,,,RAY3030,300,10.1016/j.isci.2023.106787,,tooth,,ENA,PRJEB59233,"ERS14555635,ERS14555636",Ancient Single-genome - Host-associated,Homo sapiens,,bacteria,Yersinia pestis,chromosome,raw
Clavel2023,2023,10.1016/j.isci.2023.106787,"Lariey, Puy-Saint-Pierre, Hautes-Alpes",44.899,6.615,France,,,,LAR8,400,10.1016/j.isci.2023.106787,,tooth,,ENA,PRJEB59233,ERS5823096,Ancient Single-genome - Host-associated,Homo sapiens,,bacteria,Yersinia pestis,chromosome,raw
Clavel2023,2023,10.1016/j.isci.2023.106787,"Lariey, Puy-Saint-Pierre, Hautes-Alpes",44.899,6.615,France,,,,LAR11,400,10.1016/j.isci.2023.106787,,tooth,,ENA,PRJEB59233,ERS5823072,Ancient Single-genome - Host-associated,Homo sapiens,,bacteria,Yersinia pestis,chromosome,raw
Clavel2023,2023,10.1016/j.isci.2023.106787,"Lariey, Puy-Saint-Pierre, Hautes-Alpes",44.899,6.615,France,,,,LAR27,400,10.1016/j.isci.2023.106787,,tooth,,ENA,PRJEB59233,"ERS5823086,ERS14555637,ERS14555638",Ancient Single-genome - Host-associated,Homo sapiens,,bacteria,Yersinia pestis,chromosome,raw
Clavel2023,2023,10.1016/j.isci.2023.106787,"Maladrerie Saint-Lazare, Beauvais",49.415,2.101,France,,,,SQ8723,400,10.1016/j.isci.2023.106787,,tooth,,ENA,PRJEB59233,"ERS14555652,ERS14555653,ERS14555654",Ancient Single-genome - Host-associated,Homo sapiens,,bacteria,Yersinia pestis,chromosome,raw
Clavel2023,2023,10.1016/j.isci.2023.106787,"Maladrerie Saint-Lazare, Beauvais",49.415,2.101,France,,,,SQ8833,400,10.1016/j.isci.2023.106787,,tooth,,ENA,PRJEB59233,ERS14555642,Ancient Single-genome - Host-associated,Homo sapiens,,bacteria,Yersinia pestis,chromosome,raw
Clavel2023,2023,10.1016/j.isci.2023.106787,"Maladrerie Saint-Lazare, Beauvais",49.415,2.101,France,,,,SQ8962,400,10.1016/j.isci.2023.106787,,tooth,,ENA,PRJEB59233,ERS14555651,Ancient Single-genome - Host-associated,Homo sapiens,,bacteria,Yersinia pestis,chromosome,raw
Neumann2023,2023,10.1553/archaeologia107,Drasenhofen,48.758,16.651,Austria,,,,DSH008,3900,10.1553/archaeologia107,,tooth,,ENA,PRJEB61070,"ERS15547237,ERS15547235",Ancient Single-genome - Host-associated,Homo sapiens,,bacteria,Yersinia pestis,chromosome,raw
Neumann2023,2023,10.1553/archaeologia107,Drasenhofen,48.758,16.651,Austria,,,,DSH025,3900,10.1553/archaeologia107,,tooth,,ENA,PRJEB61070,"ERS15547238,ERS15547236",Ancient Single-genome - Host-associated,Homo sapiens,,bacteria,Yersinia pestis,chromosome,raw
Bonczarowska2023,2023,10.1098/rspb.2023.0622,"Sct. Trinitatis/Drotten,Viborg",56.45,9.4,Denmark,,,,X52,500,10.1098/rspb.2023.0622,,tooth,,ENA,PRJEB60595,ERS14773586,Ancient Single-genome - Host-associated,Homo sapiens,,bacteria,Yersinia pestis,chromosome,raw
Bonczarowska2023,2023,10.1098/rspb.2023.0622,Sejet Ødekirkegård,55.816,9.925,Denmark,,,,X3003,400,10.1098/rspb.2023.0622,,tooth,,ENA,PRJEB60595,ERS14773585,Ancient Single-genome - Host-associated,Homo sapiens,,bacteria,Yersinia pestis,chromosome,raw
Parker2023,2023,10.1371/journal.ppat.1011404,"Krakauer Berg, Peißen, Halle (Saale), Saxony-Anhalt",51.5,12.05,Germany,,,,KRA008,600,10.1371/journal.ppat.1011404,,tooth,,ENA,PRJEB61096,ERS14884861,Ancient Single-genome - Host-associated,Homo sapiens,,bacteria,Yersinia pestis,chromosome,raw
Parker2023,2023,10.1371/journal.ppat.1011404,"Krakauer Berg, Peißen, Halle (Saale), Saxony-Anhalt",51.5,12.05,Germany,,,,KRA018,600,10.1371/journal.ppat.1011404,,tooth,,ENA,PRJEB61096,ERS14884862,Ancient Single-genome - Host-associated,Homo sapiens,,bacteria,Yersinia pestis,chromosome,raw
Parker2023,2023,10.1371/journal.ppat.1011404,"Krakauer Berg, Peißen, Halle (Saale), Saxony-Anhalt",51.5,12.05,Germany,,,,KRA028,600,10.1371/journal.ppat.1011404,,tooth,,ENA,PRJEB61096,ERS14884863,Ancient Single-genome - Host-associated,Homo sapiens,,bacteria,Yersinia pestis,chromosome,raw
Parker2023,2023,10.1371/journal.ppat.1011404,"Krakauer Berg, Peißen, Halle (Saale), Saxony-Anhalt",51.5,12.05,Germany,,,,KRA032,600,10.1371/journal.ppat.1011404,,tooth,,ENA,PRJEB61096,ERS14884864,Ancient Single-genome - Host-associated,Homo sapiens,,bacteria,Yersinia pestis,chromosome,raw
Hodgkins2023,2023,10.1038/s41467-023-41174-0,Sanganji Shell Mound,37.87,140.91,Japan,,,,Sanganji-A1-Tooth,3000,10.1038/jhg.2016.110,,tooth,,SRA,PRJDB4223,DRS021185,Ancient Single-genome - Host-associated,Homo sapiens,,bacteria,Clostridium tetani,chromosome,raw
Hodgkins2023,2023,10.1038/s41467-023-41174-0,Sanganji Shell Mound,37.87,140.91,Japan,,,,Sanganji-A2-Tooth,3000,10.1038/jhg.2016.110,,tooth,,SRA,PRJDB4223,DRS021186,Ancient Single-genome - Host-associated,Homo sapiens,,bacteria,Clostridium tetani,chromosome,raw
Hodgkins2023,2023,10.1038/s41467-023-41174-0,Deir Rifeh Cemetery,27.097,31.207,Egypt,,,,Deir-Rifeh-KNIII-Tooth,3800,10.1016/j.jasrep.2017.12.025,,tooth,,ENA,PRJEB20294,ERS1647163,Ancient Single-genome - Host-associated,Homo sapiens,,bacteria,Clostridium tetani,chromosome,raw
Hodgkins2023,2023,10.1038/s41467-023-41174-0,Deir Rifeh Cemetery,27.097,31.207,Egypt,,,,Deir-Rifeh-KNII-Tooth,3800,10.1016/j.jasrep.2017.12.025,,tooth,,ENA,PRJEB20294,ERS1660772,Ancient Single-genome - Host-associated,Homo sapiens,,bacteria,Clostridium tetani,chromosome,raw
Hodgkins2023,2023,10.1038/s41467-023-41174-0,Haunstetten Unterer Talweg 85,48.318,10.891,Germany,,,,Augsburg-Tooth,4200,10.1016/j.cub.2017.10.025,,tooth,,ENA,PRJEB19335,ERS1892067,Ancient Single-genome - Host-associated,Homo sapiens,,bacteria,Clostridium tetani,chromosome,raw
Hodgkins2023,2023,10.1038/s41467-023-41174-0,Tenerife,28.291,-16.629,Spain,,,,Tenerife-011-Tooth,1200,10.1016/j.cub.2017.09.059,,tooth,,ENA,PRJEB86458,ERS1906197,Ancient Single-genome - Host-associated,Homo sapiens,,bacteria,Clostridium tetani,chromosome,raw
Hodgkins2023,2023,10.1038/s41467-023-41174-0,Tenerife,28.291,-16.629,Spain,,,,Tenerife-004-Tooth,1200,10.1016/j.cub.2017.09.059,,tooth,,ENA,PRJEB86458,ERS1906198,Ancient Single-genome - Host-associated,Homo sapiens,,bacteria,Clostridium tetani,chromosome,raw
Hodgkins2023,2023,10.1038/s41467-023-41174-0,Gran Canaria,27.92,-15.547,Spain,,,,GranCanaria-005-Tooth,1000,10.1016/j.cub.2017.09.059,,tooth,,ENA,PRJEB86458,ERS1906199,Ancient Single-genome - Host-associated,Homo sapiens,,bacteria,Clostridium tetani,chromosome,raw
Hodgkins2023,2023,10.1038/s41467-023-41174-0,Gran Canaria,27.92,-15.547,Spain,,,,GranCanaria-008-Tooth,1000,10.1016/j.cub.2017.09.059,,tooth,,ENA,PRJEB86458,ERS1906202,Ancient Single-genome - Host-associated,Homo sapiens,,bacteria,Clostridium tetani,chromosome,raw
Hodgkins2023,2023,10.1038/s41467-023-41174-0,Tenerife,28.291,-16.629,Spain,,,,Tenerife-012-Tooth,1300,10.1016/j.cub.2017.09.059,,tooth,,ENA,PRJEB86458,ERS1906203,Ancient Single-genome - Host-associated,Homo sapiens,,bacteria,Clostridium tetani,chromosome,raw
Hodgkins2023,2023,10.1038/s41467-023-41174-0,Tenerife,28.291,-16.629,Spain,,,,Tenerife-013-Tooth,1300,10.1016/j.cub.2017.09.059,,tooth,,ENA,PRJEB86458,ERS1906204,Ancient Single-genome - Host-associated,Homo sapiens,,bacteria,Clostridium tetani,chromosome,raw
Hodgkins2023,2023,10.1038/s41467-023-41174-0,"Teposcolula-Yucundaa; Mixteca Alta region, Oaxaca",17.502,-97.467,Mexico,,,,Tepos_35-Tooth,400,10.1038/s41559-017-0446-6,,tooth,,ENA,PRJEB23438,ERS2020227,Ancient Single-genome - Host-associated,Homo sapiens,,bacteria,Clostridium tetani,chromosome,raw
Hodgkins2023,2023,10.1038/s41467-023-41174-0,Cueva de los Lagos,41.962,-1.993,Spain,,,,Cueva_de_los_Lagos-Tooth,4000,10.1073/pnas.1717762115,,tooth,,ENA,PRJEB23467,ERS2059523,Ancient Single-genome - Host-associated,Homo sapiens,,bacteria,Clostridium tetani,chromosome,raw
Hodgkins2023,2023,10.1038/s41467-023-41174-0,Yámana,54.933,-67.616,Chile,,,,Yámana-Tooth,800,10.1186/s40168-016-0221-y,,tooth,,ENA,PRJEB24629,ERS2160137,Ancient Single-genome - Host-associated,Homo sapiens,,bacteria,Clostridium tetani,chromosome,raw
Hodgkins2023,2023,10.1038/s41467-023-41174-0,l’Observance in Marseille,43.296,5.369,France,,,,Marseille-Tooth,200,10.7554/eLife.12994,,tooth,,ENA,PRJEB12163,ERS1020860,Ancient Single-genome - Host-associated,Homo sapiens,,bacteria,Clostridium tetani,chromosome,raw
Hodgkins2023,2023,10.1038/s41467-023-41174-0,"Saints Màrtirs Just i Pastor, Barcelona",41.387,2.168,Spain,,,,Barcelona-3031-Tooth,1400,10.1016/j.chom.2016.05.012,,tooth,,ENA,PRJEB13664,ERS1124787,Ancient Single-genome - Host-associated,Homo sapiens,,bacteria,Clostridium tetani,chromosome,raw
Hodgkins2023,2023,10.1038/s41467-023-41174-0,Saint-Laurent-de-la-Cabrerisse,43.084,2.7,France,,,,SLC-France-Tooth,1300,10.1073/pnas.1812865115,,tooth,,ENA,PRJEB24499,ERS2865271,Ancient Single-genome - Host-associated,Homo sapiens,,bacteria,Clostridium tetani,chromosome,raw
Hodgkins2023,2023,10.1038/s41467-023-41174-0,"Karlova, Tartu",58.371,26.732,Estonia,,,,Karolva-Tooth,4200,10.1098/rspb.2019.1528,,tooth,,ENA,PRJEB32786,ERS3568107,Ancient Single-genome - Host-associated,Homo sapiens,,bacteria,Clostridium tetani,chromosome,raw
Hodgkins2023,2023,10.1038/s41467-023-41174-0,"Abusir el-Meleq, Middle Egypt",29.9,31.2,Egypt,,,,Abusir1655-Tooth,3100,10.1038/ncomms15694,,tooth,,ENA,PRJEB33848,ERS3635957,Ancient Single-genome - Host-associated,Homo sapiens,,bacteria,Clostridium tetani,chromosome,raw
Hodgkins2023,2023,10.1038/s41467-023-41174-0,"Abusir el-Meleq, Middle Egypt",29.9,31.2,Egypt,,,,Abusir1595-Tooth,2900,10.1038/ncomms15694,,tooth,,ENA,PRJEB33848,ERS3635963,Ancient Single-genome - Host-associated,Homo sapiens,,bacteria,Clostridium tetani,chromosome,raw
Hodgkins2023,2023,10.1038/s41467-023-41174-0,"Abusir el-Meleq, Middle Egypt",29.9,31.2,Egypt,,,,Abusir1668-Tooth,2200,10.1038/ncomms15694,,tooth,,ENA,PRJEB33848,"ERS3635986,ERS3636003",Ancient Single-genome - Host-associated,Homo sapiens,,bacteria,Clostridium tetani,chromosome,raw
Hodgkins2023,2023,10.1038/s41467-023-41174-0,"Abusir el-Meleq, Middle Egypt",29.9,31.2,Egypt,,,,Abusir1671-Tooth,2100,10.1038/ncomms15694,,tooth,,ENA,PRJEB33848,ERS3636004,Ancient Single-genome - Host-associated,Homo sapiens,,bacteria,Clostridium tetani,chromosome,raw
Hodgkins2023,2023,10.1038/s41467-023-41174-0,"Abusir el-Meleq, Middle Egypt",29.9,31.2,Egypt,,,,Abusir1607-Tooth,1900,10.1186/s12915-020-00839-8,,tooth,,ENA,PRJEB33848,ERS3636032,Ancient Single-genome - Host-associated,Homo sapiens,,bacteria,Clostridium tetani,chromosome,raw
Hodgkins2023,2023,10.1038/s41467-023-41174-0,"Dacaozi site, Pingan county, Qinghai province",36.5,102.108,China,,,,Dacaozi-Tooth,1900,10.1371/journal.pone.0060307,,tooth,,ENA,PRJEB36297,ERS4255307,Ancient Single-genome - Host-associated,Homo sapiens,,bacteria,Clostridium tetani,chromosome,raw
Hodgkins2023,2023,10.1038/s41467-023-41174-0,Riga,56.95,24.121,Latvia,,,,Riga_Cemetery-Tooth,300,10.1038/s41598-020-71530-9,,tooth,,ENA,PRJEB36413,ERS4266549,Ancient Single-genome - Host-associated,Homo sapiens,,bacteria,Clostridium tetani,chromosome,raw
Hodgkins2023,2023,10.1038/s41467-023-41174-0,Chincha,-13.476,-76.016,Peru,,,,Chincha-UC12-12-Tooth,400,10.1073/pnas.2005965117,,tooth,,ENA,PRJEB37726,ERS4421181,Ancient Single-genome - Host-associated,Homo sapiens,,bacteria,Clostridium tetani,chromosome,raw
Hodgkins2023,2023,10.1038/s41467-023-41174-0,Chincha,-13.476,-76.016,Peru,,,,Chincha-UC12-24-Tooth,400,10.1073/pnas.2005965117,,tooth,,ENA,PRJEB37726,ERS4421183,Ancient Single-genome - Host-associated,Homo sapiens,,bacteria,Clostridium tetani,chromosome,raw
Hodgkins2023,2023,10.1038/s41467-023-41174-0,Chincha,-13.477,-76.025,Peru,,,,Chincha-UC8-8168-Tooth,300,10.1073/pnas.2005965117,,tooth,,ENA,PRJEB37726,ERS4421185,Ancient Single-genome - Host-associated,Homo sapiens,,bacteria,Clostridium tetani,chromosome,raw
Hodgkins2023,2023,10.1038/s41467-023-41174-0,"Pueblo Bonito, New Mexico",36.06,-107.961,USA,,,,Pueblo_Bonito-Tooth,900,10.1371/journal.pone.0060307,,tooth,,SRA,PRJNA353635,SRS1853899,Ancient Single-genome - Host-associated,Homo sapiens,,bacteria,Clostridium tetani,chromosome,raw
Hodgkins2023,2023,10.1038/s41467-023-41174-0,"Gniezno, Wielkopolska",52.54,17.59,Poland,,,,Gniezno-Tooth,1000,10.1093/gigascience/gix044,,tooth,,SRA,PRJNA354503,SRS1815300,Ancient Single-genome - Host-associated,Homo sapiens,,bacteria,Clostridium tetani,chromosome,raw
Hodgkins2023,2023,10.1038/s41467-023-41174-0,Punta Candelero,18.091,-65.789,Puerto Rico,,,,Punta_Candelero-Tooth,1100,10.1093/molbev/msz267,,tooth,,SRA,PRJNA557308,SRS5212084,Ancient Single-genome - Host-associated,Homo sapiens,,bacteria,Clostridium tetani,chromosome,raw
Jackson2024,2024,10.1093/molbev/msae017,Killuragh,52.6,-8.33,Ireland,,,,KGH2-F,3800,10.1093/molbev/msae017,,tooth,,ENA,PRJEB64128,ERS15977755,Ancient Single-genome - Host-associated,Homo sapiens,,bacteria,Tannerella forsythia,chromosome,"raw,reference_aligned"
Jackson2024,2024,10.1093/molbev/msae017,Killuragh,52.6,-8.33,Ireland,,,,KGH2-B,3800,10.1093/molbev/msae017,,tooth,,ENA,PRJEB64128,ERS15977754,Ancient Single-genome - Host-associated,Homo sapiens,,bacteria,Streptococcus mutans,chromosome,"raw,reference_aligned"
Jackson2024,2024,10.1093/molbev/msae017,Killuragh,52.6,-8.33,Ireland,,,,KGH1-E,3800,10.1093/molbev/msae017,,tooth,,ENA,PRJEB64128,ERS15977753,Ancient Single-genome - Host-associated,Homo sapiens,,bacteria,Tannerella forsythia,chromosome,"raw,reference_aligned"
Urban2024,2024,10.1016/j.cub.2024.04.006,"St. Mary Magdalene leprosarium, Winchester",51.059,-1.308,United Kingdom,,,,MMW_H50_1,600,10.1016/j.cub.2024.04.006,,tooth,,SRA,PRJNA1021938,SRS20486703,Ancient Single-genome - Host-associated,Homo sapiens,,bacteria,Mycobacterium leprae,chromosome,raw
Urban2024,2024,10.1016/j.cub.2024.04.006,"St. Mary Magdalene leprosarium, Winchester",51.059,-1.308,United Kingdom,,,,MMW_H80_1,900,10.1016/j.cub.2024.04.006,,tooth,,SRA,PRJNA1021938,SRS20486681,Ancient Single-genome - Host-associated,Homo sapiens,,bacteria,Mycobacterium leprae,chromosome,raw
Urban2024,2024,10.1016/j.cub.2024.04.006,"St. Mary Magdalene leprosarium, Winchester",51.059,-1.308,United Kingdom,,,,MMW_H94_1,700,10.1016/j.cub.2024.04.006,,tooth,,SRA,PRJNA1021938,SRS20486688,Ancient Single-genome - Host-associated,Homo sapiens,,bacteria,Mycobacterium leprae,chromosome,raw
Sun2024,2024,10.1038/s41467-024-47358-6,Tsagaan Del,45.79,112.96,Mongolia,,,,MY19,700,10.1038/s41467-024-47358-6,,tooth,,GSA,PRJCA020853,SAMC3135917,Ancient Single-genome - Host-associated,Homo sapiens,,virus,Hepatitis B virus,chromosome,reference_aligned
Sun2024,2024,10.1038/s41467-024-47358-6,XiHe,39.07,115.93,China,,,,XHM12,2400,10.1038/s41467-024-47358-6,,tooth,,GSA,PRJCA020853,SAMC3135918,Ancient Single-genome - Host-associated,Homo sapiens,,virus,Hepatitis B virus,chromosome,reference_aligned
Sun2024,2024,10.1038/s41467-024-47358-6,XiHe,39.07,115.93,China,,,,XHM16,2400,10.1038/s41467-024-47358-6,,tooth,,GSA,PRJCA020853,SAMC3135919,Ancient Single-genome - Host-associated,Homo sapiens,,virus,Hepatitis B virus,chromosome,reference_aligned
Sun2024,2024,10.1038/s41467-024-47358-6,XiHe,39.07,115.93,China,,,,XHM18,2400,10.1038/s41467-024-47358-6,,tooth,,GSA,PRJCA020853,SAMC3135920,Ancient Single-genome - Host-associated,Homo sapiens,,virus,Hepatitis B virus,chromosome,reference_aligned
Sun2024,2024,10.1038/s41467-024-47358-6,XiHe,39.07,115.93,China,,,,XHM23,2400,10.1038/s41467-024-47358-6,,tooth,,GSA,PRJCA020853,SAMC3135921,Ancient Single-genome - Host-associated,Homo sapiens,,virus,Hepatitis B virus,chromosome,reference_aligned
Sun2024,2024,10.1038/s41467-024-47358-6,XiHe,39.07,115.93,China,,,,XHM31,2400,10.1038/s41467-024-47358-6,,tooth,,GSA,PRJCA020853,SAMC3135922,Ancient Single-genome - Host-associated,Homo sapiens,,virus,Hepatitis B virus,chromosome,reference_aligned
Sun2024,2024,10.1038/s41467-024-47358-6,NanYang,39.07,115.93,China,,,,NYM8,2400,10.1038/s41467-024-47358-6,,tooth,,GSA,PRJCA020853,SAMC3135923,Ancient Single-genome - Host-associated,Homo sapiens,,virus,Hepatitis B virus,chromosome,reference_aligned
Sun2024,2024,10.1038/s41467-024-47358-6,Bayanbulag,42.37,105.21,Mongolia,,,,AT7,2200,10.1038/s41467-024-47358-6,,tooth,,GSA,PRJCA020853,SAMC3135924,Ancient Single-genome - Host-associated,Homo sapiens,,virus,Hepatitis B virus,chromosome,reference_aligned
Sun2024,2024,10.1038/s41467-024-47358-6,Bayanbulag,42.37,105.21,Mongolia,,,,AT19,2200,10.1038/s41467-024-47358-6,,tooth,,GSA,PRJCA020853,SAMC3135925,Ancient Single-genome - Host-associated,Homo sapiens,,virus,Hepatitis B virus,chromosome,reference_aligned
Sun2024,2024,10.1038/s41467-024-47358-6,Bayanbulag,42.37,105.21,Mongolia,,,,AT24,2200,10.1038/s41467-024-47358-6,,tooth,,GSA,PRJCA020853,SAMC3135926,Ancient Single-genome - Host-associated,Homo sapiens,,virus,Hepatitis B virus,chromosome,reference_aligned
Sun2024,2024,10.1038/s41467-024-47358-6,TaoJiaZhai,36.9,101.66,China,,,,TJZM25-2,1765,10.1038/s41467-024-47358-6,,tooth,,GSA,PRJCA020853,SAMC3135927,Ancient Single-genome - Host-associated,Homo sapiens,,virus,Hepatitis B virus,chromosome,reference_aligned
Sun2024,2024,10.1038/s41467-024-47358-6,Derestuj,50.6,106.12,Russia,,,,XN12,2100,10.1038/s41467-024-47358-6,,tooth,,GSA,PRJCA020853,SAMC3135929,Ancient Single-genome - Host-associated,Homo sapiens,,virus,Hepatitis B virus,chromosome,reference_aligned
Sun2024,2024,10.1038/s41467-024-47358-6,XingFuLinDai,34.35,108.95,China,,,,XFLDM173,800,10.1038/s41467-024-47358-6,,tooth,,GSA,PRJCA020853,SAMC3135930,Ancient Single-genome - Host-associated,Homo sapiens,,virus,Hepatitis B virus,chromosome,reference_aligned
Sun2024,2024,10.1038/s41467-024-47358-6,LongTouShan,43.07,118.48,China,,,,91KLH18,2700,10.1038/s41467-020-16557-2,,tooth,,GSA,PRJCA020853,SAMC3135931,Ancient Single-genome - Host-associated,Homo sapiens,,virus,Hepatitis B virus,chromosome,reference_aligned
Sun2024,2024,10.1038/s41467-024-47358-6,FuLuTa,39.97,111.53,China,,,,FLTM18,2100,10.1038/s41467-024-47358-6,,tooth,,GSA,PRJCA020853,SAMC3135932,Ancient Single-genome - Host-associated,Homo sapiens,,virus,Hepatitis B virus,chromosome,reference_aligned
Sun2024,2024,10.1038/s41467-024-47358-6,FuLuTa,39.97,111.53,China,,,,FLTM48,2100,10.1038/s41467-024-47358-6,,tooth,,GSA,PRJCA020853,SAMC3135933,Ancient Single-genome - Host-associated,Homo sapiens,,virus,Hepatitis B virus,chromosome,reference_aligned
Sun2024,2024,10.1038/s41467-024-47358-6,FuLuTa,39.97,111.53,China,,,,FLTM97,2100,10.1038/s41467-024-47358-6,,tooth,,GSA,PRJCA020853,SAMC3135934,Ancient Single-genome - Host-associated,Homo sapiens,,virus,Hepatitis B virus,chromosome,reference_aligned
Sun2024,2024,10.1038/s41467-024-47358-6,FuLuTa,39.97,111.53,China,,,,FLTM101,2200,10.1038/s41467-024-47358-6,,tooth,,GSA,PRJCA020853,SAMC3135935,Ancient Single-genome - Host-associated,Homo sapiens,,virus,Hepatitis B virus,chromosome,reference_aligned
Sun2024,2024,10.1038/s41467-024-47358-6,NiuHeLiang,41.25,119.41,China,,,,96NVZIM6,5000,10.1038/s41467-024-47358-6,,tooth,,GSA,PRJCA020853,SAMC3135946,Ancient Single-genome - Host-associated,Homo sapiens,,virus,Hepatitis B virus,chromosome,reference_aligned
Sun2024,2024,10.1038/s41467-024-47358-6,HengShui,35.5,111.58,China,,,,JHM2098,2500,10.1038/s41467-024-47358-6,,tooth,,GSA,PRJCA020853,SAMC3135947,Ancient Single-genome - Host-associated,Homo sapiens,,virus,Hepatitis B virus,chromosome,reference_aligned
Sun2024,2024,10.1038/s41467-024-47358-6,TianTaiJie,37.88,112.57,China,,,,SBSM101,1500,10.1038/s41467-024-47358-6,,tooth,,GSA,PRJCA020853,SAMC3135948,Ancient Single-genome - Host-associated,Homo sapiens,,virus,Hepatitis B virus,chromosome,reference_aligned
Sun2024,2024,10.1038/s41467-024-47358-6,HongHe,47.12,123.61,China,,,,HHM29,400,10.1038/s41467-024-47358-6,,tooth,,GSA,PRJCA020853,SAMC3135949,Ancient Single-genome - Host-associated,Homo sapiens,,virus,Hepatitis B virus,chromosome,reference_aligned
Sun2024,2024,10.1038/s41467-024-47358-6,JiangJiaLiang,40.13,114.02,China,,,,98JJLM9,4100,10.1038/s41467-024-47358-6,,tooth,,GSA,PRJCA020853,SAMC3135936,Ancient Single-genome - Host-associated,Homo sapiens,,virus,Hepatitis B virus,chromosome,reference_aligned
Sun2024,2024,10.1038/s41467-024-47358-6,JiangJiaLiang,40.13,114.02,China,,,,95JJLM34,4100,10.1038/s41467-024-47358-6,,tooth,,GSA,PRJCA020853,SAMC3135937,Ancient Single-genome - Host-associated,Homo sapiens,,virus,Hepatitis B virus,chromosome,reference_aligned
Sun2024,2024,10.1038/s41467-024-47358-6,JiangJiaLiang,40.13,114.02,China,,,,95JJLM51,4100,10.1038/s41467-024-47358-6,,tooth,,GSA,PRJCA020853,SAMC3135938,Ancient Single-genome - Host-associated,Homo sapiens,,virus,Hepatitis B virus,chromosome,reference_aligned
Sun2024,2024,10.1038/s41467-024-47358-6,Tsagaan Del,45.79,112.96,Mongolia,,,,MY12,700,10.1038/s41467-024-47358-6,,tooth,,GSA,PRJCA020853,SAMC3135939,Ancient Single-genome - Host-associated,Homo sapiens,,virus,Hepatitis B virus,chromosome,reference_aligned
Sun2024,2024,10.1038/s41467-024-47358-6,Tsagaan Del,45.79,112.96,Mongolia,,,,MY17,700,10.1038/s41467-024-47358-6,,tooth,,GSA,PRJCA020853,SAMC3135940,Ancient Single-genome - Host-associated,Homo sapiens,,virus,Hepatitis B virus,chromosome,reference_aligned
Sun2024,2024,10.1038/s41467-024-47358-6,QiLangShan,41.06,113.01,China,,,,ZQM16,1600,10.1038/s41467-024-47358-6,,tooth,,GSA,PRJCA020853,SAMC3135941,Ancient Single-genome - Host-associated,Homo sapiens,,virus,Hepatitis B virus,chromosome,reference_aligned
Sun2024,2024,10.1038/s41467-024-47358-6,QuanErGou,43.65,92.16,China,,,,XBQM20,2900,10.1038/s41467-024-47358-6,,tooth,,GSA,PRJCA020853,SAMC3135942,Ancient Single-genome - Host-associated,Homo sapiens,,virus,Hepatitis B virus,chromosome,reference_aligned
Sun2024,2024,10.1038/s41467-024-47358-6,QuanErGou,43.65,92.16,China,,,,XBQM46,2900,10.1038/s41467-024-47358-6,,tooth,,GSA,PRJCA020853,SAMC3135943,Ancient Single-genome - Host-associated,Homo sapiens,,virus,Hepatitis B virus,chromosome,reference_aligned
Sun2024,2024,10.1038/s41467-024-47358-6,BeiFang,37.13,81.61,China,,,,11KBM13,3400,10.1038/s41467-024-47358-6,,tooth,,GSA,PRJCA020853,SAMC3135945,Ancient Single-genome - Host-associated,Homo sapiens,,virus,Hepatitis B virus,chromosome,reference_aligned
White2021,2021,10.3390/biology10121324,Kuygenzhar,51.103,71.72,Kazakhstan,,,,B2_B3,200,10.3390/biology10121324,,tooth,,ENA,PRJEB49091,ERS9769380,Ancient Single-genome - Host-associated,Homo sapiens,,bacteria,Tannerella forsythia,chromosome,raw
White2021,2021,10.3390/biology10121324,Kuygenzhar,51.103,71.72,Kazakhstan,,,,B2_B5,200,10.3390/biology10121324,,tooth,,ENA,PRJEB49091,ERS9769381,Ancient Single-genome - Host-associated,Homo sapiens,,bacteria,Tannerella forsythia,chromosome,raw
White2021,2021,10.3390/biology10121324,Kuygenzhar,51.103,71.72,Kazakhstan,,,,B2_B6,200,10.3390/biology10121324,,tooth,,ENA,PRJEB49091,ERS9769382,Ancient Single-genome - Host-associated,Homo sapiens,,bacteria,Tannerella forsythia,chromosome,raw
White2021,2021,10.3390/biology10121324,Kuygenzhar,51.103,71.72,Kazakhstan,,,,B2_B7,200,10.3390/biology10121324,,tooth,,ENA,PRJEB49091,ERS9769383,Ancient Single-genome - Host-associated,Homo sapiens,,bacteria,Tannerella forsythia,chromosome,raw
White2021,2021,10.3390/biology10121324,Kuygenzhar,51.103,71.72,Kazakhstan,,,,B2_B3,200,10.3390/biology10121324,,tooth,,ENA,PRJEB49091,ERS9769380,Ancient Single-genome - Host-associated,Homo sapiens,,bacteria,Treponema denticola,chromosome,raw
White2021,2021,10.3390/biology10121324,Kuygenzhar,51.103,71.72,Kazakhstan,,,,B2_B5,200,10.3390/biology10121324,,tooth,,ENA,PRJEB49091,ERS9769381,Ancient Single-genome - Host-associated,Homo sapiens,,bacteria,Treponema denticola,chromosome,raw
White2021,2021,10.3390/biology10121324,Kuygenzhar,51.103,71.72,Kazakhstan,,,,B2_B6,200,10.3390/biology10121324,,tooth,,ENA,PRJEB49091,ERS9769382,Ancient Single-genome - Host-associated,Homo sapiens,,bacteria,Treponema denticola,chromosome,raw
White2021,2021,10.3390/biology10121324,Kuygenzhar,51.103,71.72,Kazakhstan,,,,B2_B7,200,10.3390/biology10121324,,tooth,,ENA,PRJEB49091,ERS9769383,Ancient Single-genome - Host-associated,Homo sapiens,,bacteria,Treponema denticola,chromosome,raw
White2021,2021,10.3390/biology10121324,Kuygenzhar,51.103,71.72,Kazakhstan,,,,B2_B3,200,10.3390/biology10121324,,tooth,,ENA,PRJEB49091,ERS9769380,Ancient Single-genome - Host-associated,Homo sapiens,,bacteria,Porphyromonas gingivalis,chromosome,raw
White2021,2021,10.3390/biology10121324,Kuygenzhar,51.103,71.72,Kazakhstan,,,,B2_B5,200,10.3390/biology10121324,,tooth,,ENA,PRJEB49091,ERS9769381,Ancient Single-genome - Host-associated,Homo sapiens,,bacteria,Porphyromonas gingivalis,chromosome,raw
White2021,2021,10.3390/biology10121324,Kuygenzhar,51.103,71.72,Kazakhstan,,,,B2_B6,200,10.3390/biology10121324,,tooth,,ENA,PRJEB49091,ERS9769382,Ancient Single-genome - Host-associated,Homo sapiens,,bacteria,Porphyromonas gingivalis,chromosome,raw
White2021,2021,10.3390/biology10121324,Kuygenzhar,51.103,71.72,Kazakhstan,,,,B2_B7,200,10.3390/biology10121324,,tooth,,ENA,PRJEB49091,ERS9769383,Ancient Single-genome - Host-associated,Homo sapiens,,bacteria,Porphyromonas gingivalis,chromosome,raw
Susat2024,2024,10.1038/s42003-024-06676-7,Warburg,51.488,9.133,Germany,,,,Warburg_1,5200,10.1038/s42003-024-06676-7,,tooth,,ENA,PRJEB49648,ERS19529513,Ancient Single-genome - Host-associated,Homo sapiens,,bacteria,Yersinia pestis,chromosome,raw
Susat2024,2024,10.1038/s42003-024-06676-7,Warburg,51.488,9.133,Germany,,,,Warburg_2,5100,10.1038/s42003-024-06676-7,,tooth,,ENA,PRJEB49648,ERS19529514,Ancient Single-genome - Host-associated,Homo sapiens,,bacteria,Yersinia pestis,chromosome,raw
PlaDiaz2025,2025,10.1186/s12915-024-02108-4,"Ostrów Tumski, Wroclaw",51.114,17.047,Poland,,,,W86,300,10.1186/s12915-024-02108-4,,tooth,,ENA,PRJEB62102,ERS15424082,Ancient Single-genome - Host-associated,Homo sapiens,,bacteria,Treponema pallidum,chromosome,raw
Seersholm2024,2024,10.1038/s41586-024-07651-2,Fralsegarden,58.164,13.455,Sweden,,,,FRA003,4900,10.1038/s41586-024-07651-2,,tooth,,ENA,PRJEB76142,ERS19458718,Ancient Single-genome - Host-associated,Homo sapiens,,bacteria,Yersinia pestis,chromosome,raw
Seersholm2024,2024,10.1038/s41586-024-07651-2,Fralsegarden,58.164,13.455,Sweden,,,,FRA005,5000,10.1038/s41586-024-07651-2,,tooth,,ENA,PRJEB76142,ERS19458633,Ancient Single-genome - Host-associated,Homo sapiens,,bacteria,Yersinia pestis,chromosome,raw
Seersholm2024,2024,10.1038/s41586-024-07651-2,Fralsegarden,58.164,13.455,Sweden,,,,FRA006,5000,10.1038/s41586-024-07651-2,,tooth,,ENA,PRJEB76142,ERS19458712,Ancient Single-genome - Host-associated,Homo sapiens,,bacteria,Yersinia pestis,chromosome,raw
Seersholm2024,2024,10.1038/s41586-024-07651-2,Fralsegarden,58.164,13.455,Sweden,,,,FRA013,5000,10.1038/s41586-024-07651-2,,tooth,,ENA,PRJEB76142,ERS19458642,Ancient Single-genome - Host-associated,Homo sapiens,,bacteria,Yersinia pestis,chromosome,raw
Seersholm2024,2024,10.1038/s41586-024-07651-2,Fralsegarden,58.164,13.455,Sweden,,,,FRA020,4900,10.1038/s41586-024-07651-2,,tooth,,ENA,PRJEB76142,ERS19458639,Ancient Single-genome - Host-associated,Homo sapiens,,bacteria,Yersinia pestis,chromosome,raw
Seersholm2024,2024,10.1038/s41586-024-07651-2,Fralsegarden,58.164,13.455,Sweden,,,,FRA042,5000,10.1038/s41586-024-07651-2,,tooth,,ENA,PRJEB76142,ERS19458622,Ancient Single-genome - Host-associated,Homo sapiens,,bacteria,Yersinia pestis,chromosome,raw
Seersholm2024,2024,10.1038/s41586-024-07651-2,Fralsegarden,58.164,13.455,Sweden,,,,FRA102,4700,10.1038/s41586-024-07651-2,,tooth,,ENA,PRJEB76142,ERS19458643,Ancient Single-genome - Host-associated,Homo sapiens,,bacteria,Yersinia pestis,chromosome,raw
Seersholm2024,2024,10.1038/s41586-024-07651-2,Fralsegarden,58.164,13.455,Sweden,,,,FRA106,5000,10.1038/s41586-024-07651-2,,tooth,,ENA,PRJEB76142,ERS19458626,Ancient Single-genome - Host-associated,Homo sapiens,,bacteria,Yersinia pestis,chromosome,raw
Seersholm2024,2024,10.1038/s41586-024-07651-2,Hjelmars ror,58.17,13.578,Sweden,,,,HJE002,5200,10.1038/s41586-024-07651-2,,tooth,,ENA,PRJEB76142,ERS19458667,Ancient Single-genome - Host-associated,Homo sapiens,,bacteria,Yersinia pestis,chromosome,raw
Seersholm2024,2024,10.1038/s41586-024-07651-2,Hjelmars ror,58.17,13.578,Sweden,,,,HJE003,4900,10.1038/s41586-024-07651-2,,tooth,,ENA,PRJEB76142,ERS19458668,Ancient Single-genome - Host-associated,Homo sapiens,,bacteria,Yersinia pestis,chromosome,raw
Seersholm2024,2024,10.1038/s41586-024-07651-2,Hunnebostrand,58.438,11.301,Sweden,,,,HUN002,5300,10.1038/s41586-024-07651-2,,tooth,,ENA,PRJEB76142,ERS19458704,Ancient Single-genome - Host-associated,Homo sapiens,,bacteria,Yersinia pestis,chromosome,raw
Seersholm2024,2024,10.1038/s41586-024-07651-2,Rossberga,58.23,13.606,Sweden,,,,ROS029,5200,10.1038/s41586-024-07651-2,,tooth,,ENA,PRJEB76142,ERS19458741,Ancient Single-genome - Host-associated,Homo sapiens,,bacteria,Yersinia pestis,chromosome,raw
Seersholm2024,2024,10.1038/s41586-024-07651-2,Landbogarden,58.178,13.434,Sweden,,,,CGG106001,4900,10.1038/s41586-024-07651-2,,tooth,,ENA,PRJEB76142,ERS19458685,Ancient Single-genome - Host-associated,Homo sapiens,,bacteria,Yersinia pestis,chromosome,raw
Seersholm2024,2024,10.1038/s41586-024-07651-2,"Avlebjerg, Stroby",55.383,12.282,Denmark,,,,AVL001,5200,10.1038/s41586-024-07651-2,,tooth,,ENA,PRJEB76142,ERS19458623,Ancient Single-genome - Host-associated,Homo sapiens,,bacteria,Yersinia pestis,chromosome,raw
RodriguezVarela2024,2024,10.1126/sciadv.adp8625,Las Gobas,42.675,-2.627,Spain,,,,ldo052,1200,10.1126/sciadv.adp8625,,tooth,,ENA,PRJEB72246,ERS20844405,Ancient Single-genome - Host-associated,Homo sapiens,,bacteria,Streptococcus pneumoniae,chromosome,raw
RodriguezVarela2024,2024,10.1126/sciadv.adp8625,Las Gobas,42.675,-2.627,Spain,,,,ldo054,1200,10.1126/sciadv.adp8625,,tooth,,ENA,PRJEB72246,ERS20844406,Ancient Single-genome - Host-associated,Homo sapiens,,bacteria,Streptococcus pneumoniae,chromosome,raw
RodriguezVarela2024,2024,10.1126/sciadv.adp8625,Las Gobas,42.675,-2.627,Spain,,,,ldo060,1200,10.1126/sciadv.adp8625,,tooth,,ENA,PRJEB72246,ERS20844413,Ancient Single-genome - Host-associated,Homo sapiens,,bacteria,Erysipelothrix rhusiopathiae,chromosome,raw
RodriguezVarela2024,2024,10.1126/sciadv.adp8625,Las Gobas,42.675,-2.627,Spain,,,,ldo050,1200,10.1126/sciadv.adp8625,,tooth,,ENA,PRJEB72246,ERS20844404,Ancient Single-genome - Host-associated,Homo sapiens,,bacteria,Erysipelothrix rhusiopathiae,chromosome,raw
RodriguezVarela2024,2024,10.1126/sciadv.adp8625,Las Gobas,42.675,-2.627,Spain,,,,ldo042,1200,10.1126/sciadv.adp8625,,tooth,,ENA,PRJEB72246,ERS20844396,Ancient Single-genome - Host-associated,Homo sapiens,,bacteria,Yersinia enterocolitica,chromosome,raw
RodriguezVarela2024,2024,10.1126/sciadv.adp8625,Las Gobas,42.675,-2.627,Spain,,,,ldo049,1000,10.1126/sciadv.adp8625,,tooth,,ENA,PRJEB72246,ERS20844403,Ancient Single-genome - Host-associated,Homo sapiens,,virus,Variola virus,chromosome,raw
LlanosLizcano2025,2025,10.1038/s41598-024-85038-z,"Porta Marina Necropolis, Velia",40.158,15.159,Italy,,,,Velia186,1800,10.1016/j.cub.2016.10.016,,tooth,,ENA,PRJEB72667,ERS22854597,Ancient Single-genome - Host-associated,Homo sapiens,,eukaryota,Plasmodium falciparum,organelle,raw
Barquera2024,2024,10.1038/s41586-024-08515-5,"Jucusbamba basin, Luya",-8.227,-77.366,Peru,,,,CHA79,700,10.1038/s41586-024-08515-5,,tooth,,ENA,PRJEB62879,ERS16287292,Ancient Single-genome - Host-associated,Homo sapiens,,bacteria,Treponema pallidum,chromosome,raw
Michel2024,2024,10.1038/s41586-024-07546-2,Chokhopani,25.783,83.717,Nepal,,,,CHO001,2700,10.1038/s41586-024-07546-2,,tooth,,ENA,PRJEB73276,ERS18896302,Ancient Single-genome - Host-associated,Homo sapiens,,eukaryota,Plasmodium falciparum,chromosome,raw
Michel2024,2024,10.1038/s41586-024-07546-2,Göttlesbrunn,48.052,16.731,Austria,,,,GOE016,2200,10.1038/s41586-024-07546-2,,tooth,,ENA,PRJEB73276,ERS18896301,Ancient Single-genome - Host-associated,Homo sapiens,,eukaryota,Plasmodium falciparum,chromosome,raw
Michel2024,2024,10.1038/s41586-024-07546-2,Heping Dao B,25.156,121.765,Taiwan,,,,HPD007,300,10.1038/s41586-024-07546-2,,tooth,,ENA,PRJEB73276,ERS18896317,Ancient Single-genome - Host-associated,Homo sapiens,,eukaryota,Plasmodium falciparum,chromosome,raw
Michel2024,2024,10.1038/s41586-024-07546-2,Laguna de los Cóndores,-6.851,-77.696,Peru,,,,LDC020,400,10.1038/s41586-024-07546-2,,tooth,,ENA,PRJEB73276,"ERS18896307,ERS18896328",Ancient Single-genome - Host-associated,Homo sapiens,,eukaryota,Plasmodium vivax,chromosome,raw
Michel2024,2024,10.1038/s41586-024-07546-2,"Bourges, Monin",47.076,2.402,France,,,,MOB025,800,10.1038/s41586-024-07546-2,,tooth,,ENA,PRJEB73276,ERS18896329,Ancient Single-genome - Host-associated,Homo sapiens,,eukaryota,Plasmodium falciparum,chromosome,raw
Michel2024,2024,10.1038/s41586-024-07546-2,Paris Réaumur-Sébastopol,48.866,2.353,France,,,,PRS010,600,10.1038/s41586-024-07546-2,,tooth,,ENA,PRJEB73276,ERS18896330,Ancient Single-genome - Host-associated,Homo sapiens,,eukaryota,Plasmodium falciparum,chromosome,raw
Michel2024,2024,10.1038/s41586-024-07546-2,St. Rombout's,51.029,4.479,Belgium,,,,STR091,400,10.1038/s41586-024-07546-2,,tooth,,ENA,PRJEB73276,ERS18896323,Ancient Single-genome - Host-associated,Homo sapiens,,eukaryota,Plasmodium falciparum,chromosome,raw
Michel2024,2024,10.1038/s41586-024-07546-2,St. Rombout's,51.029,4.479,Belgium,,,,STR025,400,10.1038/s41586-024-07546-2,,tooth,,ENA,PRJEB73276,ERS18896320,Ancient Single-genome - Host-associated,Homo sapiens,,eukaryota,Plasmodium falciparum,chromosome,raw
Michel2024,2024,10.1038/s41586-024-07546-2,St. Rombout's,51.029,4.479,Belgium,,,,STR091,400,10.1038/s41586-024-07546-2,,tooth,,ENA,PRJEB73276,ERS18896323,Ancient Single-genome - Host-associated,Homo sapiens,,eukaryota,Plasmodium malariae,chromosome,raw
Michel2024,2024,10.1038/s41586-024-07546-2,St. Rombout's,51.029,4.479,Belgium,,,,STR025,400,10.1038/s41586-024-07546-2,,tooth,,ENA,PRJEB73276,ERS18896320,Ancient Single-genome - Host-associated,Homo sapiens,,eukaryota,Plasmodium vivax,chromosome,raw
Michel2024,2024,10.1038/s41586-024-07546-2,St. Rombout's,51.029,4.479,Belgium,,,,STR105,200,10.1038/s41586-024-07546-2,,tooth,,ENA,PRJEB73276,ERS18896324,Ancient Single-genome - Host-associated,Homo sapiens,,eukaryota,Plasmodium vivax,chromosome,raw
Michel2024,2024,10.1038/s41586-024-07546-2,St. Rombout's,51.029,4.479,Belgium,,,,STR185,900,10.1038/s41586-024-07546-2,,tooth,,ENA,PRJEB73276,ERS18896304,Ancient Single-genome - Host-associated,Homo sapiens,,eukaryota,Plasmodium vivax,chromosome,raw
Michel2024,2024,10.1038/s41586-024-07546-2,Volosovo,59.447,29.485,Russia,,,,VOS002,800,10.1038/s41586-024-07546-2,,tooth,,ENA,PRJEB73276,ERS18896318,Ancient Single-genome - Host-associated,Homo sapiens,,eukaryota,Plasmodium vivax,chromosome,raw
Michel2024,2024,10.1038/s41586-024-07546-2,Cueva de las Lechuzas,38.63,-0.863,Spain,,,,CLL005,4800,10.1038/s41586-024-07546-2,,tooth,,ENA,PRJEB73276,ERS18896326,Ancient Single-genome - Host-associated,Homo sapiens,,eukaryota,Plasmodium vivax,chromosome,raw
Michel2024,2024,10.1038/s41586-024-07546-2,Gambas - Site 3,46.346,23.722,Romania,,,,GAS004,3700,10.1038/s41586-024-07546-2,,tooth,,ENA,PRJEB73276,ERS18896306,Ancient Single-genome - Host-associated,Homo sapiens,,eukaryota,Plasmodium vivax,chromosome,raw
Michel2024,2024,10.1038/s41586-024-07546-2,Gozquez,40.233,-3.6,Spain,,,,GOZ006,1400,10.1038/s41586-024-07546-2,,tooth,,ENA,PRJEB73276,ERS18896331,Ancient Single-genome - Host-associated,Homo sapiens,,eukaryota,Plasmodium vivax,chromosome,raw
Michel2024,2024,10.1038/s41586-024-07546-2,St. Rombout's,51.029,4.479,Belgium,,,,STR045,400,10.1038/s41586-024-07546-2,,tooth,,ENA,PRJEB73276,ERS18896321,Ancient Single-genome - Host-associated,Homo sapiens,,eukaryota,Plasmodium vivax,chromosome,raw
Michel2024,2024,10.1038/s41586-024-07546-2,St. Rombout's,51.029,4.479,Belgium,,,,STR067,300,10.1038/s41586-024-07546-2,,tooth,,ENA,PRJEB73276,ERS18896322,Ancient Single-genome - Host-associated,Homo sapiens,,eukaryota,Plasmodium vivax,chromosome,raw
Michel2024,2024,10.1038/s41586-024-07546-2,St. Rombout's,51.029,4.479,Belgium,,,,STR129,400,10.1038/s41586-024-07546-2,,tooth,,ENA,PRJEB73276,ERS18896332,Ancient Single-genome - Host-associated,Homo sapiens,,eukaryota,Plasmodium vivax,chromosome,raw
Michel2024,2024,10.1038/s41586-024-07546-2,St. Rombout's,51.029,4.479,Belgium,,,,STR248,800,10.1038/s41586-024-07546-2,,tooth,,ENA,PRJEB73276,ERS18896309,Ancient Single-genome - Host-associated,Homo sapiens,,eukaryota,Plasmodium vivax,chromosome,raw
Michel2024,2024,10.1038/s41586-024-07546-2,Tell Garden (Lungi Tepa),37.897,66.782,Uzbekistan,,,,TGA007,300,10.1038/s41586-024-07546-2,,tooth,,ENA,PRJEB73276,ERS18896310,Ancient Single-genome - Host-associated,Homo sapiens,,eukaryota,Plasmodium vivax,chromosome,raw
Michel2024,2024,10.1038/s41586-024-07546-2,Tell Garden (Lungi Tepa),37.897,66.782,Uzbekistan,,,,TGA012,300,10.1038/s41586-024-07546-2,,tooth,,ENA,PRJEB73276,ERS18896305,Ancient Single-genome - Host-associated,Homo sapiens,,eukaryota,Plasmodium vivax,chromosome,raw
Michel2024,2024,10.1038/s41586-024-07546-2,Voivodeni,46.704,24.627,Romania,,,,VOI007,500,10.1038/s41586-024-07546-2,,tooth,,ENA,PRJEB73276,ERS18896303,Ancient Single-genome - Host-associated,Homo sapiens,,eukaryota,Plasmodium vivax,chromosome,raw
Michel2024,2024,10.1038/s41586-024-07546-2,Castel-Sardo,40.913,8.697,Italy,,,,CSR001,400,10.1038/s41586-024-07546-2,,tooth,,ENA,PRJEB73276,ERS18896333,Ancient Single-genome - Host-associated,Homo sapiens,,eukaryota,Plasmodium falciparum,organelle,raw
Michel2024,2024,10.1038/s41586-024-07546-2,Galleon Beach,17.024,-61.775,Antigua and Barbuda,,,,GBA004,200,10.1038/s41586-024-07546-2,,tooth,,ENA,PRJEB73276,ERS18896297,Ancient Single-genome - Host-associated,Homo sapiens,,eukaryota,Plasmodium falciparum,organelle,raw
Michel2024,2024,10.1038/s41586-024-07546-2,Lippstadt,51.671,8.677,Germany,,,,LIP011,200,10.1038/s41586-024-07546-2,,tooth,,ENA,PRJEB73276,ERS18896308,Ancient Single-genome - Host-associated,Homo sapiens,,eukaryota,Plasmodium falciparum,organelle,raw
Michel2024,2024,10.1038/s41586-024-07546-2,Sosnovaya griva 3,56.165,47.739,Russia,,,,SOS004,300,10.1038/s41586-024-07546-2,,tooth,,ENA,PRJEB73276,ERS18896327,Ancient Single-genome - Host-associated,Homo sapiens,,eukaryota,Plasmodium malariae,organelle,raw
Michel2024,2024,10.1038/s41586-024-07546-2,St. Rombout's,51.029,4.479,Belgium,,,,STR016,100,10.1038/s41586-024-07546-2,,tooth,,ENA,PRJEB73276,ERS18896319,Ancient Single-genome - Host-associated,Homo sapiens,,eukaryota,Plasmodium falciparum,organelle,raw
Michel2024,2024,10.1038/s41586-024-07546-2,St. Rombout's,51.029,4.479,Belgium,,,,STR016,100,10.1038/s41586-024-07546-2,,tooth,,ENA,PRJEB73276,ERS18896319,Ancient Single-genome - Host-associated,Homo sapiens,,eukaryota,Plasmodium malariae,organelle,raw
Michel2024,2024,10.1038/s41586-024-07546-2,St. Rombout's,51.029,4.479,Belgium,,,,STR140,400,10.1038/s41586-024-07546-2,,tooth,,ENA,PRJEB73276,ERS18896325,Ancient Single-genome - Host-associated,Homo sapiens,,eukaryota,Plasmodium malariae,organelle,raw
Ramirez2025,2025,10.1038/s41559-025-02771-y,El Cerrito,-35.68,-71.54,Chile,,,,ECR003,3900,10.1038/s41559-025-02771-y,,tooth,,ENA,PRJEB81970,ERS21392104,Ancient Single-genome - Host-associated,Homo sapiens,,bacteria,Mycobacterium lepromatosis,chromosome,"raw,reference_aligned"
LightMaka2025,2025,10.1016/j.cell.2025.07.029,Arkaim,52.649261,59.571443,Russia,,,,ARK017,3800,10.1016/j.cell.2025.07.029,,tooth,,ENA,PRJEB78495,ERS20763430,Ancient Single-genome - Host-associated,Ovis aries,,bacteria,Yersinia pestis,chromosome,raw
Barbieri2025,2025,10.1016/j.cub.2025.09.047,Vilnius | December 1812 CE,54.7,25.29,Lithuania,,,,YYY087A,150,10.1016/j.crpv.2004.02.003,,tooth,,SRA,PRJNA1188812,SRS23275807,Ancient Single-genome - Host-associated,Homo sapiens,,bacteria,Salmonella enterica,chromosome,raw
Barbieri2025,2025,10.1016/j.cub.2025.09.047,Vilnius | December 1812 CE,54.7,25.29,Lithuania,,,,YYY092B,150,10.1016/j.crpv.2004.02.003,,tooth,,SRA,PRJNA1188812,SRS23275812,Ancient Single-genome - Host-associated,Homo sapiens,,bacteria,Salmonella enterica,chromosome,raw
Barbieri2025,2025,10.1016/j.cub.2025.09.047,Vilnius | December 1812 CE,54.7,25.29,Lithuania,,,,YYY095A,150,10.1016/j.crpv.2004.02.003,,tooth,,SRA,PRJNA1188812,SRS23275816,Ancient Single-genome - Host-associated,Homo sapiens,,bacteria,Salmonella enterica,chromosome,raw
Barbieri2025,2025,10.1016/j.cub.2025.09.047,Vilnius | December 1812 CE,54.7,25.29,Lithuania,,,,YYY097B,150,10.1016/j.crpv.2004.02.003,,tooth,,SRA,PRJNA1188812,SRS23275817,Ancient Single-genome - Host-associated,Homo sapiens,,bacteria,Salmonella enterica,chromosome,raw
Barbieri2025,2025,10.1016/j.cub.2025.09.047,Vilnius | December 1812 CE,54.7,25.29,Lithuania,,,,YYY093A,150,10.1016/j.crpv.2004.02.003,,tooth,,SRA,PRJNA1188812,SRS23275813,Ancient Single-genome - Host-associated,Homo sapiens,,bacteria,Borrelia recurrentis,chromosome,raw
Barbieri2025,2025,10.1016/j.cub.2025.09.047,Vilnius | December 1812 CE,54.7,25.29,Lithuania,,,,YYY092B,150,10.1016/j.crpv.2004.02.003,,tooth,,SRA,PRJNA1188812,SRS23275812,Ancient Single-genome - Host-associated,Homo sapiens,,bacteria,Borrelia recurrentis,chromosome,raw
